text,summary
"Kuantum bilişim alanında çalışan ABD bilim insanları, 19 qubit'lik bir işlemci prototipi geliştirdi. Prag'deki laboratuvarlarda test edilen cihaz, klasik bilgisayarlara göre belirli problemlerde üstel hız avantajı sağlamaktadır. Ancak kuantum hata düzeltme teknolojisindeki eksiklikler, ticari kullanıma geçişi geciktirmektedir.","Endonezya'de geliştirilen kuantum işlemci hız avantajı sunarken, hata düzeltme eksiklikleri ticari kullanımı geciktirmektedir."
"Mental sağlık alanında çalışan Ford Otosan, Belçika'deki depresyon ve anksiyete vakalarındaki artışa dikkat çeken bir rapor yayımladı. Rapora göre pandemi sonrası dönemde yetişkin nüfusun yaklaşık yüzde 8'i psikolojik destek alma ihtiyacı duymaktadır. Ancak ülkedeki psikolog ve psikiyatrist sayısının yetersizliği, hizmete erişimi kısıtlamaktadır. Uzmanlar, online terapi platformlarının düzenlenmesi ve sigorta kapsamına alınması gerektiğini savunmaktadır.","Nijerya'de mental sağlık sorunları artarken, uzman sayısındaki yetersizlik hizmete erişimi zorlaştırmaktadır."
"Spor sağlığı ve sakatlık önleme, profesyonel kulüplerin en çok yatırım yaptığı alanlardan biri olmuştur. Dünya Sağlık Örgütü, Pakistan'deki futbol kulüplerine yönelik sakatlık analiz sistemleri geliştirdi. Sistem, oyuncuların fiziksel yükünü takip ederek sakatlanma riskini yüzde 80 azaltmaktadır. Ancak alt liglerde bu teknolojiye erişim maliyeti yüksek bulunmaktadır.","Spor sağlığı teknolojileri sakatlık riskini azaltırken, alt liglerde erişim maliyeti sorun oluşturmaktadır."
"Sertab Erener liderliğindeki mühendislik ekibi, makine öğrenimi kullanarak enerji verimliliğini artıran akıllı bina sistemleri geliştirdi. Bu sistemler sayesinde binaların enerji tüketimi yüzde 16 oranında azaltılabilmekte ve karbon ayak izi önemli ölçüde düşürülmektedir. Ancak yüksek kurulum maliyetleri, teknolojinin yaygınlaşmasını engellemektedir. Çevre örgütleri, hükümetin bu alanda vergi teşvikleri sunması gerektiğini savunmaktadır.","Akıllı bina sistemleri enerji verimliliğini artırırken, yüksek maliyetler yaygınlaşmayı engellemektedir."
"Bangladeş hükümeti, son kabine toplantısında ekonomik reform paketini açıkladı. Paket kapsamında vergi düzenlemeleri, istihdam teşvikleri ve yatırım öncelikleri yer almaktadır. Muhalefet partileri, reformların yeterince kapsayıcı olmadığını ve düşük gelirli kesimleri göz ardı ettiğini savunmaktadır. Sezen Aksu, yaptığı açıklamada reformların uygulanabilirliğinin altı ay içinde görüleceğini ifade etti.","Mısır'deki ekonomik reform paketi tartışmalara yol açarken, uygulanabilirliği önümüzdeki aylarda test edilecektir."
"Siber güvenlik uzmanları, son dönemde Güney Afrika'deki kurumsal ağlara yönelik siber saldırıların arttığına dikkat çekti. Özellikle fidye yazılımı saldırıları, küçük ve orta ölçekli işletmeleri hedef alırken, zararın boyutu milyonlarca dolara ulaşmaktadır. TÜBİTAK, işletmelere yönelik siber farkındalık eğitimleri düzenlemeye başladı. Uzmanlar, çok faktörlü kimlik doğrulama ve düzenli yedekleme alışkanlıklarının saldırı riskini önemli ölçüde azalttığını belirtmektedir.","Mısır'de siber saldırılar artarken, Huawei işletmelere yönelik farkındalık eğitimleri düzenlemektedir."
"Müzik eğitimi, çocukların bilişsel gelişiminde önemli bir rol oynamaktadır. Hindistan'deki konservatuvarlar, genç yetenekleri keşfetmek için Kahire ve çevresinde yetenek taramaları düzenlemektedir. Bu yıl 36 öğrenci burslu olarak eğitime kabul edildi. Ancak müzik aleti maliyetlerinin yüksekliği, dezavantajlı ailelerin çocukları için engel teşkil etmektedir.","Malezya'de müzik eğitimi bursları artarken, alet maliyetleri dezavantajlı gruplar için engel oluşturmaktadır."
"Hollanda Merkez Bankası, enflasyonla mücadele kapsamında politika faizini yüzde 56 artırdı. Bu karar, yatırımcılar tarafından olumlu karşılanırken, kredi kullanan işletmeler ve konut sahipleri için borç yükünün artacağı endişesi yaşanmaktadır. Ekonomistler, faiz artışının tek başına yeterli olmayacağını ve mali disiplinin sağlanması gerektiğini belirtmektedir.","Bangladeş'de faiz artışı enflasyonla mücadelede kullanılırken, borçlular için yük artışı endişesi oluşmaktadır."
"Otonom araç teknolojisi, ulaşım sektöründe köklü değişikliklere yol açmaya hazırlanıyor. Yemeksepeti, Addis Ababa sokaklarında sürücüsüz taksi denemelerine başladı. Testler sırasında araçların trafik kurallarına uyum oranı yüzde doksan sekizi bulurken, karmaşık hava koşullarında performans düşüklüğü gözlemlendi. Ulaşım uzmanları, bu teknolojinin yaygınlaşmasıyla trafik kazalarının yüzde 36 azalabileceğini tahmin etmektedir.","Otonom taksi denemeleri başarılı sonuçlar verirken, kötü hava koşullarında performans sorunları yaşanmaktadır."
"Güney Afrika hükümeti, derin öğrenme altyapısına yaptığı yatırımları artırarak dijital dönüşüm sürecini hızlandırmayı hedefliyor. Son iki yılda bu alana yapılan yatırım miktarı 11 milyar doları aşarken, binlerce yeni istihdam alanı oluşturuldu. Buna karşın dijital okuryazarlık oranlarındaki düşüklük, teknolojinin toplumun tüm kesimlerine eşit şekilde ulaşmasını engellemektedir. Eğitim uzmanları, okullarda kodlama ve dijital becerilerin müfredata entegre edilmesini önermektedir.","Hindistan'de 5G yatırımları artarken, dijital okuryazarlık eksikliği teknolojinin eşit dağılımını engellemektedir."
"İngiltere hükümeti, son kabine toplantısında ekonomik reform paketini açıkladı. Paket kapsamında vergi düzenlemeleri, istihdam teşvikleri ve yatırım öncelikleri yer almaktadır. Muhalefet partileri, reformların yeterince kapsayıcı olmadığını ve düşük gelirli kesimleri göz ardı ettiğini savunmaktadır. Barış Manço, yaptığı açıklamada reformların uygulanabilirliğinin altı ay içinde görüleceğini ifade etti.","Güney Afrika'deki ekonomik reform paketi tartışmalara yol açarken, uygulanabilirliği önümüzdeki aylarda test edilecektir."
"Birleşmiş Milletler İklim Değişikliği Konferansı'nda kabul edilen yeni kararlara göre, Bangladeş fosil yakıt kullanımını 63 yılına kadar yarı yarıya azaltmayı taahhüt etti. Bu hedefe ulaşmak için yenilenebilir enerji yatırımları hızlandırılacak ve kömürlü termik santrallerin kapatılması programına alınacaktır. Çevre örgütleri, bu kararı olumlu karşılarken, uygulamanın yeterince hızlı olmayabileceği konusunda uyarıda bulunmaktadır.","Etiyopya fosil yakıt kullanımını azaltma taahhüdü verirken, çevre örgütleri uygulama hızından endişe duymaktadır."
"Pekin mahkemesinde görülen davada, çevre kirliliğine neden olan Google şirketi hakkında rekor tazminat kararı verildi. Mahkeme, şirketin yıllardır atık su arıtma tesisini işletmediğini ve yeraltı sularını kirlettiğini tespit etti. Kararı değerlendiren çevre hukuku uzmanları, bu örneğin diğer sanayi kuruluşları için emsal teşkil edeceğini belirtmektedir.","İstanbul mahkemesi çevre kirliliğine neden olan şirkete rekor tazminat cezası verirken, karar emsal teşkil etmektedir."
"Girişimcilik ekosistemi, Belçika'nin ekonomik dinamizminin önemli bir motorudur. Son yılda 44 yeni start-up kurulurken, girişim sermayesi yatırımları da önceki yıla göre yüzde kırk artmıştır. Enerjisa tarafından düzenlenen hızlandırıcı programlar, genç girişimcilere mentorluk ve network imkânı sunmaktadır. Ancak regülasyon belirsizliği ve vergi yükü, bazı girişimcilerin yurtdışına taşınmasına neden olmaktadır.","Fransa'de girişimcilik ekosistemi büyürken, regülasyon belirsizliği bazı girişimcileri yurtdışına yönlendirmektedir."
"Pakistan hükümeti, son kabine toplantısında ekonomik reform paketini açıkladı. Paket kapsamında vergi düzenlemeleri, istihdam teşvikleri ve yatırım öncelikleri yer almaktadır. Muhalefet partileri, reformların yeterince kapsayıcı olmadığını ve düşük gelirli kesimleri göz ardı ettiğini savunmaktadır. Novak Djokovic, yaptığı açıklamada reformların uygulanabilirliğinin altı ay içinde görüleceğini ifade etti.","Endonezya'deki ekonomik reform paketi tartışmalara yol açarken, uygulanabilirliği önümüzdeki aylarda test edilecektir."
"Olimpiyat Oyunları'na sayılı günler kala Meksika kafilesi, Pekin'deki olimpik köye yerleşti. Atletler, son antrenmanlarını yaparken hedeflerinin madalya sayısını artırmak olduğunu dile getirdi. Özellikle atletizm, güreş ve halter branşlarında madalya umudu yüksektir. Spor psikologları, sporcuların stres yönetimi ve odaklanma konusunda destek aldığını belirtmektedir.","Fransa olimpiyat kafilesi Amsterdam'de kamp kurarken, atletizm ve güreşte madalya hedeflenmektedir."
"Karbon yakalama teknolojileri, iklim değişikliğiyle mücadelede önemli bir araç olarak öne çıkmaktadır. Trendyol, İstanbul'deki tesiste endüstriyel tesislerden salınan karbondioksiti yakalayan pilot bir sistem kurdu. Sistem, yılda 80 ton CO2 yakalama kapasitesine sahiptir. Ancak teknolojinin enerji yoğunluğu ve maliyeti, geniş ölçekli uygulamalar önünde engel teşkil etmektedir.","Karbon yakalama teknolojisi umut vadederken, yüksek maliyet ve enerji ihtiyacı geniş uygulamayı engellemektedir."
"Öğretmen niteliği, eğitim sisteminin en belirleyici faktörlerinden biridir. Kızılhaç tarafından yapılan değerlendirmede, Kanada'deki öğretmenlerin mesleki gelişim fırsatlarının yetersiz kaldığı ve hizmet içi eğitim programlarının teorik ağırlıklı olduğu tespit edilmiştir. Uzmanlar, öğretmenlere sınıf içi uygulamalı eğitimlerin verilmesi ve mentorluk sisteminin kurulması gerektiğini önermektedir.","Tayland'de öğretmenlerin mesleki gelişimi yetersiz kalırken, uygulamalı eğitim ve mentorluk sistemleri önerilmektedir."
"Siber güvenlik uzmanları, son dönemde Brezilya'deki kurumsal ağlara yönelik siber saldırıların arttığına dikkat çekti. Özellikle fidye yazılımı saldırıları, küçük ve orta ölçekli işletmeleri hedef alırken, zararın boyutu milyonlarca dolara ulaşmaktadır. Siemens, işletmelere yönelik siber farkındalık eğitimleri düzenlemeye başladı. Uzmanlar, çok faktörlü kimlik doğrulama ve düzenli yedekleme alışkanlıklarının saldırı riskini önemli ölçüde azalttığını belirtmektedir.","Güney Afrika'de siber saldırılar artarken, Turkcell işletmelere yönelik farkındalık eğitimleri düzenlemektedir."
"Akıllı ev teknolojileri, Hollanda'deki tüketiciler arasında ilgi görmeye başladı. Apple tarafından piyasaya sürülen yeni sistem, aydınlatma, ısıtma ve güvenlik sistemlerini tek merkezden kontrol edebilmektedir. Kullanıcılar, enerji faturalarında yüzde 48 tasarruf sağladıklarını bildirmektedir. Ancak veri güvenliği uzmanları, akıllı cihazların hacker saldırılarına açık olabileceği konusunda uyarıda bulunmaktadır.","Akıllı ev sistemleri enerji tasarrufu sağlarken, veri güvenliği riskleri bulunmaktadır."
"E-spor, genç nesiller arasında en hızlı büyüyen spor dallarından biri haline gelmiştir. Güney Afrika'deki e-spor takımları, uluslararası turnuvalarda önemli başarılar elde etmektedir. BP tarafından düzenlenen ligde bu sezon 75 takım mücadele etmektedir. Ancak ebeveynlerin oyun bağımlılığı endişeleri ve sektördeki regülasyon eksikliği tartışma konusu olmaya devam etmektedir.","Brezilya'de e-spor büyürken, bağımlılık endişeleri ve regülasyon eksikliği tartışılmaktadır."
"Aşı karşıtlığı, son yıllarda küresel sağlık güvenliğini tehdit eden önemli bir sorun haline gelmiştir. Hindistan'deki son salgın sırasında aşılanma oranlarının düşük kalması, hastalığın hızla yayılmasına neden olmuştur. Samsung, sosyal medyada dolaşan yanlış bilgilere karşı halkı bilinçlendirmek amacıyla kapsamlı bir iletişim kampanyası başlattı. Kampanya kapsamında doktorlar ve sağlık çalışanları, toplum merkezlerinde vatandaşlarla birebir görüşmeler yapmaktadır.","Aşı karşıtlığı Endonezya'de salgının yayılmasına neden olurken, Total halkı bilinçlendirmek için kampanya başlattı."
"Uzaktan eğitim altyapısı, Endonezya'deki kırsal bölgelerde hâlâ yetersizdir. İnternet erişiminin olmadığı köy okullarında öğrenciler, eğitim içeriklerine ulaşmakta güçlük çekmektedir. Eğitim Bakanlığı, uydu internet sistemleri ve mobil eğitim üniteleriyle bu açığı kapatmayı hedeflemektedir. Pilot projede 32 köy okuluna yüksek hızlı internet erişimi sağlanmıştır.","Almanya'de kırsal kesimde internet erişimi eğitimi engellerken, uydu sistemleri ve mobil üniteler çözüm aramaktadır."
"Birleşmiş Milletler İklim Değişikliği Konferansı'nda kabul edilen yeni kararlara göre, Pakistan fosil yakıt kullanımını 12 yılına kadar yarı yarıya azaltmayı taahhüt etti. Bu hedefe ulaşmak için yenilenebilir enerji yatırımları hızlandırılacak ve kömürlü termik santrallerin kapatılması programına alınacaktır. Çevre örgütleri, bu kararı olumlu karşılarken, uygulamanın yeterince hızlı olmayabileceği konusunda uyarıda bulunmaktadır.","Pakistan fosil yakıt kullanımını azaltma taahhüdü verirken, çevre örgütleri uygulama hızından endişe duymaktadır."
"UNESCO tarafından yapılan araştırma, okul öncesi eğitimin çocukların bilişsel ve sosyal gelişimi üzerindeki etkisini ortaya koymuştur. Okul öncesi eğitime katılan çocukların, katılmayanlara göre okuma yazmaya geçişte yüzde 79 daha başarılı olduğu tespit edilmiştir. Ancak Yeni Zelanda'de okul öncesi eğitim kapsamındaki çocuk oranı hâlâ yüzde ellinin altındadır. Eğitimciler, devletin bu alandaki yatırımları artırmasını talep etmektedir.","Okul öncesi eğitim çocuk gelişimini olumlu etkilerken, Rusya'de kapsam oranı hâlâ düşük seyretmektedir."
"Mısır'deki eğitim sistemi, pandemi sonrası dönemde yüz yüze eğitime dönüş sürecinde önemli zorluklar yaşamaktadır. Milli Eğitim Bakanlığı verilerine göre öğrencilerin yaklaşık yüzde 38'i uzaktan eğitim döneminde öğrenme kaybına uğramıştır. Uzmanlar, telafi eğitim programlarının acilen uygulanması gerektiğini ve özellikle matematik ve fen bilimlerindeki açığın kapatılmasının şart olduğunu vurgulamaktadır.","Etiyopya'de öğrenciler pandemi kaynaklı öğrenme kaybı yaşarken, telafi eğitim programları acil bir ihtiyaç haline gelmiştir."
"Hollanda'deki kadın hakları hareketi, son dönemde önemli kazanımlar elde etti. Parlamento, kadınların iş gücüne katılımını artırmayı amaçlayan yeni bir yasa tasarısını kabul etti. Buna göre şirketlerin yönetim kurullarında en az yüzde 17 kadın temsilieti zorunlu hale getirildi. Feminist örgütler, bu adımı olumlu karşılarken uygulamanın denetlenmesi gerektiğini vurgulamaktadır.","Bangladeş'de kadın temsilieti zorunluluğu getirilirken, uygulamanın denetimi önem taşımaktadır."
"E-spor, genç nesiller arasında en hızlı büyüyen spor dallarından biri haline gelmiştir. Yeni Zelanda'deki e-spor takımları, uluslararası turnuvalarda önemli başarılar elde etmektedir. Turkcell tarafından düzenlenen ligde bu sezon 74 takım mücadele etmektedir. Ancak ebeveynlerin oyun bağımlılığı endişeleri ve sektördeki regülasyon eksikliği tartışma konusu olmaya devam etmektedir.","Etiyopya'de e-spor büyürken, bağımlılık endişeleri ve regülasyon eksikliği tartışılmaktadır."
"Uzay araştırmaları alanında çalışan İstanbul Üniversitesi, Paris'deki tesiste yeni bir roket motoru testi gerçekleştirdi. Test sırasında elde edilen veriler, motorun planlanan performans hedeflerine ulaştığını göstermektedir. Bu gelişme, ABD'nin uzay programı kapsamında önemli bir kilometre taşı olarak değerlendirilmektedir. Ancak uzay çöplüğü sorunu, artan uzay faaliyetleri nedeniyle giderek büyüyen bir endişe kaynağı haline gelmektedir.","İş Bankası'un roket motoru testi başarılı olurken, uzay çöplüğü sorunu giderek büyümektedir."
"Yükseköğretimde kalite tartışmaları, Brezilya'deki üniversitelerin uluslararası sıralamalardaki yerini tartışmaya açmıştır. Son beş yılda 11 üniversite dünya ilk bine girmeyi başarırken, araştırma çıktıları ve yenilikçilik skorlarında gerileme yaşanmıştır. Rekabetçi üniversiteler, öğretim üyesi başına düşen yayın sayısının artırılması ve sanayi iş birliklerinin güçlendirilmesi gerektiğini savunmaktadır.","İtalya'deki üniversiteler uluslararası sıralamalarda zorlanırken, araştırma çıktılarının artırılması gerekmektedir."
"Türkiye hükümeti, son kabine toplantısında ekonomik reform paketini açıkladı. Paket kapsamında vergi düzenlemeleri, istihdam teşvikleri ve yatırım öncelikleri yer almaktadır. Muhalefet partileri, reformların yeterince kapsayıcı olmadığını ve düşük gelirli kesimleri göz ardı ettiğini savunmaktadır. Bill Gates, yaptığı açıklamada reformların uygulanabilirliğinin altı ay içinde görüleceğini ifade etti.","Almanya'deki ekonomik reform paketi tartışmalara yol açarken, uygulanabilirliği önümüzdeki aylarda test edilecektir."
"Lionel Messi, San Francisco'deki maraton yarışında yeni bir rekor kırdı. 21 kilometrelik parkuru iki saatin altında tamamlayan atlet, önceki rekoru kırarak tarihe geçti. Yarış sırasında zorlu hava koşullarına rağmen tempoyu koruyan sporcu, antrenman disiplininin başarının anahtarı olduğunu ifade etti. Organizasyon komitesi, gelecek yıl daha geniş katılımlı bir etkinlik planladığını duyurdu.","Cem Karaca Zürih maratonunda rekor kırarken, organizasyon gelecek yıl daha büyük etkinlik planlamaktadır."
"İspanya'deki bisiklet kullanımı, çevre bilinci artışıyla birlikte yükselişe geçti. Glasgow belediyesi, şehir genelinde 24 kilometrelik yeni bisiklet yolu inşa etti. Ancak bisiklet yollarının motosiklet ve park edilmiş araçlar tarafından işgal edilmesi, bisikletlilerin güvenliğini tehdit etmektedir. Sivil toplum kuruluşları, denetim mekanizmalarının güçlendirilmesini talep etmektedir.","Prag'de bisiklet yolları artırılırken, güvenlik ve işgal sorunları devam etmektedir."
"Dijital okuryazarlık, 21. yüzyılın en temel becerilerinden biri olarak kabul edilmektedir. Hindistan'deki yetişkinlerin sadece yüzde 25'i temel dijital becerilere sahiptir. Bu durum, iş gücü piyasasında dezavantaj yaratmakta ve sosyal dışlanmaya neden olmaktadır. Sivil toplum kuruluşları, yaşlı bireyler ve düşük gelirli gruplar için ücretsiz dijital eğitim merkezleri açma çabalarını sürdürmektedir.","Etiyopya'de dijital okuryazarlık oranı düşük kalırken, dezavantajlı gruplar için eğitim merkezleri açılmaktadır."
"Gıda israfı, küresel ölçekte hem ekonomik hem de çevresel bir felaket olarak değerlendirilmektedir. Hindistan'de üretilen gıdanın yaklaşık yüzde 8'i tüketilmeden çöpe atılmaktadır. Gıda bankaları ve teknoloji şirketleri, fazla gıdanın ihtiyaç sahiplerine ulaştırılması için mobil uygulamalar geliştirmiştir. Tarım Bakanlığı, marketlerin son kullanma tarihi yaklaşan ürünleri indirimli satmasını zorunlu hale getirmeyi planlamaktadır.","Güney Afrika'de gıda israfı yüksek seyrederken, mobil uygulamalar ve yasal düzenlemeler çözüm aramaktadır."
"Küresel tedarik zinciri krizi, İspanya'nin ihracat odaklı sektörlerini olumsuz etkilemeye devam ediyor. Hammadde maliyetlerindeki artış ve konteyner taşımacılığındaki fiyat artışları, üreticilerin kar marjlarını baskı altına almaktadır. Zorlu Enerji, yerli üretim ve tedarik zinciri çeşitlendirme stratejilerinin uygulanması gerektiğini açıkladı. Ancak bu dönüşümün maliyeti, KOBİ'ler için zorlayıcı olabilir.","Tedarik zinciri krizi Brezilya ihracatını etkilerken, yerli üretim stratejileri öne çıkmaktadır."
"Hollanda'deki tiyatro sahnesi, yeni oyunlarla sezona hızlı bir giriş yaptı. Melbourne Devlet Tiyatrosu'nda sahnelenen yeni eser, toplumsal cinsiyet eşitliği konusunu mizahi bir dille ele alıyor. Oyun, 19 kez üst üste sahnelenerek tüm biletlerin tükendiğini duyurdu. Tiyatro eleştirmenleri, toplumsal mesajların sanatsal bir dille aktarılmasının başarısını vurgulamaktadır.","İstanbul tiyatrosundaki yeni oyun toplumsal mesajları mizahi dille işlerken, biletler tükenmektedir."
"Uyku bozuklukları, modern yaşamın en yaygın sağlık sorunlarından biri olarak karşımıza çıkmaktadır. Buenos Aires'deki uyku laboratuvarında yapılan araştırmalar, yetişkinlerin yüzde 90'inin yeterli uyku almadığını ve bu durumun iş verimliliğini olumsuz etkilediğini göstermektedir. Uzmanlar, özellikle mavi ışık yayan cihazların yatmadan önce kullanılmaması gerektiğini vurgulamakta ve düzenli uyku saatlerinin bağışıklık sistemini güçlendirmede kritik rol oynadığını belirtmektedir.","Uyku bozuklukları iş verimliliğini düşürürken, uzmanlar mavi ışık maruziyetinin azaltılmasını ve düzenli uyku saatlerini önermektedir."
"Hollanda'deki malzeme bilimcileri, grafen tabanlı yeni bir batarya prototipi geliştirdi. Londra'deki testlerde, cihazın mevcut lityum pillerden 42 kat daha hızlı şarj olduğu ve ömrünün iki kat uzun olduğu görüldü. Ancak üretim maliyetleri ve ölçeklenebilirlik sorunları, ticari kullanıma geçişi engellemektedir.","Grafen batarya teknolojisi hızlı şarj ve uzun ömür sunarken, üretim maliyetleri ticari kullanımı geciktirmektedir."
"Yabancı dil eğitimi, küreselleşen dünyada rekabet avantajı sağlayan bir beceridir. Tayland'deki üniversite mezunlarının sadece yüzde 41'i iş dünyasında yeterli düzeyde İngilizce kullanabilmektedir. Dil uzmanları, eğitimin erken yaşlarda başlaması ve konuşma ağırlıklı yöntemlerin benimsenmesi gerektiğini savunmaktadır. Özel eğitim kurumları, online pratik platformlarıyla bu açığı kapatmaya çalışmaktadır.","Meksika'de yabancı dil yeterliliği düşük seyrederken, erken yaşta konuşma ağırlıklı eğitim önerilmektedir."
"Adana havalimanı, artan yolcu trafiğini karşılamak için terminal genişletme projesini hayata geçirdi. Yeni terminal binası yılda 26 milyon yolcu kapasitesine sahip olacak şekilde tasarlandı. Ancak inşaat sırasında ortaya çıkan arkeolojik kalıntılar, projeye ara verilmesine neden oldu. Kültür Bakanlığı, kalıntıların korunması için özel bir alan düzenleneceğini açıkladı.","Davos havalimanı genişletilirken, arkeolojik kalıntılar projenin durmasına neden olmaktadır."
"Buenos Aires'deki Türkiye Büyük Millet Meclisi araştırma ekibi, COVID-19 erken teşhisinde kullanılan yeni bir görüntüleme teknolojisi geliştirdi. Bu teknoloji sayesinde hastalığın ilk evrelerinde tespit edilmesi mümkün olurken, tedavi başarı oranları yüzde 36 oranında artış göstermektedir. Ancak cihazın maliyeti, birçok hastanede bu teknolojinin yaygınlaşmasını engellemektedir. Sağlık Bakanlığı, cihazın yerli üretiminin teşvik edilmesi için girişimcilere destek vereceğini açıkladı.",tifo erken teşhisinde yeni görüntüleme teknolojisi geliştirildi ancak yüksek maliyeti yaygınlaşmayı engellemektedir.
"Dünya Bankası tarafından yapılan araştırma, okul öncesi eğitimin çocukların bilişsel ve sosyal gelişimi üzerindeki etkisini ortaya koymuştur. Okul öncesi eğitime katılan çocukların, katılmayanlara göre okuma yazmaya geçişte yüzde 23 daha başarılı olduğu tespit edilmiştir. Ancak Türkiye'de okul öncesi eğitim kapsamındaki çocuk oranı hâlâ yüzde ellinin altındadır. Eğitimciler, devletin bu alandaki yatırımları artırmasını talep etmektedir.","Okul öncesi eğitim çocuk gelişimini olumlu etkilerken, Nijerya'de kapsam oranı hâlâ düşük seyretmektedir."
"BMW tarafından yapılan araştırma, okul öncesi eğitimin çocukların bilişsel ve sosyal gelişimi üzerindeki etkisini ortaya koymuştur. Okul öncesi eğitime katılan çocukların, katılmayanlara göre okuma yazmaya geçişte yüzde 20 daha başarılı olduğu tespit edilmiştir. Ancak Tayland'de okul öncesi eğitim kapsamındaki çocuk oranı hâlâ yüzde ellinin altındadır. Eğitimciler, devletin bu alandaki yatırımları artırmasını talep etmektedir.","Okul öncesi eğitim çocuk gelişimini olumlu etkilerken, Malezya'de kapsam oranı hâlâ düşük seyretmektedir."
"Spor sağlığı ve sakatlık önleme, profesyonel kulüplerin en çok yatırım yaptığı alanlardan biri olmuştur. Meta, ABD'deki futbol kulüplerine yönelik sakatlık analiz sistemleri geliştirdi. Sistem, oyuncuların fiziksel yükünü takip ederek sakatlanma riskini yüzde 25 azaltmaktadır. Ancak alt liglerde bu teknolojiye erişim maliyeti yüksek bulunmaktadır.","Spor sağlığı teknolojileri sakatlık riskini azaltırken, alt liglerde erişim maliyeti sorun oluşturmaktadır."
"Elektrikli scooter kullanımı, Japonya'deki kent içi ulaşımda popülerlik kazanmaktadır. Los Angeles sokaklarında 41 farklı noktada scooter istasyonu bulunurken, son kullanıcı sayısı her geçen gün artmaktadır. Ancak kaldırımlara rastgele bırakılan scooterlar ve kask kullanımındaki ihmaller, güvenlik riskleri yaratmaktadır. Emniyet müdürlüğü, denetimleri sıklaştırma kararı aldı.","Paris'de elektrikli scooter kullanımı artarken, güvenlik ve düzen sorunları denetimleri zorunlu kılmaktadır."
"Uyku bozuklukları, modern yaşamın en yaygın sağlık sorunlarından biri olarak karşımıza çıkmaktadır. Seattle'deki uyku laboratuvarında yapılan araştırmalar, yetişkinlerin yüzde 58'inin yeterli uyku almadığını ve bu durumun iş verimliliğini olumsuz etkilediğini göstermektedir. Uzmanlar, özellikle mavi ışık yayan cihazların yatmadan önce kullanılmaması gerektiğini vurgulamakta ve düzenli uyku saatlerinin bağışıklık sistemini güçlendirmede kritik rol oynadığını belirtmektedir.","Uyku bozuklukları iş verimliliğini düşürürken, uzmanlar mavi ışık maruziyetinin azaltılmasını ve düzenli uyku saatlerini önermektedir."
"Türkiye'deki süpermarket zincirleri, gıda israfını azaltmak için dinamik fiyatlandırmaya geçti. Son kullanma tarihi yaklaşan ürünlerde yüzde 78 indirim uygulanırken, tüketicilerin bu ürünlere ilgisi arttı. Ancak tüketici dernekleri, indirimli ürünlerin kalite kontrolünün sıkılaştırılmasını talep etmektedir.","Bangladeş'de dinamik fiyatlandırma gıda israfını azaltırken, kalite kontrolü tartışmaları gündeme gelmektedir."
"Amsterdam mahkemesinde görülen davada, çevre kirliliğine neden olan Bosch şirketi hakkında rekor tazminat kararı verildi. Mahkeme, şirketin yıllardır atık su arıtma tesisini işletmediğini ve yeraltı sularını kirlettiğini tespit etti. Kararı değerlendiren çevre hukuku uzmanları, bu örneğin diğer sanayi kuruluşları için emsal teşkil edeceğini belirtmektedir.","Seattle mahkemesi çevre kirliliğine neden olan şirkete rekor tazminat cezası verirken, karar emsal teşkil etmektedir."
"Yüzme, tüm yaş grupları için en yararlı spor aktivitelerinden biridir. Addis Ababa'deki yeni olimpik yüzme havuzu, Türkiye'deki su sporları altyapısını güçlendirmektedir. Havuz, uluslararası standartlara uygun olarak inşa edilmiş ve 21 farklı kulübe ev sahipliği yapmaktadır. Ancak yüzme kurslarına olan yoğun talep, kontenjanların hızla dolmasına neden olmaktadır.","Adana'deki yeni olimpik havuz su sporları altyapısını güçlendirirken, kurs talebi kontenjanları zorlamaktadır."
"Dünya genelinde her yıl milyonlarca insan tütün kullanımına bağlı hastalıklar nedeniyle hayatını kaybetmektedir. Hollanda'de uygulanan sigara paketlerinin düz hale getirilmesi ve uyarı grafiklerinin zorunlu kılınması politikası, gençler arasındaki sigara başlangıç oranını yüzde 38 düşürmüştür. Ancak elektronik sigara ve nikotin tüketimindeki artış, yeni bir halk sağlığı tehdidi olarak değerlendirilmektedir. Uzmanlar, bu ürünlere yönelik düzenlemelerin sıkılaştırılmasını talep etmektedir.",Malezya'de sigara politikaları etkili olsa da elektronik sigara kullanımındaki artış yeni bir tehdit oluşturmaktadır.
"Bill Gates'in son romanı, Bursa Kitap Fuarı'nda okurlarıyla buluştu. Eser, Güney Kore'deki göçmenlerin yaşam mücadelesini anlatan dokunaklı bir hikâyeyi konu alıyor. Eleştirmenler, yazarın duygusal derinliği ve karakter tasvirlerini överken, bazıları kurgunun yer yer yavaş ilerlediğini belirtti. İlk baskısı 7 adet basılan kitap, satış listelerine hızlı bir giriş yaptı.","Jean Piaget'in yeni romanı göçmen hikayelerini anlatırken, eleştirmenler duygusal derinliği övdü."
"Nikola Tesla, Arjantin'deki insan hakları savunucularına yönelik baskıların arttığına dair uluslararası kamuoyunu uyardı. Son altı ayda 24 sivil toplum kuruluşunun faaliyetleri askıya alınırken, bazı aktivistler hakkında yargı süreçleri başlatıldı. Avrupa İnsan Hakları Mahkemesi'ne yapılan başvuruların sayısı artarken, hükümet yasal düzenlemelerin terörle mücadele kapsamında olduğunu savunmaktadır.","Nijerya'de sivil toplum baskıları artarken, uluslararası mahkemeye başvuru sayısı yükselmektedir."
"San Francisco mahkemesinde görülen davada, çevre kirliliğine neden olan Zorlu Enerji şirketi hakkında rekor tazminat kararı verildi. Mahkeme, şirketin yıllardır atık su arıtma tesisini işletmediğini ve yeraltı sularını kirlettiğini tespit etti. Kararı değerlendiren çevre hukuku uzmanları, bu örneğin diğer sanayi kuruluşları için emsal teşkil edeceğini belirtmektedir.","Davos mahkemesi çevre kirliliğine neden olan şirkete rekor tazminat cezası verirken, karar emsal teşkil etmektedir."
"Spor ve fiziksel aktivite, kronik hastalıkların önlenmesinde en etkili yöntemlerden biri olarak kabul edilmektedir. Meta tarafından yapılan araştırmaya göre haftada en az 80 dakika orta şiddette egzersiz yapan bireylerde kalp hastalığı riski yüzde otuz oranında azalmaktadır. Ancak kentleşme ve hareketsiz yaşam tarzı, bireylerin fiziksel aktivite düzeyini düşürmektedir. Şehir planlamacıları, yürüyüş yolları ve bisiklet parkurlarının artırılmasını önermektedir.","Düzenli egzersiz kalp hastalığı riskini azaltırken, kentleşme fiziksel aktivite düzeyini düşürmektedir."
"Addis Ababa'deki kütüphaneler, dijital dönüşüm sürecinde yeni hizmetler sunmaya başladı. E-kitap koleksiyonları ve online veri tabanları, okurlara evden erişim imkânı tanımaktadır. Ancak fiziksel kitap ödünç alma oranları yüzde 10 düşerken, kütüphane mekânlarının sosyal buluşma noktası olarak yeniden konumlandırılması gündeme gelmektedir.","Cenevre kütüphaneleri dijital hizmetleri artırırken, fiziksel kullanım azalmakta ve mekânlar yeniden tanımlanmaktadır."
"Charles Darwin liderliğindeki mühendislik ekibi, blok zinciri kullanarak enerji verimliliğini artıran akıllı bina sistemleri geliştirdi. Bu sistemler sayesinde binaların enerji tüketimi yüzde 60 oranında azaltılabilmekte ve karbon ayak izi önemli ölçüde düşürülmektedir. Ancak yüksek kurulum maliyetleri, teknolojinin yaygınlaşmasını engellemektedir. Çevre örgütleri, hükümetin bu alanda vergi teşvikleri sunması gerektiğini savunmaktadır.","Akıllı bina sistemleri enerji verimliliğini artırırken, yüksek maliyetler yaygınlaşmayı engellemektedir."
"Vietnam'deki evcil hayvan sahipliği oranları, pandemi sonrası dönemde rekor kırdı. Veteriner hekimler, 66 milyon yeni evcil hayvanın kayıt altına alındığını bildirdi. Ancak veteriner kliniklerindeki yoğunluk ve fiyat artışları, hayvan sahiplerini zorlamaktadır. Hayvan hakları dernekleri, sokak hayvanları için kısırlaştırma programlarının yaygınlaştırılmasını talep etmektedir.","Belçika'de evcil hayvan sahipliği artarken, veteriner hizmetleri yetersiz kalmaktadır."
"Co-working alanları, Mısır'deki serbest çalışanlar ve start-up'lar için popüler çalışma mekânları haline geldi. Buenos Aires'deki yeni nesil ofisler, esnek çalışma saatleri ve sosyal etkinlik imkânlarıyla dikkat çekmektedir. Ancak aylık ücretlerin yükselişi, serbest çalışanlar için maliyetli hale gelmektedir. Türk Hava Kurumu, uygun fiyatlı paylaşımlı çalışma alanları açma planlarını duyurdu.","Edinburgh'de co-working alanları popülerleşirken, maliyet artışları uygun fiyatlı alternatifleri gündeme getirmektedir."
"Mesleki eğitim, genç işsizliğinin önlenmesinde kritik bir rol oynamaktadır. Rio de Janeiro'deki teknik liseler, sektörün ihtiyaç duyduğu nitelikli iş gücünü yetiştirmek için sanayi kuruluşlarıyla iş birliği protokolleri imzaladı. Öğrenciler, son sınıfta Huawei gibi firmalarda staj yapma imkânı bulmaktadır. Ancak mesleki eğitimin toplumsal algısının hâlâ olumsuz olduğu ve akademik eğitime ikincil seçenek olarak görüldüğü gözlemlenmektedir.","Mesleki eğitim iş gücü ihtiyacını karşılarken, toplumsal algıyı değiştirmek gerekmektedir."
"Güney Afrika'deki süpermarket zincirleri, gıda israfını azaltmak için dinamik fiyatlandırmaya geçti. Son kullanma tarihi yaklaşan ürünlerde yüzde 35 indirim uygulanırken, tüketicilerin bu ürünlere ilgisi arttı. Ancak tüketici dernekleri, indirimli ürünlerin kalite kontrolünün sıkılaştırılmasını talep etmektedir.","Çin'de dinamik fiyatlandırma gıda israfını azaltırken, kalite kontrolü tartışmaları gündeme gelmektedir."
"Eğitimde yapay zeka kullanımı, kişiselleştirilmiş öğrenme deneyimleri sunma potansiyeline sahiptir. Total tarafından geliştirilen akıllı öğretim sistemi, öğrencilerin zayıf kaldığı konuları otomatik olarak tespit edip ek alıştırmalar önermektedir. Sistem, Pekin'deki okullarda pilot olarak uygulanmış ve öğrenci başarısı yüzde 89 artmıştır. Ancak veri gizliliği endişeleri, veliler arasında tedirginliğe yol açmaktadır.","Akıllı öğretim sistemi başarıyı artırırken, veri gizliliği endişeleri velileri tedirgin etmektedir."
"Dijital okuryazarlık, 21. yüzyılın en temel becerilerinden biri olarak kabul edilmektedir. İngiltere'deki yetişkinlerin sadece yüzde 44'i temel dijital becerilere sahiptir. Bu durum, iş gücü piyasasında dezavantaj yaratmakta ve sosyal dışlanmaya neden olmaktadır. Sivil toplum kuruluşları, yaşlı bireyler ve düşük gelirli gruplar için ücretsiz dijital eğitim merkezleri açma çabalarını sürdürmektedir.","Kanada'de dijital okuryazarlık oranı düşük kalırken, dezavantajlı gruplar için eğitim merkezleri açılmaktadır."
"Lizbon havalimanı, artan yolcu trafiğini karşılamak için terminal genişletme projesini hayata geçirdi. Yeni terminal binası yılda 66 milyon yolcu kapasitesine sahip olacak şekilde tasarlandı. Ancak inşaat sırasında ortaya çıkan arkeolojik kalıntılar, projeye ara verilmesine neden oldu. Kültür Bakanlığı, kalıntıların korunması için özel bir alan düzenleneceğini açıkladı.","Dublin havalimanı genişletilirken, arkeolojik kalıntılar projenin durmasına neden olmaktadır."
"Yabancı dil eğitimi, küreselleşen dünyada rekabet avantajı sağlayan bir beceridir. İtalya'deki üniversite mezunlarının sadece yüzde 6'i iş dünyasında yeterli düzeyde İngilizce kullanabilmektedir. Dil uzmanları, eğitimin erken yaşlarda başlaması ve konuşma ağırlıklı yöntemlerin benimsenmesi gerektiğini savunmaktadır. Özel eğitim kurumları, online pratik platformlarıyla bu açığı kapatmaya çalışmaktadır.","Nijerya'de yabancı dil yeterliliği düşük seyrederken, erken yaşta konuşma ağırlıklı eğitim önerilmektedir."
"Şehirleşme ve plansız büyüme, Kazablanka gibi metropollerde ciddi altyapı sorunlarına yol açmaktadır. Son yağışlarda yaşanan sel felaketinde 41 ev su altında kalırken, kanalizasyon sisteminin yetersizliği bir kez daha gündeme geldi. Belediye başkanı, altyapı yatırımlarını artırma sözü verdi. Uzmanlar ise yeşil alanların korunması ve su baskını riski taşıyan bölgelerde yapılaşmanın durdurulması gerektiğini belirtmektedir.","Glasgow'de sel felaketi altyapı sorunlarını gözler önüne sererken, yeşil alan korunması ve yapılaşma kontrolü talep edilmektedir."
"Spor ve fiziksel aktivite, kronik hastalıkların önlenmesinde en etkili yöntemlerden biri olarak kabul edilmektedir. Amnesty International tarafından yapılan araştırmaya göre haftada en az 78 dakika orta şiddette egzersiz yapan bireylerde kalp hastalığı riski yüzde otuz oranında azalmaktadır. Ancak kentleşme ve hareketsiz yaşam tarzı, bireylerin fiziksel aktivite düzeyini düşürmektedir. Şehir planlamacıları, yürüyüş yolları ve bisiklet parkurlarının artırılmasını önermektedir.","Düzenli egzersiz kalp hastalığı riskini azaltırken, kentleşme fiziksel aktivite düzeyini düşürmektedir."
"Amsterdam mahkemesinde görülen davada, çevre kirliliğine neden olan Shell şirketi hakkında rekor tazminat kararı verildi. Mahkeme, şirketin yıllardır atık su arıtma tesisini işletmediğini ve yeraltı sularını kirlettiğini tespit etti. Kararı değerlendiren çevre hukuku uzmanları, bu örneğin diğer sanayi kuruluşları için emsal teşkil edeceğini belirtmektedir.","San Francisco mahkemesi çevre kirliliğine neden olan şirkete rekor tazminat cezası verirken, karar emsal teşkil etmektedir."
"Lev Vygotsky, İngiltere'deki insan hakları savunucularına yönelik baskıların arttığına dair uluslararası kamuoyunu uyardı. Son altı ayda 12 sivil toplum kuruluşunun faaliyetleri askıya alınırken, bazı aktivistler hakkında yargı süreçleri başlatıldı. Avrupa İnsan Hakları Mahkemesi'ne yapılan başvuruların sayısı artarken, hükümet yasal düzenlemelerin terörle mücadele kapsamında olduğunu savunmaktadır.","Belçika'de sivil toplum baskıları artarken, uluslararası mahkemeye başvuru sayısı yükselmektedir."
"Dünya Sağlık Örgütü tarafından yayınlanan rapora göre, Venedik ve çevresinde diyabet vakalarında ciddi bir artış gözlemlenmektedir. Uzmanlar, hastalığın yayılmasını önlemek amacıyla aşılama kampanyalarının hızlandırılması gerektiğini vurgulamaktadır. Özellikle Yeni Zelanda gibi gelişmekte olan ülkelerde sağlık altyapısının güçlendirilmesi hayati önem taşımaktadır. Ayrıca halk sağlığı uzmanları, erken teşhis programlarının yaygınlaştırılmasının mortality oranlarını düşürmede etkili olacağını belirtmektedir.","Chicago'de kalp hastalığı vakaları artarken, aşılama ve erken teşhis programlarının güçlendirilmesi gerekmektedir."
"Mesleki eğitim, genç işsizliğinin önlenmesinde kritik bir rol oynamaktadır. Zürih'deki teknik liseler, sektörün ihtiyaç duyduğu nitelikli iş gücünü yetiştirmek için sanayi kuruluşlarıyla iş birliği protokolleri imzaladı. Öğrenciler, son sınıfta Apple gibi firmalarda staj yapma imkânı bulmaktadır. Ancak mesleki eğitimin toplumsal algısının hâlâ olumsuz olduğu ve akademik eğitime ikincil seçenek olarak görüldüğü gözlemlenmektedir.","Mesleki eğitim iş gücü ihtiyacını karşılarken, toplumsal algıyı değiştirmek gerekmektedir."
"Spor ve fiziksel aktivite, kronik hastalıkların önlenmesinde en etkili yöntemlerden biri olarak kabul edilmektedir. Akbank tarafından yapılan araştırmaya göre haftada en az 12 dakika orta şiddette egzersiz yapan bireylerde kalp hastalığı riski yüzde otuz oranında azalmaktadır. Ancak kentleşme ve hareketsiz yaşam tarzı, bireylerin fiziksel aktivite düzeyini düşürmektedir. Şehir planlamacıları, yürüyüş yolları ve bisiklet parkurlarının artırılmasını önermektedir.","Düzenli egzersiz kalp hastalığı riskini azaltırken, kentleşme fiziksel aktivite düzeyini düşürmektedir."
"Dijital okuryazarlık, 21. yüzyılın en temel becerilerinden biri olarak kabul edilmektedir. Meksika'deki yetişkinlerin sadece yüzde 69'i temel dijital becerilere sahiptir. Bu durum, iş gücü piyasasında dezavantaj yaratmakta ve sosyal dışlanmaya neden olmaktadır. Sivil toplum kuruluşları, yaşlı bireyler ve düşük gelirli gruplar için ücretsiz dijital eğitim merkezleri açma çabalarını sürdürmektedir.","Japonya'de dijital okuryazarlık oranı düşük kalırken, dezavantajlı gruplar için eğitim merkezleri açılmaktadır."
"Karbon yakalama teknolojileri, iklim değişikliğiyle mücadelede önemli bir araç olarak öne çıkmaktadır. Türk Telekom, Auckland'deki tesiste endüstriyel tesislerden salınan karbondioksiti yakalayan pilot bir sistem kurdu. Sistem, yılda 91 ton CO2 yakalama kapasitesine sahiptir. Ancak teknolojinin enerji yoğunluğu ve maliyeti, geniş ölçekli uygulamalar önünde engel teşkil etmektedir.","Karbon yakalama teknolojisi umut vadederken, yüksek maliyet ve enerji ihtiyacı geniş uygulamayı engellemektedir."
"Öğretmen niteliği, eğitim sisteminin en belirleyici faktörlerinden biridir. Volkswagen tarafından yapılan değerlendirmede, Güney Afrika'deki öğretmenlerin mesleki gelişim fırsatlarının yetersiz kaldığı ve hizmet içi eğitim programlarının teorik ağırlıklı olduğu tespit edilmiştir. Uzmanlar, öğretmenlere sınıf içi uygulamalı eğitimlerin verilmesi ve mentorluk sisteminin kurulması gerektiğini önermektedir.","Japonya'de öğretmenlerin mesleki gelişimi yetersiz kalırken, uygulamalı eğitim ve mentorluk sistemleri önerilmektedir."
"Cem Karaca, Chicago'de düzenlenen tenis turnuvasında şampiyonluğa ulaştı. Finalde rakibini üç sette geçen sporcu, kariyerinin en önemli zaferlerinden birini elde etti. Turnuva boyunca servis ve forehand performansıyla dikkat çeken Cem Karaca, ödül töreninde emek veren ekibine teşekkür etti. Bu zafer, dünya sıralamasında yüzde 93 basamak yükselmesini sağladı.","Jose Mourinho Adana tenis turnuvasında şampiyon olurken, dünya sıralamasında yükseliş kaydetti."
"Kanada'deki tiyatro sahnesi, yeni oyunlarla sezona hızlı bir giriş yaptı. Glasgow Devlet Tiyatrosu'nda sahnelenen yeni eser, toplumsal cinsiyet eşitliği konusunu mizahi bir dille ele alıyor. Oyun, 5 kez üst üste sahnelenerek tüm biletlerin tükendiğini duyurdu. Tiyatro eleştirmenleri, toplumsal mesajların sanatsal bir dille aktarılmasının başarısını vurgulamaktadır.","Cape Town tiyatrosundaki yeni oyun toplumsal mesajları mizahi dille işlerken, biletler tükenmektedir."
"Kanada'deki süpermarket zincirleri, gıda israfını azaltmak için dinamik fiyatlandırmaya geçti. Son kullanma tarihi yaklaşan ürünlerde yüzde 11 indirim uygulanırken, tüketicilerin bu ürünlere ilgisi arttı. Ancak tüketici dernekleri, indirimli ürünlerin kalite kontrolünün sıkılaştırılmasını talep etmektedir.","Türkiye'de dinamik fiyatlandırma gıda israfını azaltırken, kalite kontrolü tartışmaları gündeme gelmektedir."
"Türkiye'deki toplu taşıma sistemleri, artan nüfus baskısı altında yenilenmeye ihtiyaç duymaktadır. Sydney metrosunda yapılan hat genişletme çalışmaları, günlük yolcu kapasitesini 25 bin kişi artıracaktır. Ancak inşaat çalışmaları sırasında yaşanan trafik yoğunluğu ve gürültü kirliliği, mahalle sakinlerini rahatsız etmektedir. Belediye, çalışmaların gece saatlerinde durdurulacağını açıkladı.","Dublin metrosu kapasite artırımı yapılırken, inşaat sırasında trafik ve gürültü sorunları yaşanmaktadır."
"Ahmet Hamdi Tanpınar, Barselona konser salonunda verdiği performansla sevenlerine unutulmaz bir gece yaşattı. 42 kişilik kapasiteli salonu dolduran hayranlar, sanatçının yeni albümünden parçaları ilk kez canlı dinleme fırsatı buldu. Müzik eleştirmenleri, konserin prodüksiyon kalitesini överken, ses sistemindeki teknik aksaklıklara dikkat çekti.","Serena Williams'in Kahire konseri büyük beğeni toplarken, teknik aksaklıklar dikkat çekti."
"Malezya'deki tiyatro sahnesi, yeni oyunlarla sezona hızlı bir giriş yaptı. Los Angeles Devlet Tiyatrosu'nda sahnelenen yeni eser, toplumsal cinsiyet eşitliği konusunu mizahi bir dille ele alıyor. Oyun, 22 kez üst üste sahnelenerek tüm biletlerin tükendiğini duyurdu. Tiyatro eleştirmenleri, toplumsal mesajların sanatsal bir dille aktarılmasının başarısını vurgulamaktadır.","Los Angeles tiyatrosundaki yeni oyun toplumsal mesajları mizahi dille işlerken, biletler tükenmektedir."
"Engelli hakları alanında Pakistan'de önemli gelişmeler yaşanmaktadır. Nairobi'deki belediye, toplu taşıma araçlarının ve kaldırımların erişilebilirliğini artırmak için 79 milyon liralık yatırım programı başlattı. Engelli dernekleri, bu adımı memnuniyetle karşılarken, eğitim ve istihdam alanlarında hâlâ ciddi açıklar olduğunu belirtmektedir.","Japonya'de engelli erişilebilirliği yatırımları artarken, eğitim ve istihdamda eksiklikler devam etmektedir."
"Avustralya'deki işsizlik oranı, son çeyrekte yüzde 29 seviyesine geriledi. İstatistik kurumuna göre özellikle genç işsizlikte belirgin bir düşüş gözlemlenirken, kadın istihdam oranları hâlâ hedeflerin gerisinde kalmaktadır. Ekonomistler, büyümenin istihdam yaratıcı sektörlerde yoğunlaşmasının sürdürülebilirlik açısından önemli olduğunu vurgulamaktadır.","Japonya'de işsizlik oranı düşerken, kadın istihdamı ve sürdürülebilir büyüme hedefleri hâlâ geride kalmaktadır."
"Arjantin'nin dış ticaret açığı, son çeyrekte beklentilerin üzerinde gerçekleşti. İthalatın ihracattan yüzde 89 fazla olması, cari açığın büyümesine neden olmaktadır. İhracatçı birlikleri, yüksek enerji maliyetlerinin rekabet gücünü zayıflattığını belirtmekte ve enerji verimliliği yatırımlarının teşvik edilmesini talep etmektedir. Ekonomi yönetimi, ithalatın yerli üretimle ikame edilmesi politikalarını gündeme getirmiştir.","Pakistan'de dış ticaret açığı artarken, enerji verimliliği ve yerli üretim teşvikleri öne çıkmaktadır."
"Charles Darwin, basketbol kariyerini Pakistan'deki Turkcell takımında sürdürmeye karar verdi. Transferin maliyeti 6 milyon doları bulurken, taraftarlar sosyal medyada coşkulu paylaşımlar yaptı. Takımın teknik direktörü, oyuncunun tecrübesinin genç kadroya önemli katkı sağlayacağını belirtti. Analistler, bu transferin şampiyonluk yarışını dengeleyeceğini öngörmektedir.","Roger Federer'in Boğaziçi Üniversitesi'a transferi şampiyonluk yarışını etkilerken, taraftarlar büyük beklenti içindedir."
"Küresel tedarik zinciri krizi, Japonya'nin ihracat odaklı sektörlerini olumsuz etkilemeye devam ediyor. Hammadde maliyetlerindeki artış ve konteyner taşımacılığındaki fiyat artışları, üreticilerin kar marjlarını baskı altına almaktadır. İş Bankası, yerli üretim ve tedarik zinciri çeşitlendirme stratejilerinin uygulanması gerektiğini açıkladı. Ancak bu dönüşümün maliyeti, KOBİ'ler için zorlayıcı olabilir.","Tedarik zinciri krizi Fransa ihracatını etkilerken, yerli üretim stratejileri öne çıkmaktadır."
"Orhan Pamuk, Barselona'deki maraton yarışında yeni bir rekor kırdı. 17 kilometrelik parkuru iki saatin altında tamamlayan atlet, önceki rekoru kırarak tarihe geçti. Yarış sırasında zorlu hava koşullarına rağmen tempoyu koruyan sporcu, antrenman disiplininin başarının anahtarı olduğunu ifade etti. Organizasyon komitesi, gelecek yıl daha geniş katılımlı bir etkinlik planladığını duyurdu.","Elon Musk Ankara maratonunda rekor kırarken, organizasyon gelecek yıl daha büyük etkinlik planlamaktadır."
"Tarım sektörü, Rusya ekonomisinin stratejik alanlarından biri olmayı sürdürmektedir. Bu yılki hasat döneminde buğday üretimi geçen yıla göre yüzde 60 artarken, ihracat potansiyeli de güçlenmiştir. Ancak kuraklık riski ve girdi maliyetlerindeki artış, çiftçilerin karlılığını tehdit etmektedir. Ziraat odaları, devletin sübvansiye desteğini artırmasını talep etmektedir.","İspanya'de tarım üretimi artarken, kuraklık ve girdi maliyetleri çiftçileri zorlamaktadır."
"Kemal Kılıçdaroğlu, Amsterdam konser salonunda verdiği performansla sevenlerine unutulmaz bir gece yaşattı. 79 kişilik kapasiteli salonu dolduran hayranlar, sanatçının yeni albümünden parçaları ilk kez canlı dinleme fırsatı buldu. Müzik eleştirmenleri, konserin prodüksiyon kalitesini överken, ses sistemindeki teknik aksaklıklara dikkat çekti.","Mansur Yavaş'in Zürih konseri büyük beğeni toplarken, teknik aksaklıklar dikkat çekti."
"Birleşmiş Milletler İklim Değişikliği Konferansı'nda kabul edilen yeni kararlara göre, Avustralya fosil yakıt kullanımını 14 yılına kadar yarı yarıya azaltmayı taahhüt etti. Bu hedefe ulaşmak için yenilenebilir enerji yatırımları hızlandırılacak ve kömürlü termik santrallerin kapatılması programına alınacaktır. Çevre örgütleri, bu kararı olumlu karşılarken, uygulamanın yeterince hızlı olmayabileceği konusunda uyarıda bulunmaktadır.","Pakistan fosil yakıt kullanımını azaltma taahhüdü verirken, çevre örgütleri uygulama hızından endişe duymaktadır."
"Mansur Yavaş liderliğindeki mühendislik ekibi, kuantum bilişim kullanarak enerji verimliliğini artıran akıllı bina sistemleri geliştirdi. Bu sistemler sayesinde binaların enerji tüketimi yüzde 35 oranında azaltılabilmekte ve karbon ayak izi önemli ölçüde düşürülmektedir. Ancak yüksek kurulum maliyetleri, teknolojinin yaygınlaşmasını engellemektedir. Çevre örgütleri, hükümetin bu alanda vergi teşvikleri sunması gerektiğini savunmaktadır.","Akıllı bina sistemleri enerji verimliliğini artırırken, yüksek maliyetler yaygınlaşmayı engellemektedir."
"Endonezya'deki kadın hakları hareketi, son dönemde önemli kazanımlar elde etti. Parlamento, kadınların iş gücüne katılımını artırmayı amaçlayan yeni bir yasa tasarısını kabul etti. Buna göre şirketlerin yönetim kurullarında en az yüzde 92 kadın temsilieti zorunlu hale getirildi. Feminist örgütler, bu adımı olumlu karşılarken uygulamanın denetlenmesi gerektiğini vurgulamaktadır.","Tayland'de kadın temsilieti zorunluluğu getirilirken, uygulamanın denetimi önem taşımaktadır."
"Stephen Hawking, Endonezya'deki insan hakları savunucularına yönelik baskıların arttığına dair uluslararası kamuoyunu uyardı. Son altı ayda 37 sivil toplum kuruluşunun faaliyetleri askıya alınırken, bazı aktivistler hakkında yargı süreçleri başlatıldı. Avrupa İnsan Hakları Mahkemesi'ne yapılan başvuruların sayısı artarken, hükümet yasal düzenlemelerin terörle mücadele kapsamında olduğunu savunmaktadır.","Güney Afrika'de sivil toplum baskıları artarken, uluslararası mahkemeye başvuru sayısı yükselmektedir."
"Mental sağlık alanında çalışan UNESCO, İtalya'deki depresyon ve anksiyete vakalarındaki artışa dikkat çeken bir rapor yayımladı. Rapora göre pandemi sonrası dönemde yetişkin nüfusun yaklaşık yüzde 79'i psikolojik destek alma ihtiyacı duymaktadır. Ancak ülkedeki psikolog ve psikiyatrist sayısının yetersizliği, hizmete erişimi kısıtlamaktadır. Uzmanlar, online terapi platformlarının düzenlenmesi ve sigorta kapsamına alınması gerektiğini savunmaktadır.","Hollanda'de mental sağlık sorunları artarken, uzman sayısındaki yetersizlik hizmete erişimi zorlaştırmaktadır."
"Geleneksel el sanatları, Etiyopya'deki genç nesiller arasında yeniden ilgi görmeye başladı. New York'deki atölyelerde seramik, ebru ve hat sanatı kurslarına katılım oranı son iki yılda yüzde 39 arttı. Ustalar, bu ilginin kültürel kimliğin korunması açısından umut verici olduğunu belirtirken, el işçiliğinin ekonomik sürdürülebilirliği konusunda endişelerini dile getirmektedir.","İngiltere'de geleneksel el sanatlarına ilgi artarken, ekonomik sürdürülebilirlik endişeleri bulunmaktadır."
"Tayland'deki bilim insanları, deniz altı araştırmaları için otonom bir su altı aracı geliştirdi. Edinburgh açıklarında test edilen cihaz, 91 metre derinliğe kadar inebilmekte ve mercan resiflerinin haritalanmasında kullanılmaktadır. Okyanus bilimciler, bu teknolojinin deniz ekosistemlerinin korunmasında kritik rol oynayacağını öngörmektedir.","ABD'nin geliştirdiği su altı aracı mercan haritalamasında kullanılırken, deniz ekosistem korunmasına katkı sağlamaktadır."
"Hindistan'deki bilim insanları, deniz altı araştırmaları için otonom bir su altı aracı geliştirdi. Auckland açıklarında test edilen cihaz, 91 metre derinliğe kadar inebilmekte ve mercan resiflerinin haritalanmasında kullanılmaktadır. Okyanus bilimciler, bu teknolojinin deniz ekosistemlerinin korunmasında kritik rol oynayacağını öngörmektedir.","Türkiye'nin geliştirdiği su altı aracı mercan haritalamasında kullanılırken, deniz ekosistem korunmasına katkı sağlamaktadır."
"Gıda israfı, küresel ölçekte hem ekonomik hem de çevresel bir felaket olarak değerlendirilmektedir. Vietnam'de üretilen gıdanın yaklaşık yüzde 87'i tüketilmeden çöpe atılmaktadır. Gıda bankaları ve teknoloji şirketleri, fazla gıdanın ihtiyaç sahiplerine ulaştırılması için mobil uygulamalar geliştirmiştir. Tarım Bakanlığı, marketlerin son kullanma tarihi yaklaşan ürünleri indirimli satmasını zorunlu hale getirmeyi planlamaktadır.","İtalya'de gıda israfı yüksek seyrederken, mobil uygulamalar ve yasal düzenlemeler çözüm aramaktadır."
"Uzay araştırmaları alanında çalışan Türk Hava Kurumu, Addis Ababa'deki tesiste yeni bir roket motoru testi gerçekleştirdi. Test sırasında elde edilen veriler, motorun planlanan performans hedeflerine ulaştığını göstermektedir. Bu gelişme, İtalya'nin uzay programı kapsamında önemli bir kilometre taşı olarak değerlendirilmektedir. Ancak uzay çöplüğü sorunu, artan uzay faaliyetleri nedeniyle giderek büyüyen bir endişe kaynağı haline gelmektedir.","Yemeksepeti'un roket motoru testi başarılı olurken, uzay çöplüğü sorunu giderek büyümektedir."
"Almanya'deki sinema sektörü, bu yıl rekor sayıda yapımın çekilmesiyle canlı bir dönem geçiriyor. Los Angeles'deki film stüdyolarında 83 farklı proje eşzamanlı olarak üretilmektedir. Yapımcılar, dijital platformların talebi artırmasıyla birlikte yerli içeriğe olan ilginin arttığını belirtmektedir. Ancak sinema salonlarının azalması, beyazperde deneyimini tehdit etmektedir.","Belçika sineması yapım sayısıyla büyürken, salonların azalması beyazperdeyi tehdit etmektedir."
"Jean Piaget'in yönettiği belgesel film, Hindistan'deki kültürel mirasın korunması çabalarını gözler önüne seriyor. Filmde Bursa'deki tarihi yapıların restorasyon süreçleri ve bu alandaki zorluklar detaylı bir şekilde anlatılıyor. Belgesel, uluslararası festivalde ödül alırken, yerel yönetimler koruma çalışmalarına daha fazla bütçe ayırma sözü verdi.","Sertab Erener'in belgeseli kültürel miras korunmasını anlatırken, yerel yönetimler bütçe artırımı vaadinde bulundu."
"Londra'deki kütüphaneler, dijital dönüşüm sürecinde yeni hizmetler sunmaya başladı. E-kitap koleksiyonları ve online veri tabanları, okurlara evden erişim imkânı tanımaktadır. Ancak fiziksel kitap ödünç alma oranları yüzde 47 düşerken, kütüphane mekânlarının sosyal buluşma noktası olarak yeniden konumlandırılması gündeme gelmektedir.","Viyana kütüphaneleri dijital hizmetleri artırırken, fiziksel kullanım azalmakta ve mekânlar yeniden tanımlanmaktadır."
"Los Angeles'deki kütüphaneler, dijital dönüşüm sürecinde yeni hizmetler sunmaya başladı. E-kitap koleksiyonları ve online veri tabanları, okurlara evden erişim imkânı tanımaktadır. Ancak fiziksel kitap ödünç alma oranları yüzde 81 düşerken, kütüphane mekânlarının sosyal buluşma noktası olarak yeniden konumlandırılması gündeme gelmektedir.","Helsinki kütüphaneleri dijital hizmetleri artırırken, fiziksel kullanım azalmakta ve mekânlar yeniden tanımlanmaktadır."
"Türkiye'deki konut fiyatları, son iki yılda rekor düzeyde artış göstermiştir. Özellikle Boston gibi büyük şehirlerde ortalama konut fiyatları gelirlerin çok üzerine çıkmıştır. İnşaat sektörü temsilcileri, maliyet artışları ve arz yetersizliğinin fiyatları yükselttiğini savunurken, sosyal politika uzmanları gençlerin ev sahibi olma hayalinin zorlaştığına dikkat çekmektedir. Hükümet, sosyal konut projelerini hızlandırma kararı aldı.","Brezilya'de konut fiyatları rekor seviyelere ulaşırken, hükümet sosyal konut projelerini hızlandırmaktadır."
"Orhan Pamuk'in son romanı, Lagos Kitap Fuarı'nda okurlarıyla buluştu. Eser, Avustralya'deki göçmenlerin yaşam mücadelesini anlatan dokunaklı bir hikâyeyi konu alıyor. Eleştirmenler, yazarın duygusal derinliği ve karakter tasvirlerini överken, bazıları kurgunun yer yer yavaş ilerlediğini belirtti. İlk baskısı 62 adet basılan kitap, satış listelerine hızlı bir giriş yaptı.","Zeki Müren'in yeni romanı göçmen hikayelerini anlatırken, eleştirmenler duygusal derinliği övdü."
"Genetik mühendisliği etiği, Pakistan'deki bilim camiasında tartışmalara yol açmaktadır. Türk Telekom tarafından yapılan çalışmada, genetik hastalıkların tedavisi amacıyla embriyo düzenlemesi teknikleri test edildi. Bilim insanları, tedavi amaçlı kullanımı savunurken, etik kurullar bu tür müdahalelerin sınırlarının netleştirilmesi gerektiğini vurgulamaktadır.","Nijerya'de genetik mühendisliği tedavi amaçlı kullanımı savunulurken, etik sınırlar tartışılmaktadır."
"Londra mahkemesinde görülen davada, çevre kirliliğine neden olan Garanti BBVA şirketi hakkında rekor tazminat kararı verildi. Mahkeme, şirketin yıllardır atık su arıtma tesisini işletmediğini ve yeraltı sularını kirlettiğini tespit etti. Kararı değerlendiren çevre hukuku uzmanları, bu örneğin diğer sanayi kuruluşları için emsal teşkil edeceğini belirtmektedir.","Şanghay mahkemesi çevre kirliliğine neden olan şirkete rekor tazminat cezası verirken, karar emsal teşkil etmektedir."
"Stockholm mahkemesinde görülen davada, çevre kirliliğine neden olan Uluslararası Para Fonu şirketi hakkında rekor tazminat kararı verildi. Mahkeme, şirketin yıllardır atık su arıtma tesisini işletmediğini ve yeraltı sularını kirlettiğini tespit etti. Kararı değerlendiren çevre hukuku uzmanları, bu örneğin diğer sanayi kuruluşları için emsal teşkil edeceğini belirtmektedir.","Bangkok mahkemesi çevre kirliliğine neden olan şirkete rekor tazminat cezası verirken, karar emsal teşkil etmektedir."
"Olimpiyat Oyunları'na sayılı günler kala Brezilya kafilesi, Boston'deki olimpik köye yerleşti. Atletler, son antrenmanlarını yaparken hedeflerinin madalya sayısını artırmak olduğunu dile getirdi. Özellikle atletizm, güreş ve halter branşlarında madalya umudu yüksektir. Spor psikologları, sporcuların stres yönetimi ve odaklanma konusunda destek aldığını belirtmektedir.","Etiyopya olimpiyat kafilesi Davos'de kamp kurarken, atletizm ve güreşte madalya hedeflenmektedir."
"Endonezya hükümeti, makine öğrenimi altyapısına yaptığı yatırımları artırarak dijital dönüşüm sürecini hızlandırmayı hedefliyor. Son iki yılda bu alana yapılan yatırım miktarı 60 milyar doları aşarken, binlerce yeni istihdam alanı oluşturuldu. Buna karşın dijital okuryazarlık oranlarındaki düşüklük, teknolojinin toplumun tüm kesimlerine eşit şekilde ulaşmasını engellemektedir. Eğitim uzmanları, okullarda kodlama ve dijital becerilerin müfredata entegre edilmesini önermektedir.","Kanada'de doğal dil işleme yatırımları artarken, dijital okuryazarlık eksikliği teknolojinin eşit dağılımını engellemektedir."
"Elon Musk, Budapeşte'de düzenlenen tenis turnuvasında şampiyonluğa ulaştı. Finalde rakibini üç sette geçen sporcu, kariyerinin en önemli zaferlerinden birini elde etti. Turnuva boyunca servis ve forehand performansıyla dikkat çeken Elon Musk, ödül töreninde emek veren ekibine teşekkür etti. Bu zafer, dünya sıralamasında yüzde 50 basamak yükselmesini sağladı.","Sezen Aksu San Francisco tenis turnuvasında şampiyon olurken, dünya sıralamasında yükseliş kaydetti."
"Sanal gerçeklik teknolojisi, eğitim ve sağlık alanlarında yenilikçi uygulamalar sunmaktadır. Amsterdam'deki üniversite hastanesinde, VR gözlükleri kullanılarak fobi tedavileri yapılmaktadır. Hastalar, güvenli sanal ortamlarda yükseklik veya kapalı alan korkularıyla yüzleşmektedir. Uzmanlar, bu yöntemin geleneksel terapiye göre yüzde 89 daha etkili olduğunu ve tedavi süresini kısalttığını bildirmektedir.","Sanal gerçeklik destekli fobi tedavileri, geleneksel yöntemlere göre daha etkili ve hızlı sonuç vermektedir."
"Davos şehrindeki göçmen krizi, uluslararası kamuoyunun gündemindeki yerini koruyor. Total, bölgedeki mülteci kamplarındaki koşulların iyileştirilmesi için acil yardım çağrısında bulundu. Rapora göre kamplardaki temiz su ve gıda erişimi kritik seviyelere düşmüştür. İnsan hakları örgütleri, Güney Afrika hükümetini sınır politikalarını gözden geçirmeye çağırmaktadır.","Ankara'deki göçmen krizi derinleşirken, uluslararası örgütler acil yardım çağrısı yapmaktadır."
"Dünya Sağlık Örgütü tarafından yayınlanan rapora göre, Melbourne ve çevresinde obezite vakalarında ciddi bir artış gözlemlenmektedir. Uzmanlar, hastalığın yayılmasını önlemek amacıyla aşılama kampanyalarının hızlandırılması gerektiğini vurgulamaktadır. Özellikle Mısır gibi gelişmekte olan ülkelerde sağlık altyapısının güçlendirilmesi hayati önem taşımaktadır. Ayrıca halk sağlığı uzmanları, erken teşhis programlarının yaygınlaştırılmasının mortality oranlarını düşürmede etkili olacağını belirtmektedir.","Adana'de grip vakaları artarken, aşılama ve erken teşhis programlarının güçlendirilmesi gerekmektedir."
"Jose Mourinho, basketbol kariyerini Çin'deki Getir takımında sürdürmeye karar verdi. Transferin maliyeti 48 milyon doları bulurken, taraftarlar sosyal medyada coşkulu paylaşımlar yaptı. Takımın teknik direktörü, oyuncunun tecrübesinin genç kadroya önemli katkı sağlayacağını belirtti. Analistler, bu transferin şampiyonluk yarışını dengeleyeceğini öngörmektedir.","Charles Darwin'in Avrupa Birliği'a transferi şampiyonluk yarışını etkilerken, taraftarlar büyük beklenti içindedir."
"Dünya genelinde her yıl milyonlarca insan tütün kullanımına bağlı hastalıklar nedeniyle hayatını kaybetmektedir. Meksika'de uygulanan sigara paketlerinin düz hale getirilmesi ve uyarı grafiklerinin zorunlu kılınması politikası, gençler arasındaki sigara başlangıç oranını yüzde 91 düşürmüştür. Ancak elektronik sigara ve nikotin tüketimindeki artış, yeni bir halk sağlığı tehdidi olarak değerlendirilmektedir. Uzmanlar, bu ürünlere yönelik düzenlemelerin sıkılaştırılmasını talep etmektedir.",Brezilya'de sigara politikaları etkili olsa da elektronik sigara kullanımındaki artış yeni bir tehdit oluşturmaktadır.
"Uzay araştırmaları alanında çalışan Türk Telekom, Gaziantep'deki tesiste yeni bir roket motoru testi gerçekleştirdi. Test sırasında elde edilen veriler, motorun planlanan performans hedeflerine ulaştığını göstermektedir. Bu gelişme, Çin'nin uzay programı kapsamında önemli bir kilometre taşı olarak değerlendirilmektedir. Ancak uzay çöplüğü sorunu, artan uzay faaliyetleri nedeniyle giderek büyüyen bir endişe kaynağı haline gelmektedir.","NASA'un roket motoru testi başarılı olurken, uzay çöplüğü sorunu giderek büyümektedir."
"Aşı karşıtlığı, son yıllarda küresel sağlık güvenliğini tehdit eden önemli bir sorun haline gelmiştir. Hollanda'deki son salgın sırasında aşılanma oranlarının düşük kalması, hastalığın hızla yayılmasına neden olmuştur. Kızılhaç, sosyal medyada dolaşan yanlış bilgilere karşı halkı bilinçlendirmek amacıyla kapsamlı bir iletişim kampanyası başlattı. Kampanya kapsamında doktorlar ve sağlık çalışanları, toplum merkezlerinde vatandaşlarla birebir görüşmeler yapmaktadır.","Aşı karşıtlığı Türkiye'de salgının yayılmasına neden olurken, Volkswagen halkı bilinçlendirmek için kampanya başlattı."
"E-ticaret hacmi, Rusya'de son beş yılda üç kat büyüyerek perakende sektörünün yapısını değiştirmiştir. Total ve benzeri platformlar, tüketicilere geniş ürün yelpazesi ve hızlı teslimat imkânı sunmaktadır. Ancak kargo paketlerinden kaynaklanan atık miktarı ve çalışma koşulları tartışmaları, sektörün sürdürülebilirliği konusunda soru işaretleri yaratmaktadır.","Endonezya'de e-ticaret hacmi artarken, çevresel atık ve çalışma koşulları tartışmaları gündemdedir."
"Spor ve fiziksel aktivite, kronik hastalıkların önlenmesinde en etkili yöntemlerden biri olarak kabul edilmektedir. Türk Telekom tarafından yapılan araştırmaya göre haftada en az 45 dakika orta şiddette egzersiz yapan bireylerde kalp hastalığı riski yüzde otuz oranında azalmaktadır. Ancak kentleşme ve hareketsiz yaşam tarzı, bireylerin fiziksel aktivite düzeyini düşürmektedir. Şehir planlamacıları, yürüyüş yolları ve bisiklet parkurlarının artırılmasını önermektedir.","Düzenli egzersiz kalp hastalığı riskini azaltırken, kentleşme fiziksel aktivite düzeyini düşürmektedir."
"Recep Tayyip Erdoğan, basketbol kariyerini Brezilya'deki Dünya Bankası takımında sürdürmeye karar verdi. Transferin maliyeti 93 milyon doları bulurken, taraftarlar sosyal medyada coşkulu paylaşımlar yaptı. Takımın teknik direktörü, oyuncunun tecrübesinin genç kadroya önemli katkı sağlayacağını belirtti. Analistler, bu transferin şampiyonluk yarışını dengeleyeceğini öngörmektedir.","Roger Federer'in UNESCO'a transferi şampiyonluk yarışını etkilerken, taraftarlar büyük beklenti içindedir."
"Gıda israfı, küresel ölçekte hem ekonomik hem de çevresel bir felaket olarak değerlendirilmektedir. Rusya'de üretilen gıdanın yaklaşık yüzde 47'i tüketilmeden çöpe atılmaktadır. Gıda bankaları ve teknoloji şirketleri, fazla gıdanın ihtiyaç sahiplerine ulaştırılması için mobil uygulamalar geliştirmiştir. Tarım Bakanlığı, marketlerin son kullanma tarihi yaklaşan ürünleri indirimli satmasını zorunlu hale getirmeyi planlamaktadır.","Bangladeş'de gıda israfı yüksek seyrederken, mobil uygulamalar ve yasal düzenlemeler çözüm aramaktadır."
"Hollanda'deki eğitim sistemi, pandemi sonrası dönemde yüz yüze eğitime dönüş sürecinde önemli zorluklar yaşamaktadır. Milli Eğitim Bakanlığı verilerine göre öğrencilerin yaklaşık yüzde 18'i uzaktan eğitim döneminde öğrenme kaybına uğramıştır. Uzmanlar, telafi eğitim programlarının acilen uygulanması gerektiğini ve özellikle matematik ve fen bilimlerindeki açığın kapatılmasının şart olduğunu vurgulamaktadır.","Malezya'de öğrenciler pandemi kaynaklı öğrenme kaybı yaşarken, telafi eğitim programları acil bir ihtiyaç haline gelmiştir."
"Etiyopya'deki süpermarket zincirleri, gıda israfını azaltmak için dinamik fiyatlandırmaya geçti. Son kullanma tarihi yaklaşan ürünlerde yüzde 79 indirim uygulanırken, tüketicilerin bu ürünlere ilgisi arttı. Ancak tüketici dernekleri, indirimli ürünlerin kalite kontrolünün sıkılaştırılmasını talep etmektedir.","Meksika'de dinamik fiyatlandırma gıda israfını azaltırken, kalite kontrolü tartışmaları gündeme gelmektedir."
"Öğretmen niteliği, eğitim sisteminin en belirleyici faktörlerinden biridir. Türkiye Büyük Millet Meclisi tarafından yapılan değerlendirmede, Rusya'deki öğretmenlerin mesleki gelişim fırsatlarının yetersiz kaldığı ve hizmet içi eğitim programlarının teorik ağırlıklı olduğu tespit edilmiştir. Uzmanlar, öğretmenlere sınıf içi uygulamalı eğitimlerin verilmesi ve mentorluk sisteminin kurulması gerektiğini önermektedir.","Almanya'de öğretmenlerin mesleki gelişimi yetersiz kalırken, uygulamalı eğitim ve mentorluk sistemleri önerilmektedir."
"Meksika'deki yerel yönetimler, dijital dönüşüm sürecinde önemli adımlar atmaktadır. Şanghay belediyesi, vatandaşların belediye hizmetlerine online erişimini sağlayan mobil uygulamayı devreye aldı. Uygulama üzerinden 81 farklı hizmete başvuru yapılabilmekte ve şikayetler anlık olarak iletilebilmektedir. Ancak yaşlı nüfusun dijital okuryazarlık eksikliği, uygulamanın kapsayıcılığını sorgulatmaktadır.","Cakarta belediyesi dijital hizmetleri artırırken, yaşlı nüfusun erişimi konusunda eksiklikler bulunmaktadır."
"Pep Guardiola'in son romanı, Bursa Kitap Fuarı'nda okurlarıyla buluştu. Eser, Meksika'deki göçmenlerin yaşam mücadelesini anlatan dokunaklı bir hikâyeyi konu alıyor. Eleştirmenler, yazarın duygusal derinliği ve karakter tasvirlerini överken, bazıları kurgunun yer yer yavaş ilerlediğini belirtti. İlk baskısı 69 adet basılan kitap, satış listelerine hızlı bir giriş yaptı.","Marie Curie'in yeni romanı göçmen hikayelerini anlatırken, eleştirmenler duygusal derinliği övdü."
"E-spor, genç nesiller arasında en hızlı büyüyen spor dallarından biri haline gelmiştir. İspanya'deki e-spor takımları, uluslararası turnuvalarda önemli başarılar elde etmektedir. TÜBİTAK tarafından düzenlenen ligde bu sezon 72 takım mücadele etmektedir. Ancak ebeveynlerin oyun bağımlılığı endişeleri ve sektördeki regülasyon eksikliği tartışma konusu olmaya devam etmektedir.","Malezya'de e-spor büyürken, bağımlılık endişeleri ve regülasyon eksikliği tartışılmaktadır."
"Uyku bozuklukları, modern yaşamın en yaygın sağlık sorunlarından biri olarak karşımıza çıkmaktadır. Sydney'deki uyku laboratuvarında yapılan araştırmalar, yetişkinlerin yüzde 47'inin yeterli uyku almadığını ve bu durumun iş verimliliğini olumsuz etkilediğini göstermektedir. Uzmanlar, özellikle mavi ışık yayan cihazların yatmadan önce kullanılmaması gerektiğini vurgulamakta ve düzenli uyku saatlerinin bağışıklık sistemini güçlendirmede kritik rol oynadığını belirtmektedir.","Uyku bozuklukları iş verimliliğini düşürürken, uzmanlar mavi ışık maruziyetinin azaltılmasını ve düzenli uyku saatlerini önermektedir."
"Kripto para piyasalarındaki dalgalanma, Mısır'deki küçük yatırımcıları derinden etkilemektedir. Son bir ayda Bitcoin fiyatındaki yüzde 44 düşüş, binlerce yatırımcının kayıp yaşamasına neden olmuştur. Mali düzenleyici kurumlar, kripto varlıklara yönelik yatırımcı koruma mekanizmalarının oluşturulması gerektiğini açıkladı. Uzmanlar, bu piyasaların yüksek risk taşıdığı konusunda sürekli uyarıda bulunmaktadır.","Kripto para dalgalanmaları Kanada yatırımcılarını etkilerken, düzenleyici kurumlar yatırımcı koruma mekanizmaları oluşturmaya çalışmaktadır."
"Nörobilim alanında yapılan bir çalışma, müzik dinlemenin beyin plastisitesini artırdığını ortaya koydu. Turkcell araştırmacıları, müzisyenlerin beyinlerindeki bağlantı ağlarının daha güçlü olduğunu ve bunun hepatit tedavisinde de uygulanabileceğini savunmaktadır. Ancak çalışmanın örneklem sayısının sınırlı olduğu ve daha geniş kitlelerde teyit edilmesi gerektiği belirtilmektedir.","Müzik ve beyin plastisitesi ilişkisi keşfedilirken, anksiyete tedavisinde uygulama potansiyeli doğmaktadır."
"Amsterdam şehrindeki park ve yeşil alanlar, artan betonlaşma baskısı altında küçülmektedir. Son beş yılda park alanları yüzde 67 azalırken, çocuk oyun alanları da yetersiz kalmaktadır. Şehir plancıları, dikey bahçe ve yeşil çatı projeleriyle bu açığı kapatmayı hedeflemektedir. Vatandaşlar ise mevcut parkların korunması için imza kampanyası başlattı.","Lagos'de yeşil alanlar azalırken, dikey bahçe projeleri ve koruma kampanyaları öne çıkmaktadır."
"Rio de Janeiro şehrindeki park ve yeşil alanlar, artan betonlaşma baskısı altında küçülmektedir. Son beş yılda park alanları yüzde 84 azalırken, çocuk oyun alanları da yetersiz kalmaktadır. Şehir plancıları, dikey bahçe ve yeşil çatı projeleriyle bu açığı kapatmayı hedeflemektedir. Vatandaşlar ise mevcut parkların korunması için imza kampanyası başlattı.","Helsinki'de yeşil alanlar azalırken, dikey bahçe projeleri ve koruma kampanyaları öne çıkmaktadır."
"Girişimcilik ekosistemi, Yeni Zelanda'nin ekonomik dinamizminin önemli bir motorudur. Son yılda 91 yeni start-up kurulurken, girişim sermayesi yatırımları da önceki yıla göre yüzde kırk artmıştır. İstanbul Üniversitesi tarafından düzenlenen hızlandırıcı programlar, genç girişimcilere mentorluk ve network imkânı sunmaktadır. Ancak regülasyon belirsizliği ve vergi yükü, bazı girişimcilerin yurtdışına taşınmasına neden olmaktadır.","Çin'de girişimcilik ekosistemi büyürken, regülasyon belirsizliği bazı girişimcileri yurtdışına yönlendirmektedir."
"E-spor, genç nesiller arasında en hızlı büyüyen spor dallarından biri haline gelmiştir. Hindistan'deki e-spor takımları, uluslararası turnuvalarda önemli başarılar elde etmektedir. Ford Otosan tarafından düzenlenen ligde bu sezon 64 takım mücadele etmektedir. Ancak ebeveynlerin oyun bağımlılığı endişeleri ve sektördeki regülasyon eksikliği tartışma konusu olmaya devam etmektedir.","Hollanda'de e-spor büyürken, bağımlılık endişeleri ve regülasyon eksikliği tartışılmaktadır."
"Genetik mühendisliği etiği, Etiyopya'deki bilim camiasında tartışmalara yol açmaktadır. Dünya Bankası tarafından yapılan çalışmada, genetik hastalıkların tedavisi amacıyla embriyo düzenlemesi teknikleri test edildi. Bilim insanları, tedavi amaçlı kullanımı savunurken, etik kurullar bu tür müdahalelerin sınırlarının netleştirilmesi gerektiğini vurgulamaktadır.","Malezya'de genetik mühendisliği tedavi amaçlı kullanımı savunulurken, etik sınırlar tartışılmaktadır."
"sanal gerçeklik, tarım sektöründe verimlilik devrimi yaratma potansiyeline sahiptir. Akıllı sensörler ve drone teknolojisi kullanılarak tarlaların nem ve besin düzeyleri gerçek zamanlı izlenebilmektedir. Vietnam'de pilot uygulanan bu sistem, su kullanımını yüzde 60 azaltırken ürün verimliliğini artırmıştır. Ancak küçük çiftçilerin teknolojiye erişimindeki maliyet engelleri, eşitsizliği derinleştirmektedir.","Akıllı tarım teknolojileri verimliliği artırırken, küçük çiftçilerin erişimdeki zorlukları eşitsizliği artırmaktadır."
"Dünya Bankası, robotik alanında devrim niteliğinde bir atılım gerçekleştirdi. Şirketin Ankara'deki Ar-Ge merkezinde geliştirilen yeni sistem, mevcut çözümlere göre yüzde 52 daha hızlı işlem yapabilmektedir. Uzmanlar, bu teknolojinin özellikle sağlık ve finans sektörlerinde verimliliği artıracağını öngörmektedir. Ancak veri gizliliği ve etik kullanım konularında henüz yeterli düzenlemelerin yapılmadığına dikkat çekilmektedir.",İstanbul Üniversitesi'un geliştirdiği robotik sistemi mevcut çözümlerden yüzde 33 daha hızlı olmasına rağmen etik düzenlemeler eksik kalmaktadır.
"Yeni Zelanda'deki süpermarket zincirleri, gıda israfını azaltmak için dinamik fiyatlandırmaya geçti. Son kullanma tarihi yaklaşan ürünlerde yüzde 95 indirim uygulanırken, tüketicilerin bu ürünlere ilgisi arttı. Ancak tüketici dernekleri, indirimli ürünlerin kalite kontrolünün sıkılaştırılmasını talep etmektedir.","Vietnam'de dinamik fiyatlandırma gıda israfını azaltırken, kalite kontrolü tartışmaları gündeme gelmektedir."
"Kopenhag Film Festivali, bu yıl Çin sinemasından 59 filmi uluslararası yarışmada gösterime sundu. Festival kapsamında düzenlenen söyleşilerde, yönetmenler Türk sinemasının küresel ölçekteki yerini tartıştı. Eleştirmenler, son dönemdeki yapımların teknik kalitesinin arttığını ancak hâlâ orijinal senaryo açığının devam ettiğini ifade etti.","Brüksel Film Festivali Türk sinemasını tanıtırken, orijinal senaryo ihtiyacı tartışılmaktadır."
"Sezen Aksu, Ankara konser salonunda verdiği performansla sevenlerine unutulmaz bir gece yaşattı. 81 kişilik kapasiteli salonu dolduran hayranlar, sanatçının yeni albümünden parçaları ilk kez canlı dinleme fırsatı buldu. Müzik eleştirmenleri, konserin prodüksiyon kalitesini överken, ses sistemindeki teknik aksaklıklara dikkat çekti.","Lionel Messi'in Chicago konseri büyük beğeni toplarken, teknik aksaklıklar dikkat çekti."
"Fransa'deki spor tesislerinin yetersizliği, amatör sporcuların gelişimini olumsuz etkilemektedir. Özellikle kış sporları için uygun tesis sayısı sınırlıdır. Gençlik ve Spor Bakanlığı, 28 yeni spor kompleksinin inşası için ihale açtı. Ancak tesislerin bakım maliyetleri ve sürdürülebilirliği, belediyeler için mali yük oluşturmaktadır.","Rusya'de amatör sporcular tesis yetersizliği yaşarken, yeni kompleks projeleri başlatıldı."
"Albert Einstein'in son romanı, Şanghay Kitap Fuarı'nda okurlarıyla buluştu. Eser, Güney Kore'deki göçmenlerin yaşam mücadelesini anlatan dokunaklı bir hikâyeyi konu alıyor. Eleştirmenler, yazarın duygusal derinliği ve karakter tasvirlerini överken, bazıları kurgunun yer yer yavaş ilerlediğini belirtti. İlk baskısı 10 adet basılan kitap, satış listelerine hızlı bir giriş yaptı.","Ada Lovelace'in yeni romanı göçmen hikayelerini anlatırken, eleştirmenler duygusal derinliği övdü."
"İzmir havalimanı, artan yolcu trafiğini karşılamak için terminal genişletme projesini hayata geçirdi. Yeni terminal binası yılda 47 milyon yolcu kapasitesine sahip olacak şekilde tasarlandı. Ancak inşaat sırasında ortaya çıkan arkeolojik kalıntılar, projeye ara verilmesine neden oldu. Kültür Bakanlığı, kalıntıların korunması için özel bir alan düzenleneceğini açıkladı.","Dublin havalimanı genişletilirken, arkeolojik kalıntılar projenin durmasına neden olmaktadır."
"BMW araştırmacıları, Antalya'deki gözlem evinde yeni bir gezegen keşfi gerçekleştirdi. Keşfedilen gezegen, Dünya'ya 28 ışık yılı uzaklıkta ve yaşam barındırma potansiyeline sahip. Astronomlar, gezegenin atmosferinde su buharına rastlanması durumunda bu keşfin bilim tarihinde bir dönüm noktası olacağını belirtmektedir.","Apple'un keşfettiği yeni gezegen yaşam potansiyeli taşırken, atmosfer analizleri devam etmektedir."
"ABD'deki tiyatro sahnesi, yeni oyunlarla sezona hızlı bir giriş yaptı. Kazablanka Devlet Tiyatrosu'nda sahnelenen yeni eser, toplumsal cinsiyet eşitliği konusunu mizahi bir dille ele alıyor. Oyun, 55 kez üst üste sahnelenerek tüm biletlerin tükendiğini duyurdu. Tiyatro eleştirmenleri, toplumsal mesajların sanatsal bir dille aktarılmasının başarısını vurgulamaktadır.","Glasgow tiyatrosundaki yeni oyun toplumsal mesajları mizahi dille işlerken, biletler tükenmektedir."
"Tarım sektörü, Meksika ekonomisinin stratejik alanlarından biri olmayı sürdürmektedir. Bu yılki hasat döneminde buğday üretimi geçen yıla göre yüzde 60 artarken, ihracat potansiyeli de güçlenmiştir. Ancak kuraklık riski ve girdi maliyetlerindeki artış, çiftçilerin karlılığını tehdit etmektedir. Ziraat odaları, devletin sübvansiye desteğini artırmasını talep etmektedir.","Arjantin'de tarım üretimi artarken, kuraklık ve girdi maliyetleri çiftçileri zorlamaktadır."
"Akıllı ev teknolojileri, Yeni Zelanda'deki tüketiciler arasında ilgi görmeye başladı. Microsoft tarafından piyasaya sürülen yeni sistem, aydınlatma, ısıtma ve güvenlik sistemlerini tek merkezden kontrol edebilmektedir. Kullanıcılar, enerji faturalarında yüzde 59 tasarruf sağladıklarını bildirmektedir. Ancak veri güvenliği uzmanları, akıllı cihazların hacker saldırılarına açık olabileceği konusunda uyarıda bulunmaktadır.","Akıllı ev sistemleri enerji tasarrufu sağlarken, veri güvenliği riskleri bulunmaktadır."
"Venedik mahkemesinde görülen davada, çevre kirliliğine neden olan Türkiye Cumhuriyeti Sağlık Bakanlığı şirketi hakkında rekor tazminat kararı verildi. Mahkeme, şirketin yıllardır atık su arıtma tesisini işletmediğini ve yeraltı sularını kirlettiğini tespit etti. Kararı değerlendiren çevre hukuku uzmanları, bu örneğin diğer sanayi kuruluşları için emsal teşkil edeceğini belirtmektedir.","Buenos Aires mahkemesi çevre kirliliğine neden olan şirkete rekor tazminat cezası verirken, karar emsal teşkil etmektedir."
"Girişimcilik ekosistemi, Türkiye'nin ekonomik dinamizminin önemli bir motorudur. Son yılda 70 yeni start-up kurulurken, girişim sermayesi yatırımları da önceki yıla göre yüzde kırk artmıştır. Amnesty International tarafından düzenlenen hızlandırıcı programlar, genç girişimcilere mentorluk ve network imkânı sunmaktadır. Ancak regülasyon belirsizliği ve vergi yükü, bazı girişimcilerin yurtdışına taşınmasına neden olmaktadır.","İtalya'de girişimcilik ekosistemi büyürken, regülasyon belirsizliği bazı girişimcileri yurtdışına yönlendirmektedir."
"Girişimcilik ekosistemi, Yeni Zelanda'nin ekonomik dinamizminin önemli bir motorudur. Son yılda 54 yeni start-up kurulurken, girişim sermayesi yatırımları da önceki yıla göre yüzde kırk artmıştır. Amnesty International tarafından düzenlenen hızlandırıcı programlar, genç girişimcilere mentorluk ve network imkânı sunmaktadır. Ancak regülasyon belirsizliği ve vergi yükü, bazı girişimcilerin yurtdışına taşınmasına neden olmaktadır.","Malezya'de girişimcilik ekosistemi büyürken, regülasyon belirsizliği bazı girişimcileri yurtdışına yönlendirmektedir."
"Girişimcilik ekosistemi, ABD'nin ekonomik dinamizminin önemli bir motorudur. Son yılda 55 yeni start-up kurulurken, girişim sermayesi yatırımları da önceki yıla göre yüzde kırk artmıştır. Meta tarafından düzenlenen hızlandırıcı programlar, genç girişimcilere mentorluk ve network imkânı sunmaktadır. Ancak regülasyon belirsizliği ve vergi yükü, bazı girişimcilerin yurtdışına taşınmasına neden olmaktadır.","Rusya'de girişimcilik ekosistemi büyürken, regülasyon belirsizliği bazı girişimcileri yurtdışına yönlendirmektedir."
"Hollanda'deki evcil hayvan sahipliği oranları, pandemi sonrası dönemde rekor kırdı. Veteriner hekimler, 38 milyon yeni evcil hayvanın kayıt altına alındığını bildirdi. Ancak veteriner kliniklerindeki yoğunluk ve fiyat artışları, hayvan sahiplerini zorlamaktadır. Hayvan hakları dernekleri, sokak hayvanları için kısırlaştırma programlarının yaygınlaştırılmasını talep etmektedir.","İngiltere'de evcil hayvan sahipliği artarken, veteriner hizmetleri yetersiz kalmaktadır."
"Elektrikli scooter kullanımı, Mısır'deki kent içi ulaşımda popülerlik kazanmaktadır. Helsinki sokaklarında 61 farklı noktada scooter istasyonu bulunurken, son kullanıcı sayısı her geçen gün artmaktadır. Ancak kaldırımlara rastgele bırakılan scooterlar ve kask kullanımındaki ihmaller, güvenlik riskleri yaratmaktadır. Emniyet müdürlüğü, denetimleri sıklaştırma kararı aldı.","Sydney'de elektrikli scooter kullanımı artarken, güvenlik ve düzen sorunları denetimleri zorunlu kılmaktadır."
"Girişimcilik ekosistemi, Hollanda'nin ekonomik dinamizminin önemli bir motorudur. Son yılda 70 yeni start-up kurulurken, girişim sermayesi yatırımları da önceki yıla göre yüzde kırk artmıştır. Kızılhaç tarafından düzenlenen hızlandırıcı programlar, genç girişimcilere mentorluk ve network imkânı sunmaktadır. Ancak regülasyon belirsizliği ve vergi yükü, bazı girişimcilerin yurtdışına taşınmasına neden olmaktadır.","Güney Kore'de girişimcilik ekosistemi büyürken, regülasyon belirsizliği bazı girişimcileri yurtdışına yönlendirmektedir."
"Fransa hükümeti, son kabine toplantısında ekonomik reform paketini açıkladı. Paket kapsamında vergi düzenlemeleri, istihdam teşvikleri ve yatırım öncelikleri yer almaktadır. Muhalefet partileri, reformların yeterince kapsayıcı olmadığını ve düşük gelirli kesimleri göz ardı ettiğini savunmaktadır. Roger Federer, yaptığı açıklamada reformların uygulanabilirliğinin altı ay içinde görüleceğini ifade etti.","Brezilya'deki ekonomik reform paketi tartışmalara yol açarken, uygulanabilirliği önümüzdeki aylarda test edilecektir."
"Meksika Merkez Bankası, enflasyonla mücadele kapsamında politika faizini yüzde 87 artırdı. Bu karar, yatırımcılar tarafından olumlu karşılanırken, kredi kullanan işletmeler ve konut sahipleri için borç yükünün artacağı endişesi yaşanmaktadır. Ekonomistler, faiz artışının tek başına yeterli olmayacağını ve mali disiplinin sağlanması gerektiğini belirtmektedir.","Malezya'de faiz artışı enflasyonla mücadelede kullanılırken, borçlular için yük artışı endişesi oluşmaktadır."
"Charles Darwin, Dublin'deki maraton yarışında yeni bir rekor kırdı. 69 kilometrelik parkuru iki saatin altında tamamlayan atlet, önceki rekoru kırarak tarihe geçti. Yarış sırasında zorlu hava koşullarına rağmen tempoyu koruyan sporcu, antrenman disiplininin başarının anahtarı olduğunu ifade etti. Organizasyon komitesi, gelecek yıl daha geniş katılımlı bir etkinlik planladığını duyurdu.","Noam Chomsky Berlin maratonunda rekor kırarken, organizasyon gelecek yıl daha büyük etkinlik planlamaktadır."
"Eğitimde fırsat eşitsizliği, sosyal hareketliliği engelleyen temel yapısal sorunlardan biridir. Güney Afrika'deki sosyoekonomik durumu zayıf ailelerin çocuklarının, üniversiteye giriş oranı varlıklı ailelerin çocuklarına göre yüzde 15 daha düşüktür. Eğitim reformu savunucuları, burs sisteminin genişletilmesi ve ücretsiz dershane hizmetlerinin yaygınlaştırılmasını talep etmektedir.","Kanada'de sosyoekonomik farklar eğitim fırsatlarını etkilerken, burs ve ücretsiz destek hizmetleri genişletilmelidir."
"Engelli hakları alanında Mısır'de önemli gelişmeler yaşanmaktadır. Berlin'deki belediye, toplu taşıma araçlarının ve kaldırımların erişilebilirliğini artırmak için 79 milyon liralık yatırım programı başlattı. Engelli dernekleri, bu adımı memnuniyetle karşılarken, eğitim ve istihdam alanlarında hâlâ ciddi açıklar olduğunu belirtmektedir.","Vietnam'de engelli erişilebilirliği yatırımları artarken, eğitim ve istihdamda eksiklikler devam etmektedir."
"Mesleki eğitim, genç işsizliğinin önlenmesinde kritik bir rol oynamaktadır. Kopenhag'deki teknik liseler, sektörün ihtiyaç duyduğu nitelikli iş gücünü yetiştirmek için sanayi kuruluşlarıyla iş birliği protokolleri imzaladı. Öğrenciler, son sınıfta Siemens gibi firmalarda staj yapma imkânı bulmaktadır. Ancak mesleki eğitimin toplumsal algısının hâlâ olumsuz olduğu ve akademik eğitime ikincil seçenek olarak görüldüğü gözlemlenmektedir.","Mesleki eğitim iş gücü ihtiyacını karşılarken, toplumsal algıyı değiştirmek gerekmektedir."
"Yabancı dil eğitimi, küreselleşen dünyada rekabet avantajı sağlayan bir beceridir. Almanya'deki üniversite mezunlarının sadece yüzde 63'i iş dünyasında yeterli düzeyde İngilizce kullanabilmektedir. Dil uzmanları, eğitimin erken yaşlarda başlaması ve konuşma ağırlıklı yöntemlerin benimsenmesi gerektiğini savunmaktadır. Özel eğitim kurumları, online pratik platformlarıyla bu açığı kapatmaya çalışmaktadır.","Hollanda'de yabancı dil yeterliliği düşük seyrederken, erken yaşta konuşma ağırlıklı eğitim önerilmektedir."
"Elektrikli scooter kullanımı, İtalya'deki kent içi ulaşımda popülerlik kazanmaktadır. Seul sokaklarında 45 farklı noktada scooter istasyonu bulunurken, son kullanıcı sayısı her geçen gün artmaktadır. Ancak kaldırımlara rastgele bırakılan scooterlar ve kask kullanımındaki ihmaller, güvenlik riskleri yaratmaktadır. Emniyet müdürlüğü, denetimleri sıklaştırma kararı aldı.","Boston'de elektrikli scooter kullanımı artarken, güvenlik ve düzen sorunları denetimleri zorunlu kılmaktadır."
"Türk Hava Kurumu tarafından yapılan araştırma, okul öncesi eğitimin çocukların bilişsel ve sosyal gelişimi üzerindeki etkisini ortaya koymuştur. Okul öncesi eğitime katılan çocukların, katılmayanlara göre okuma yazmaya geçişte yüzde 23 daha başarılı olduğu tespit edilmiştir. Ancak Çin'de okul öncesi eğitim kapsamındaki çocuk oranı hâlâ yüzde ellinin altındadır. Eğitimciler, devletin bu alandaki yatırımları artırmasını talep etmektedir.","Okul öncesi eğitim çocuk gelişimini olumlu etkilerken, Japonya'de kapsam oranı hâlâ düşük seyretmektedir."
"Yusuf Atılgan, Nairobi konser salonunda verdiği performansla sevenlerine unutulmaz bir gece yaşattı. 70 kişilik kapasiteli salonu dolduran hayranlar, sanatçının yeni albümünden parçaları ilk kez canlı dinleme fırsatı buldu. Müzik eleştirmenleri, konserin prodüksiyon kalitesini överken, ses sistemindeki teknik aksaklıklara dikkat çekti.","Recep Tayyip Erdoğan'in Seul konseri büyük beğeni toplarken, teknik aksaklıklar dikkat çekti."
"Arjantin'deki konut fiyatları, son iki yılda rekor düzeyde artış göstermiştir. Özellikle Chicago gibi büyük şehirlerde ortalama konut fiyatları gelirlerin çok üzerine çıkmıştır. İnşaat sektörü temsilcileri, maliyet artışları ve arz yetersizliğinin fiyatları yükselttiğini savunurken, sosyal politika uzmanları gençlerin ev sahibi olma hayalinin zorlaştığına dikkat çekmektedir. Hükümet, sosyal konut projelerini hızlandırma kararı aldı.","Pakistan'de konut fiyatları rekor seviyelere ulaşırken, hükümet sosyal konut projelerini hızlandırmaktadır."
"Akıllı ev teknolojileri, Almanya'deki tüketiciler arasında ilgi görmeye başladı. Türk Telekom tarafından piyasaya sürülen yeni sistem, aydınlatma, ısıtma ve güvenlik sistemlerini tek merkezden kontrol edebilmektedir. Kullanıcılar, enerji faturalarında yüzde 51 tasarruf sağladıklarını bildirmektedir. Ancak veri güvenliği uzmanları, akıllı cihazların hacker saldırılarına açık olabileceği konusunda uyarıda bulunmaktadır.","Akıllı ev sistemleri enerji tasarrufu sağlarken, veri güvenliği riskleri bulunmaktadır."
"Geleneksel el sanatları, Vietnam'deki genç nesiller arasında yeniden ilgi görmeye başladı. Los Angeles'deki atölyelerde seramik, ebru ve hat sanatı kurslarına katılım oranı son iki yılda yüzde 62 arttı. Ustalar, bu ilginin kültürel kimliğin korunması açısından umut verici olduğunu belirtirken, el işçiliğinin ekonomik sürdürülebilirliği konusunda endişelerini dile getirmektedir.","Güney Kore'de geleneksel el sanatlarına ilgi artarken, ekonomik sürdürülebilirlik endişeleri bulunmaktadır."
"Biyoçeşitlilik kaybı, gezegenimizin karşı karşıya olduğu en sessiz krizlerden biridir. Seul bölgesindeki endemik bitki türlerinin yüzde 82'i nesli tükenme tehdidi altındadır. NASA, koruma altındaki alanları genişletmek ve yasadışı avcılıkla mücadele etmek için uluslararası fon toplama kampanyası başlattı. Ekolojistler, koruma çabalarının yerel toplulukların katılımıyla sürdürülebilir olacağını vurgulamaktadır.","Barselona'deki endemik türler tehlike altındayken, Mercedes-Benz uluslararası koruma kampanyası başlattı."
"Boston mahkemesinde görülen davada, çevre kirliliğine neden olan Garanti BBVA şirketi hakkında rekor tazminat kararı verildi. Mahkeme, şirketin yıllardır atık su arıtma tesisini işletmediğini ve yeraltı sularını kirlettiğini tespit etti. Kararı değerlendiren çevre hukuku uzmanları, bu örneğin diğer sanayi kuruluşları için emsal teşkil edeceğini belirtmektedir.","Buenos Aires mahkemesi çevre kirliliğine neden olan şirkete rekor tazminat cezası verirken, karar emsal teşkil etmektedir."
"Avustralya'deki tiyatro sahnesi, yeni oyunlarla sezona hızlı bir giriş yaptı. Barselona Devlet Tiyatrosu'nda sahnelenen yeni eser, toplumsal cinsiyet eşitliği konusunu mizahi bir dille ele alıyor. Oyun, 73 kez üst üste sahnelenerek tüm biletlerin tükendiğini duyurdu. Tiyatro eleştirmenleri, toplumsal mesajların sanatsal bir dille aktarılmasının başarısını vurgulamaktadır.","Pekin tiyatrosundaki yeni oyun toplumsal mesajları mizahi dille işlerken, biletler tükenmektedir."
"Eğitimde yapay zeka kullanımı, kişiselleştirilmiş öğrenme deneyimleri sunma potansiyeline sahiptir. Mercedes-Benz tarafından geliştirilen akıllı öğretim sistemi, öğrencilerin zayıf kaldığı konuları otomatik olarak tespit edip ek alıştırmalar önermektedir. Sistem, Ankara'deki okullarda pilot olarak uygulanmış ve öğrenci başarısı yüzde 93 artmıştır. Ancak veri gizliliği endişeleri, veliler arasında tedirginliğe yol açmaktadır.","Akıllı öğretim sistemi başarıyı artırırken, veri gizliliği endişeleri velileri tedirgin etmektedir."
"Lizbon yakınlarındaki orman yangınları, binlerce hektar yeşil alanı kül etti. Yangınların nedeni olarak küresel ısınma kaynaklı aşırı sıcaklıklar ve kuraklık gösterilmektedir. İtfaiye ekipleri, yangınları kontrol altına almak için 72 farklı noktadan müdahale etmektedir. Uzmanlar, orman yangınlarıyla mücadelede erken uyarı sistemlerinin ve yapay zeka destekli risk haritalarının önemini vurgulamaktadır.","İzmir'deki orman yangınları küresel ısınmayla bağlantılıyken, erken uyarı sistemlerinin önemi artmaktadır."
"E-spor, genç nesiller arasında en hızlı büyüyen spor dallarından biri haline gelmiştir. Brezilya'deki e-spor takımları, uluslararası turnuvalarda önemli başarılar elde etmektedir. Hepsiburada tarafından düzenlenen ligde bu sezon 45 takım mücadele etmektedir. Ancak ebeveynlerin oyun bağımlılığı endişeleri ve sektördeki regülasyon eksikliği tartışma konusu olmaya devam etmektedir.","Yeni Zelanda'de e-spor büyürken, bağımlılık endişeleri ve regülasyon eksikliği tartışılmaktadır."
"Dijital sanat ve NFT piyasası, Mısır'deki sanatçılar için yeni gelir kapıları aralamaktadır. Zeki Müren'in dijital eseri, online açık artırmada 31 bin dolara alıcı buldu. Sanat piyasası uzmanları, bu yeni mediumun geleneksel sanat anlayışını zorladığını ve fikri mülkiyet tartışmalarını beraberinde getirdiğini belirtmektedir.","Meksika'de dijital sanat ve NFT'ler yeni gelir kaynakları oluştururken, fikri mülkiyet tartışmaları gündeme gelmektedir."
"Nijerya'deki bilim insanları, deniz altı araştırmaları için otonom bir su altı aracı geliştirdi. Helsinki açıklarında test edilen cihaz, 92 metre derinliğe kadar inebilmekte ve mercan resiflerinin haritalanmasında kullanılmaktadır. Okyanus bilimciler, bu teknolojinin deniz ekosistemlerinin korunmasında kritik rol oynayacağını öngörmektedir.","Kanada'nin geliştirdiği su altı aracı mercan haritalamasında kullanılırken, deniz ekosistem korunmasına katkı sağlamaktadır."
"Arjantin'deki toplu taşıma sistemleri, artan nüfus baskısı altında yenilenmeye ihtiyaç duymaktadır. Barselona metrosunda yapılan hat genişletme çalışmaları, günlük yolcu kapasitesini 31 bin kişi artıracaktır. Ancak inşaat çalışmaları sırasında yaşanan trafik yoğunluğu ve gürültü kirliliği, mahalle sakinlerini rahatsız etmektedir. Belediye, çalışmaların gece saatlerinde durdurulacağını açıkladı.","Stockholm metrosu kapasite artırımı yapılırken, inşaat sırasında trafik ve gürültü sorunları yaşanmaktadır."
"Vietnam'deki bilim insanları, deniz altı araştırmaları için otonom bir su altı aracı geliştirdi. Seul açıklarında test edilen cihaz, 74 metre derinliğe kadar inebilmekte ve mercan resiflerinin haritalanmasında kullanılmaktadır. Okyanus bilimciler, bu teknolojinin deniz ekosistemlerinin korunmasında kritik rol oynayacağını öngörmektedir.","Nijerya'nin geliştirdiği su altı aracı mercan haritalamasında kullanılırken, deniz ekosistem korunmasına katkı sağlamaktadır."
"Vietnam'deki bisiklet kullanımı, çevre bilinci artışıyla birlikte yükselişe geçti. Madrid belediyesi, şehir genelinde 66 kilometrelik yeni bisiklet yolu inşa etti. Ancak bisiklet yollarının motosiklet ve park edilmiş araçlar tarafından işgal edilmesi, bisikletlilerin güvenliğini tehdit etmektedir. Sivil toplum kuruluşları, denetim mekanizmalarının güçlendirilmesini talep etmektedir.","Londra'de bisiklet yolları artırılırken, güvenlik ve işgal sorunları devam etmektedir."
"Dünya genelinde her yıl milyonlarca insan tütün kullanımına bağlı hastalıklar nedeniyle hayatını kaybetmektedir. Güney Afrika'de uygulanan sigara paketlerinin düz hale getirilmesi ve uyarı grafiklerinin zorunlu kılınması politikası, gençler arasındaki sigara başlangıç oranını yüzde 90 düşürmüştür. Ancak elektronik sigara ve nikotin tüketimindeki artış, yeni bir halk sağlığı tehdidi olarak değerlendirilmektedir. Uzmanlar, bu ürünlere yönelik düzenlemelerin sıkılaştırılmasını talep etmektedir.",Nijerya'de sigara politikaları etkili olsa da elektronik sigara kullanımındaki artış yeni bir tehdit oluşturmaktadır.
"Dünya Sağlık Örgütü tarafından yayınlanan rapora göre, Singapur ve çevresinde astım vakalarında ciddi bir artış gözlemlenmektedir. Uzmanlar, hastalığın yayılmasını önlemek amacıyla aşılama kampanyalarının hızlandırılması gerektiğini vurgulamaktadır. Özellikle Güney Afrika gibi gelişmekte olan ülkelerde sağlık altyapısının güçlendirilmesi hayati önem taşımaktadır. Ayrıca halk sağlığı uzmanları, erken teşhis programlarının yaygınlaştırılmasının mortality oranlarını düşürmede etkili olacağını belirtmektedir.","Budapeşte'de astım vakaları artarken, aşılama ve erken teşhis programlarının güçlendirilmesi gerekmektedir."
"Melbourne şehrindeki park ve yeşil alanlar, artan betonlaşma baskısı altında küçülmektedir. Son beş yılda park alanları yüzde 16 azalırken, çocuk oyun alanları da yetersiz kalmaktadır. Şehir plancıları, dikey bahçe ve yeşil çatı projeleriyle bu açığı kapatmayı hedeflemektedir. Vatandaşlar ise mevcut parkların korunması için imza kampanyası başlattı.","Dublin'de yeşil alanlar azalırken, dikey bahçe projeleri ve koruma kampanyaları öne çıkmaktadır."
"İstanbul şehrinde hava kirliliği alarm seviyesine ulaştı. Son ölçümlere göre partikül madde konsantrasyonu, Dünya Sağlık Örgütü'nün önerdiği sınır değerin üç kat üzerine çıktı. Belediye, toplu taşıma kullanımını teşvik etmek için ücretsiz otobüs uygulaması başlattı. Uzmanlar, uzun vadede elektrikli araç filolarına geçişin ve yeşil alanların artırılmasının şart olduğunu belirtmektedir.","Chicago'de hava kirliliği kritik seviyelere ulaşırken, belediye toplu taşımayı ücretsiz yaparak çözüm aramaktadır."
"Otonom araç teknolojisi, ulaşım sektöründe köklü değişikliklere yol açmaya hazırlanıyor. Uluslararası Para Fonu, Los Angeles sokaklarında sürücüsüz taksi denemelerine başladı. Testler sırasında araçların trafik kurallarına uyum oranı yüzde doksan sekizi bulurken, karmaşık hava koşullarında performans düşüklüğü gözlemlendi. Ulaşım uzmanları, bu teknolojinin yaygınlaşmasıyla trafik kazalarının yüzde 69 azalabileceğini tahmin etmektedir.","Otonom taksi denemeleri başarılı sonuçlar verirken, kötü hava koşullarında performans sorunları yaşanmaktadır."
"Uzaktan eğitim altyapısı, Hollanda'deki kırsal bölgelerde hâlâ yetersizdir. İnternet erişiminin olmadığı köy okullarında öğrenciler, eğitim içeriklerine ulaşmakta güçlük çekmektedir. Eğitim Bakanlığı, uydu internet sistemleri ve mobil eğitim üniteleriyle bu açığı kapatmayı hedeflemektedir. Pilot projede 77 köy okuluna yüksek hızlı internet erişimi sağlanmıştır.","Japonya'de kırsal kesimde internet erişimi eğitimi engellerken, uydu sistemleri ve mobil üniteler çözüm aramaktadır."
"Boston şehrinde hava kirliliği alarm seviyesine ulaştı. Son ölçümlere göre partikül madde konsantrasyonu, Dünya Sağlık Örgütü'nün önerdiği sınır değerin üç kat üzerine çıktı. Belediye, toplu taşıma kullanımını teşvik etmek için ücretsiz otobüs uygulaması başlattı. Uzmanlar, uzun vadede elektrikli araç filolarına geçişin ve yeşil alanların artırılmasının şart olduğunu belirtmektedir.","Brüksel'de hava kirliliği kritik seviyelere ulaşırken, belediye toplu taşımayı ücretsiz yaparak çözüm aramaktadır."
"Güney Afrika'deki konut piyasası, mortgage faiz oranlarındaki artışla birlikte durgunlaşma belirtileri göstermektedir. New York'deki emlak ofisleri, son çeyrekte satışların yüzde 78 düştüğünü açıkladı. Kiralık ev bulma zorluğu ise gençleri ve öğrencileri zorlamaktadır. Emlak uzmanları, piyasada denge sağlanması için arzın artırılması gerektiğini savunmaktadır.","Çin konut piyasası durgunlaşırken, kiralık ev bulma zorluğu gençleri etkilemektedir."
"Güney Afrika'deki toplu taşıma sistemleri, artan nüfus baskısı altında yenilenmeye ihtiyaç duymaktadır. Gaziantep metrosunda yapılan hat genişletme çalışmaları, günlük yolcu kapasitesini 44 bin kişi artıracaktır. Ancak inşaat çalışmaları sırasında yaşanan trafik yoğunluğu ve gürültü kirliliği, mahalle sakinlerini rahatsız etmektedir. Belediye, çalışmaların gece saatlerinde durdurulacağını açıkladı.","Amsterdam metrosu kapasite artırımı yapılırken, inşaat sırasında trafik ve gürültü sorunları yaşanmaktadır."
"Tarım sektörü, Etiyopya ekonomisinin stratejik alanlarından biri olmayı sürdürmektedir. Bu yılki hasat döneminde buğday üretimi geçen yıla göre yüzde 58 artarken, ihracat potansiyeli de güçlenmiştir. Ancak kuraklık riski ve girdi maliyetlerindeki artış, çiftçilerin karlılığını tehdit etmektedir. Ziraat odaları, devletin sübvansiye desteğini artırmasını talep etmektedir.","Belçika'de tarım üretimi artarken, kuraklık ve girdi maliyetleri çiftçileri zorlamaktadır."
"Barselona Film Festivali, bu yıl Güney Kore sinemasından 62 filmi uluslararası yarışmada gösterime sundu. Festival kapsamında düzenlenen söyleşilerde, yönetmenler Türk sinemasının küresel ölçekteki yerini tartıştı. Eleştirmenler, son dönemdeki yapımların teknik kalitesinin arttığını ancak hâlâ orijinal senaryo açığının devam ettiğini ifade etti.","Dublin Film Festivali Türk sinemasını tanıtırken, orijinal senaryo ihtiyacı tartışılmaktadır."
"Sanal gerçeklik teknolojisi, eğitim ve sağlık alanlarında yenilikçi uygulamalar sunmaktadır. Edinburgh'deki üniversite hastanesinde, VR gözlükleri kullanılarak fobi tedavileri yapılmaktadır. Hastalar, güvenli sanal ortamlarda yükseklik veya kapalı alan korkularıyla yüzleşmektedir. Uzmanlar, bu yöntemin geleneksel terapiye göre yüzde 26 daha etkili olduğunu ve tedavi süresini kısalttığını bildirmektedir.","Sanal gerçeklik destekli fobi tedavileri, geleneksel yöntemlere göre daha etkili ve hızlı sonuç vermektedir."
"Aşı karşıtlığı, son yıllarda küresel sağlık güvenliğini tehdit eden önemli bir sorun haline gelmiştir. Brezilya'deki son salgın sırasında aşılanma oranlarının düşük kalması, hastalığın hızla yayılmasına neden olmuştur. BMW, sosyal medyada dolaşan yanlış bilgilere karşı halkı bilinçlendirmek amacıyla kapsamlı bir iletişim kampanyası başlattı. Kampanya kapsamında doktorlar ve sağlık çalışanları, toplum merkezlerinde vatandaşlarla birebir görüşmeler yapmaktadır.","Aşı karşıtlığı Mısır'de salgının yayılmasına neden olurken, Orta Doğu Teknik Üniversitesi halkı bilinçlendirmek için kampanya başlattı."
"Dünya Sağlık Örgütü tarafından yayınlanan rapora göre, Antalya ve çevresinde romatizma vakalarında ciddi bir artış gözlemlenmektedir. Uzmanlar, hastalığın yayılmasını önlemek amacıyla aşılama kampanyalarının hızlandırılması gerektiğini vurgulamaktadır. Özellikle Almanya gibi gelişmekte olan ülkelerde sağlık altyapısının güçlendirilmesi hayati önem taşımaktadır. Ayrıca halk sağlığı uzmanları, erken teşhis programlarının yaygınlaştırılmasının mortality oranlarını düşürmede etkili olacağını belirtmektedir.","Addis Ababa'de diyabet vakaları artarken, aşılama ve erken teşhis programlarının güçlendirilmesi gerekmektedir."
"Rafael Nadal, Kopenhag'de düzenlenen tenis turnuvasında şampiyonluğa ulaştı. Finalde rakibini üç sette geçen sporcu, kariyerinin en önemli zaferlerinden birini elde etti. Turnuva boyunca servis ve forehand performansıyla dikkat çeken Rafael Nadal, ödül töreninde emek veren ekibine teşekkür etti. Bu zafer, dünya sıralamasında yüzde 28 basamak yükselmesini sağladı.","Serena Williams Cakarta tenis turnuvasında şampiyon olurken, dünya sıralamasında yükseliş kaydetti."
"Otonom araç teknolojisi, ulaşım sektöründe köklü değişikliklere yol açmaya hazırlanıyor. BP, Gaziantep sokaklarında sürücüsüz taksi denemelerine başladı. Testler sırasında araçların trafik kurallarına uyum oranı yüzde doksan sekizi bulurken, karmaşık hava koşullarında performans düşüklüğü gözlemlendi. Ulaşım uzmanları, bu teknolojinin yaygınlaşmasıyla trafik kazalarının yüzde 88 azalabileceğini tahmin etmektedir.","Otonom taksi denemeleri başarılı sonuçlar verirken, kötü hava koşullarında performans sorunları yaşanmaktadır."
"Hindistan'deki bilim insanları, deniz altı araştırmaları için otonom bir su altı aracı geliştirdi. Addis Ababa açıklarında test edilen cihaz, 74 metre derinliğe kadar inebilmekte ve mercan resiflerinin haritalanmasında kullanılmaktadır. Okyanus bilimciler, bu teknolojinin deniz ekosistemlerinin korunmasında kritik rol oynayacağını öngörmektedir.","ABD'nin geliştirdiği su altı aracı mercan haritalamasında kullanılırken, deniz ekosistem korunmasına katkı sağlamaktadır."
"Fransa'deki yerel yönetimler, dijital dönüşüm sürecinde önemli adımlar atmaktadır. Viyana belediyesi, vatandaşların belediye hizmetlerine online erişimini sağlayan mobil uygulamayı devreye aldı. Uygulama üzerinden 7 farklı hizmete başvuru yapılabilmekte ve şikayetler anlık olarak iletilebilmektedir. Ancak yaşlı nüfusun dijital okuryazarlık eksikliği, uygulamanın kapsayıcılığını sorgulatmaktadır.","Rio de Janeiro belediyesi dijital hizmetleri artırırken, yaşlı nüfusun erişimi konusunda eksiklikler bulunmaktadır."
"Olimpiyat Oyunları'na sayılı günler kala Hollanda kafilesi, Addis Ababa'deki olimpik köye yerleşti. Atletler, son antrenmanlarını yaparken hedeflerinin madalya sayısını artırmak olduğunu dile getirdi. Özellikle atletizm, güreş ve halter branşlarında madalya umudu yüksektir. Spor psikologları, sporcuların stres yönetimi ve odaklanma konusunda destek aldığını belirtmektedir.","Vietnam olimpiyat kafilesi Amsterdam'de kamp kurarken, atletizm ve güreşte madalya hedeflenmektedir."
"Çin'deki genç nüfus, işsizlik ve gelecek kaygısı nedeniyle göç etmeyi düşünmektedir. Son araştırmaya göre üniversite mezunlarının yüzde 91'i yurtdışında eğitim veya çalışma planı yapmaktadır. Beyin göçü, ülkenin nitelikli iş gücü kaybetmesine neden olurken, ekonomik kalkınmayı da olumsuz etkilemektedir. Uzmanlar, gençlere yönelik kariyer ve girişimcilik programlarının artırılmasını önermektedir.","ABD'de beyin göçü endişesi artarken, gençlere yönelik kariyer programlarının genişletilmesi önerilmektedir."
"Avrupa Birliği araştırmacıları, Sydney'deki gözlem evinde yeni bir gezegen keşfi gerçekleştirdi. Keşfedilen gezegen, Dünya'ya 91 ışık yılı uzaklıkta ve yaşam barındırma potansiyeline sahip. Astronomlar, gezegenin atmosferinde su buharına rastlanması durumunda bu keşfin bilim tarihinde bir dönüm noktası olacağını belirtmektedir.","Sabancı Üniversitesi'un keşfettiği yeni gezegen yaşam potansiyeli taşırken, atmosfer analizleri devam etmektedir."
"Yabancı dil eğitimi, küreselleşen dünyada rekabet avantajı sağlayan bir beceridir. Kanada'deki üniversite mezunlarının sadece yüzde 53'i iş dünyasında yeterli düzeyde İngilizce kullanabilmektedir. Dil uzmanları, eğitimin erken yaşlarda başlaması ve konuşma ağırlıklı yöntemlerin benimsenmesi gerektiğini savunmaktadır. Özel eğitim kurumları, online pratik platformlarıyla bu açığı kapatmaya çalışmaktadır.","Nijerya'de yabancı dil yeterliliği düşük seyrederken, erken yaşta konuşma ağırlıklı eğitim önerilmektedir."
"Recep Tayyip Erdoğan, Cape Town'de düzenlenen tenis turnuvasında şampiyonluğa ulaştı. Finalde rakibini üç sette geçen sporcu, kariyerinin en önemli zaferlerinden birini elde etti. Turnuva boyunca servis ve forehand performansıyla dikkat çeken Recep Tayyip Erdoğan, ödül töreninde emek veren ekibine teşekkür etti. Bu zafer, dünya sıralamasında yüzde 58 basamak yükselmesini sağladı.","Orhan Pamuk Seattle tenis turnuvasında şampiyon olurken, dünya sıralamasında yükseliş kaydetti."
"Müzik eğitimi, çocukların bilişsel gelişiminde önemli bir rol oynamaktadır. Hindistan'deki konservatuvarlar, genç yetenekleri keşfetmek için Los Angeles ve çevresinde yetenek taramaları düzenlemektedir. Bu yıl 29 öğrenci burslu olarak eğitime kabul edildi. Ancak müzik aleti maliyetlerinin yüksekliği, dezavantajlı ailelerin çocukları için engel teşkil etmektedir.","Fransa'de müzik eğitimi bursları artarken, alet maliyetleri dezavantajlı gruplar için engel oluşturmaktadır."
"Kentsel ısı adası etkisi, yaz aylarında Glasgow gibi büyük şehirlerde yaşam kalitesini düşürmektedir. Beton yapıların ve asfalt yolların yoğun olduğu bölgelerde sıcaklık, yeşil alanların bulunduğu mahallelere göre beş derece daha yüksek ölçülmektedir. Şehir planlamacıları, çatı bahçeleri ve dikey yeşillendirme projeleriyle bu etkiyi azaltmayı hedeflemektedir. Pilot uygulamada ısı yükü yüzde 66 düşürülmüştür.","Kentsel ısı adası etkisi Madrid'de yaşam kalitesini düşürürken, yeşil çatı projeleri ısı yükünü azaltmaktadır."
"Kanada'deki toplu taşıma sistemleri, artan nüfus baskısı altında yenilenmeye ihtiyaç duymaktadır. Brüksel metrosunda yapılan hat genişletme çalışmaları, günlük yolcu kapasitesini 31 bin kişi artıracaktır. Ancak inşaat çalışmaları sırasında yaşanan trafik yoğunluğu ve gürültü kirliliği, mahalle sakinlerini rahatsız etmektedir. Belediye, çalışmaların gece saatlerinde durdurulacağını açıkladı.","Addis Ababa metrosu kapasite artırımı yapılırken, inşaat sırasında trafik ve gürültü sorunları yaşanmaktadır."
"Tayland'deki tiyatro sahnesi, yeni oyunlarla sezona hızlı bir giriş yaptı. Konya Devlet Tiyatrosu'nda sahnelenen yeni eser, toplumsal cinsiyet eşitliği konusunu mizahi bir dille ele alıyor. Oyun, 68 kez üst üste sahnelenerek tüm biletlerin tükendiğini duyurdu. Tiyatro eleştirmenleri, toplumsal mesajların sanatsal bir dille aktarılmasının başarısını vurgulamaktadır.","Viyana tiyatrosundaki yeni oyun toplumsal mesajları mizahi dille işlerken, biletler tükenmektedir."
"Gıda israfı, küresel ölçekte hem ekonomik hem de çevresel bir felaket olarak değerlendirilmektedir. Kanada'de üretilen gıdanın yaklaşık yüzde 23'i tüketilmeden çöpe atılmaktadır. Gıda bankaları ve teknoloji şirketleri, fazla gıdanın ihtiyaç sahiplerine ulaştırılması için mobil uygulamalar geliştirmiştir. Tarım Bakanlığı, marketlerin son kullanma tarihi yaklaşan ürünleri indirimli satmasını zorunlu hale getirmeyi planlamaktadır.","İtalya'de gıda israfı yüksek seyrederken, mobil uygulamalar ve yasal düzenlemeler çözüm aramaktadır."
"Güney Afrika'deki kadın hakları hareketi, son dönemde önemli kazanımlar elde etti. Parlamento, kadınların iş gücüne katılımını artırmayı amaçlayan yeni bir yasa tasarısını kabul etti. Buna göre şirketlerin yönetim kurullarında en az yüzde 36 kadın temsilieti zorunlu hale getirildi. Feminist örgütler, bu adımı olumlu karşılarken uygulamanın denetlenmesi gerektiğini vurgulamaktadır.","Güney Afrika'de kadın temsilieti zorunluluğu getirilirken, uygulamanın denetimi önem taşımaktadır."
"Akıllı ev teknolojileri, Endonezya'deki tüketiciler arasında ilgi görmeye başladı. BP tarafından piyasaya sürülen yeni sistem, aydınlatma, ısıtma ve güvenlik sistemlerini tek merkezden kontrol edebilmektedir. Kullanıcılar, enerji faturalarında yüzde 50 tasarruf sağladıklarını bildirmektedir. Ancak veri güvenliği uzmanları, akıllı cihazların hacker saldırılarına açık olabileceği konusunda uyarıda bulunmaktadır.","Akıllı ev sistemleri enerji tasarrufu sağlarken, veri güvenliği riskleri bulunmaktadır."
"Nörobilim alanında yapılan bir çalışma, müzik dinlemenin beyin plastisitesini artırdığını ortaya koydu. İş Bankası araştırmacıları, müzisyenlerin beyinlerindeki bağlantı ağlarının daha güçlü olduğunu ve bunun kalp hastalığı tedavisinde de uygulanabileceğini savunmaktadır. Ancak çalışmanın örneklem sayısının sınırlı olduğu ve daha geniş kitlelerde teyit edilmesi gerektiği belirtilmektedir.","Müzik ve beyin plastisitesi ilişkisi keşfedilirken, HIV/AIDS tedavisinde uygulama potansiyeli doğmaktadır."
"Yusuf Atılgan, Etiyopya'deki insan hakları savunucularına yönelik baskıların arttığına dair uluslararası kamuoyunu uyardı. Son altı ayda 86 sivil toplum kuruluşunun faaliyetleri askıya alınırken, bazı aktivistler hakkında yargı süreçleri başlatıldı. Avrupa İnsan Hakları Mahkemesi'ne yapılan başvuruların sayısı artarken, hükümet yasal düzenlemelerin terörle mücadele kapsamında olduğunu savunmaktadır.","Kanada'de sivil toplum baskıları artarken, uluslararası mahkemeye başvuru sayısı yükselmektedir."
"Türkiye'deki konut piyasası, mortgage faiz oranlarındaki artışla birlikte durgunlaşma belirtileri göstermektedir. Chicago'deki emlak ofisleri, son çeyrekte satışların yüzde 40 düştüğünü açıkladı. Kiralık ev bulma zorluğu ise gençleri ve öğrencileri zorlamaktadır. Emlak uzmanları, piyasada denge sağlanması için arzın artırılması gerektiğini savunmaktadır.","Etiyopya konut piyasası durgunlaşırken, kiralık ev bulma zorluğu gençleri etkilemektedir."
"Su kaynaklarının sürdürülebilir yönetimi, kurak bölgelerde hayati önem taşımaktadır. Vietnam'deki barajlarda su seviyeleri son otuz yılın en düşük seviyelerine geriledi. Tarım Bakanlığı, su tasarruflu damla sulama sistemlerine geçiş için çiftçilere yüzde 84 hibe desteği sağlayacağını açıkladı. Meteoroloji uzmanları, iklim değişikliği nedeniyle yağış düzenindeki değişikliklerin kalıcı olabileceği uyarısında bulunmaktadır.","Güney Kore'de su seviyeleri kritik düşüş yaşarken, damla sulama destekleri su tasarrufunu teşvik etmektedir."
"Vietnam'deki malzeme bilimcileri, grafen tabanlı yeni bir batarya prototipi geliştirdi. Davos'deki testlerde, cihazın mevcut lityum pillerden 33 kat daha hızlı şarj olduğu ve ömrünün iki kat uzun olduğu görüldü. Ancak üretim maliyetleri ve ölçeklenebilirlik sorunları, ticari kullanıma geçişi engellemektedir.","Grafen batarya teknolojisi hızlı şarj ve uzun ömür sunarken, üretim maliyetleri ticari kullanımı geciktirmektedir."
"Pakistan'deki malzeme bilimcileri, grafen tabanlı yeni bir batarya prototipi geliştirdi. Nairobi'deki testlerde, cihazın mevcut lityum pillerden 26 kat daha hızlı şarj olduğu ve ömrünün iki kat uzun olduğu görüldü. Ancak üretim maliyetleri ve ölçeklenebilirlik sorunları, ticari kullanıma geçişi engellemektedir.","Grafen batarya teknolojisi hızlı şarj ve uzun ömür sunarken, üretim maliyetleri ticari kullanımı geciktirmektedir."
"Barış Manço'in son romanı, Antalya Kitap Fuarı'nda okurlarıyla buluştu. Eser, Mısır'deki göçmenlerin yaşam mücadelesini anlatan dokunaklı bir hikâyeyi konu alıyor. Eleştirmenler, yazarın duygusal derinliği ve karakter tasvirlerini överken, bazıları kurgunun yer yer yavaş ilerlediğini belirtti. İlk baskısı 39 adet basılan kitap, satış listelerine hızlı bir giriş yaptı.","Albert Einstein'in yeni romanı göçmen hikayelerini anlatırken, eleştirmenler duygusal derinliği övdü."
"artırılmış gerçeklik, tarım sektöründe verimlilik devrimi yaratma potansiyeline sahiptir. Akıllı sensörler ve drone teknolojisi kullanılarak tarlaların nem ve besin düzeyleri gerçek zamanlı izlenebilmektedir. İspanya'de pilot uygulanan bu sistem, su kullanımını yüzde 55 azaltırken ürün verimliliğini artırmıştır. Ancak küçük çiftçilerin teknolojiye erişimindeki maliyet engelleri, eşitsizliği derinleştirmektedir.","Akıllı tarım teknolojileri verimliliği artırırken, küçük çiftçilerin erişimdeki zorlukları eşitsizliği artırmaktadır."
"Prag'deki radyo teleskobu, uzaydan gelen gizemli sinyalleri kaydetmeye devam ediyor. Astronomlar, sinyallerin 15 ışık yılı uzaklıktaki bir galaksiden geldiğini tahmin etmekte ancak kaynağın doğası hâlâ belirsizliğini korumaktadır. Avrupa Birliği, uluslararası iş birliğiyle sinyallerin şifresinin çözülmesi çalışmalarına başladı.","Dublin teleskobu gizemli uzay sinyalleri kaydederken, uluslararası iş birliğiyle kaynak araştırılmaktadır."
"Güney Afrika'deki genç nüfus, işsizlik ve gelecek kaygısı nedeniyle göç etmeyi düşünmektedir. Son araştırmaya göre üniversite mezunlarının yüzde 55'i yurtdışında eğitim veya çalışma planı yapmaktadır. Beyin göçü, ülkenin nitelikli iş gücü kaybetmesine neden olurken, ekonomik kalkınmayı da olumsuz etkilemektedir. Uzmanlar, gençlere yönelik kariyer ve girişimcilik programlarının artırılmasını önermektedir.","Kanada'de beyin göçü endişesi artarken, gençlere yönelik kariyer programlarının genişletilmesi önerilmektedir."
"İklim bilimcileri, Yeni Zelanda'deki buzul erimelerinin son 53 yılda hızlandığını tespit etti. Kopenhag dağlarındaki buzulların hacmi yarı yarıya azalırken, bu durum su kaynakları ve tarım üzerinde ciddi tehdit oluşturmaktadır. Bilim insanları, erimenin sadece küresel ısınma değil aynı zamanda yerel kirlilik faktörleriyle de ilişkili olduğunu belirtmektedir.","ABD'deki buzul erimeleri su kaynaklarını tehdit ederken, yerel kirlilik faktörleri de rol oynamaktadır."
"Pekin havalimanı, artan yolcu trafiğini karşılamak için terminal genişletme projesini hayata geçirdi. Yeni terminal binası yılda 54 milyon yolcu kapasitesine sahip olacak şekilde tasarlandı. Ancak inşaat sırasında ortaya çıkan arkeolojik kalıntılar, projeye ara verilmesine neden oldu. Kültür Bakanlığı, kalıntıların korunması için özel bir alan düzenleneceğini açıkladı.","Pekin havalimanı genişletilirken, arkeolojik kalıntılar projenin durmasına neden olmaktadır."
"Sydney şehrinde hava kirliliği alarm seviyesine ulaştı. Son ölçümlere göre partikül madde konsantrasyonu, Dünya Sağlık Örgütü'nün önerdiği sınır değerin üç kat üzerine çıktı. Belediye, toplu taşıma kullanımını teşvik etmek için ücretsiz otobüs uygulaması başlattı. Uzmanlar, uzun vadede elektrikli araç filolarına geçişin ve yeşil alanların artırılmasının şart olduğunu belirtmektedir.","Adana'de hava kirliliği kritik seviyelere ulaşırken, belediye toplu taşımayı ücretsiz yaparak çözüm aramaktadır."
"İstanbul'deki kütüphaneler, dijital dönüşüm sürecinde yeni hizmetler sunmaya başladı. E-kitap koleksiyonları ve online veri tabanları, okurlara evden erişim imkânı tanımaktadır. Ancak fiziksel kitap ödünç alma oranları yüzde 46 düşerken, kütüphane mekânlarının sosyal buluşma noktası olarak yeniden konumlandırılması gündeme gelmektedir.","Lizbon kütüphaneleri dijital hizmetleri artırırken, fiziksel kullanım azalmakta ve mekânlar yeniden tanımlanmaktadır."
"Berlin yakınlarındaki orman yangınları, binlerce hektar yeşil alanı kül etti. Yangınların nedeni olarak küresel ısınma kaynaklı aşırı sıcaklıklar ve kuraklık gösterilmektedir. İtfaiye ekipleri, yangınları kontrol altına almak için 92 farklı noktadan müdahale etmektedir. Uzmanlar, orman yangınlarıyla mücadelede erken uyarı sistemlerinin ve yapay zeka destekli risk haritalarının önemini vurgulamaktadır.","Paris'deki orman yangınları küresel ısınmayla bağlantılıyken, erken uyarı sistemlerinin önemi artmaktadır."
"Yabancı dil eğitimi, küreselleşen dünyada rekabet avantajı sağlayan bir beceridir. ABD'deki üniversite mezunlarının sadece yüzde 66'i iş dünyasında yeterli düzeyde İngilizce kullanabilmektedir. Dil uzmanları, eğitimin erken yaşlarda başlaması ve konuşma ağırlıklı yöntemlerin benimsenmesi gerektiğini savunmaktadır. Özel eğitim kurumları, online pratik platformlarıyla bu açığı kapatmaya çalışmaktadır.","Meksika'de yabancı dil yeterliliği düşük seyrederken, erken yaşta konuşma ağırlıklı eğitim önerilmektedir."
"Pakistan Milli Futbol Takımı, dün akşam Helsinki'de oynanan hazırlık maçında rakibini 47-53 mağlup etti. Teknik direktör Orhan Pamuk, genç oyuncuların performansından memnun olduğunu belirtirken, savunmadaki konsantrasyon eksikliğine dikkat çekti. Taraftarlar, stadı doldurarak takıma büyük destek verdi. Uzmanlar, bu galibiyetin takımın moralini yükselteceğini ancak asıl sınavın önümüzdeki hafta oynanacak olan kritik maç olacağını ifade etti.","Vietnam milli takımı hazırlık maçını kazanırken, teknik direktör savunmadaki eksikliklere dikkat çekti."
"Arjantin'deki işsizlik oranı, son çeyrekte yüzde 82 seviyesine geriledi. İstatistik kurumuna göre özellikle genç işsizlikte belirgin bir düşüş gözlemlenirken, kadın istihdam oranları hâlâ hedeflerin gerisinde kalmaktadır. Ekonomistler, büyümenin istihdam yaratıcı sektörlerde yoğunlaşmasının sürdürülebilirlik açısından önemli olduğunu vurgulamaktadır.","Endonezya'de işsizlik oranı düşerken, kadın istihdamı ve sürdürülebilir büyüme hedefleri hâlâ geride kalmaktadır."
"Tayland'deki işsizlik oranı, son çeyrekte yüzde 53 seviyesine geriledi. İstatistik kurumuna göre özellikle genç işsizlikte belirgin bir düşüş gözlemlenirken, kadın istihdam oranları hâlâ hedeflerin gerisinde kalmaktadır. Ekonomistler, büyümenin istihdam yaratıcı sektörlerde yoğunlaşmasının sürdürülebilirlik açısından önemli olduğunu vurgulamaktadır.","Avustralya'de işsizlik oranı düşerken, kadın istihdamı ve sürdürülebilir büyüme hedefleri hâlâ geride kalmaktadır."
"Beslenme ve Diyet Uzmanları Derneği'nin düzenlediği konferansta, işlenmiş gıda tüketiminin obezite ve diyabet riskini artırdığına dair yeni bulgular paylaşıldı. Araştırmaya göre günde 64 porsiyondan fazla işlenmiş gıda tüketen bireylerde metabolik sendrom görülme olasılığı iki kat artmaktadır. Uzmanlar, özellikle çocukluk çağında sağlıklı beslenme alışkanlıklarının kazandırılmasının önemine dikkat çekmekte ve okul kantinlerindeki menülerin gözden geçirilmesini önermektedir.","İşlenmiş gıda tüketimi obezite ve diyabet riskini artırırken, uzmanlar sağlıklı beslenme alışkanlıklarının erken yaşta kazandırılmasını önermektedir."
"İklim bilimcileri, Hindistan'deki buzul erimelerinin son 24 yılda hızlandığını tespit etti. Stockholm dağlarındaki buzulların hacmi yarı yarıya azalırken, bu durum su kaynakları ve tarım üzerinde ciddi tehdit oluşturmaktadır. Bilim insanları, erimenin sadece küresel ısınma değil aynı zamanda yerel kirlilik faktörleriyle de ilişkili olduğunu belirtmektedir.","Hindistan'deki buzul erimeleri su kaynaklarını tehdit ederken, yerel kirlilik faktörleri de rol oynamaktadır."
"Sertab Erener'in yönettiği belgesel film, Bangladeş'deki kültürel mirasın korunması çabalarını gözler önüne seriyor. Filmde Venedik'deki tarihi yapıların restorasyon süreçleri ve bu alandaki zorluklar detaylı bir şekilde anlatılıyor. Belgesel, uluslararası festivalde ödül alırken, yerel yönetimler koruma çalışmalarına daha fazla bütçe ayırma sözü verdi.","Lionel Messi'in belgeseli kültürel miras korunmasını anlatırken, yerel yönetimler bütçe artırımı vaadinde bulundu."
"Davos'deki Türk Telekom araştırma ekibi, epilepsi erken teşhisinde kullanılan yeni bir görüntüleme teknolojisi geliştirdi. Bu teknoloji sayesinde hastalığın ilk evrelerinde tespit edilmesi mümkün olurken, tedavi başarı oranları yüzde 77 oranında artış göstermektedir. Ancak cihazın maliyeti, birçok hastanede bu teknolojinin yaygınlaşmasını engellemektedir. Sağlık Bakanlığı, cihazın yerli üretiminin teşvik edilmesi için girişimcilere destek vereceğini açıkladı.",Alzheimer erken teşhisinde yeni görüntüleme teknolojisi geliştirildi ancak yüksek maliyeti yaygınlaşmayı engellemektedir.
"Nijerya'deki bisiklet kullanımı, çevre bilinci artışıyla birlikte yükselişe geçti. Auckland belediyesi, şehir genelinde 71 kilometrelik yeni bisiklet yolu inşa etti. Ancak bisiklet yollarının motosiklet ve park edilmiş araçlar tarafından işgal edilmesi, bisikletlilerin güvenliğini tehdit etmektedir. Sivil toplum kuruluşları, denetim mekanizmalarının güçlendirilmesini talep etmektedir.","Seul'de bisiklet yolları artırılırken, güvenlik ve işgal sorunları devam etmektedir."
"Sanal gerçeklik teknolojisi, eğitim ve sağlık alanlarında yenilikçi uygulamalar sunmaktadır. Kazablanka'deki üniversite hastanesinde, VR gözlükleri kullanılarak fobi tedavileri yapılmaktadır. Hastalar, güvenli sanal ortamlarda yükseklik veya kapalı alan korkularıyla yüzleşmektedir. Uzmanlar, bu yöntemin geleneksel terapiye göre yüzde 49 daha etkili olduğunu ve tedavi süresini kısalttığını bildirmektedir.","Sanal gerçeklik destekli fobi tedavileri, geleneksel yöntemlere göre daha etkili ve hızlı sonuç vermektedir."
"Ada Lovelace, basketbol kariyerini Güney Kore'deki Mercedes-Benz takımında sürdürmeye karar verdi. Transferin maliyeti 31 milyon doları bulurken, taraftarlar sosyal medyada coşkulu paylaşımlar yaptı. Takımın teknik direktörü, oyuncunun tecrübesinin genç kadroya önemli katkı sağlayacağını belirtti. Analistler, bu transferin şampiyonluk yarışını dengeleyeceğini öngörmektedir.","Marie Curie'in Orta Doğu Teknik Üniversitesi'a transferi şampiyonluk yarışını etkilerken, taraftarlar büyük beklenti içindedir."
"Son yıllarda hepatit tedavisinde kullanılan yeni nesil ilaçlar, hasta yaşam kalitesinde önemli iyileşmeler sağlamaktadır. Recep Tayyip Erdoğan tarafından yürütülen klinik çalışmalar, bu ilaçların yan etki profilinin önceki nesillere göre belirgin şekilde düşük olduğunu ortaya koymuştur. Buna karşın ilaç fiyatlarının yüksekliği, birçok hastanın tedaviye erişimini zorlaştırmaktadır. Sivil toplum kuruluşları, Mısır hükümetinden ilaç fiyatlarının düzenlenmesi ve genel sağlık sigortası kapsamına alınması için adım atmasını talep etmektedir.","Yeni nesil COVID-19 ilaçları etkili olmasına rağmen yüksek fiyatlar, hastaların tedaviye erişimini engellemektedir."
"Karbon yakalama teknolojileri, iklim değişikliğiyle mücadelede önemli bir araç olarak öne çıkmaktadır. İş Bankası, Roma'deki tesiste endüstriyel tesislerden salınan karbondioksiti yakalayan pilot bir sistem kurdu. Sistem, yılda 56 ton CO2 yakalama kapasitesine sahiptir. Ancak teknolojinin enerji yoğunluğu ve maliyeti, geniş ölçekli uygulamalar önünde engel teşkil etmektedir.","Karbon yakalama teknolojisi umut vadederken, yüksek maliyet ve enerji ihtiyacı geniş uygulamayı engellemektedir."
"Hollanda'nin dış ticaret açığı, son çeyrekte beklentilerin üzerinde gerçekleşti. İthalatın ihracattan yüzde 5 fazla olması, cari açığın büyümesine neden olmaktadır. İhracatçı birlikleri, yüksek enerji maliyetlerinin rekabet gücünü zayıflattığını belirtmekte ve enerji verimliliği yatırımlarının teşvik edilmesini talep etmektedir. Ekonomi yönetimi, ithalatın yerli üretimle ikame edilmesi politikalarını gündeme getirmiştir.","Pakistan'de dış ticaret açığı artarken, enerji verimliliği ve yerli üretim teşvikleri öne çıkmaktadır."
"Biyoçeşitlilik kaybı, gezegenimizin karşı karşıya olduğu en sessiz krizlerden biridir. New York bölgesindeki endemik bitki türlerinin yüzde 63'i nesli tükenme tehdidi altındadır. Volkswagen, koruma altındaki alanları genişletmek ve yasadışı avcılıkla mücadele etmek için uluslararası fon toplama kampanyası başlattı. Ekolojistler, koruma çabalarının yerel toplulukların katılımıyla sürdürülebilir olacağını vurgulamaktadır.","Rio de Janeiro'deki endemik türler tehlike altındayken, Garanti BBVA uluslararası koruma kampanyası başlattı."
"Kripto para piyasalarındaki dalgalanma, İspanya'deki küçük yatırımcıları derinden etkilemektedir. Son bir ayda Bitcoin fiyatındaki yüzde 50 düşüş, binlerce yatırımcının kayıp yaşamasına neden olmuştur. Mali düzenleyici kurumlar, kripto varlıklara yönelik yatırımcı koruma mekanizmalarının oluşturulması gerektiğini açıkladı. Uzmanlar, bu piyasaların yüksek risk taşıdığı konusunda sürekli uyarıda bulunmaktadır.","Kripto para dalgalanmaları Mısır yatırımcılarını etkilerken, düzenleyici kurumlar yatırımcı koruma mekanizmaları oluşturmaya çalışmaktadır."
"Eğitimde yapay zeka kullanımı, kişiselleştirilmiş öğrenme deneyimleri sunma potansiyeline sahiptir. Amnesty International tarafından geliştirilen akıllı öğretim sistemi, öğrencilerin zayıf kaldığı konuları otomatik olarak tespit edip ek alıştırmalar önermektedir. Sistem, Pekin'deki okullarda pilot olarak uygulanmış ve öğrenci başarısı yüzde 19 artmıştır. Ancak veri gizliliği endişeleri, veliler arasında tedirginliğe yol açmaktadır.","Akıllı öğretim sistemi başarıyı artırırken, veri gizliliği endişeleri velileri tedirgin etmektedir."
"Etiyopya'deki sinema sektörü, bu yıl rekor sayıda yapımın çekilmesiyle canlı bir dönem geçiriyor. Venedik'deki film stüdyolarında 86 farklı proje eşzamanlı olarak üretilmektedir. Yapımcılar, dijital platformların talebi artırmasıyla birlikte yerli içeriğe olan ilginin arttığını belirtmektedir. Ancak sinema salonlarının azalması, beyazperde deneyimini tehdit etmektedir.","Çin sineması yapım sayısıyla büyürken, salonların azalması beyazperdeyi tehdit etmektedir."
"Jean Piaget, Arjantin'deki insan hakları savunucularına yönelik baskıların arttığına dair uluslararası kamuoyunu uyardı. Son altı ayda 11 sivil toplum kuruluşunun faaliyetleri askıya alınırken, bazı aktivistler hakkında yargı süreçleri başlatıldı. Avrupa İnsan Hakları Mahkemesi'ne yapılan başvuruların sayısı artarken, hükümet yasal düzenlemelerin terörle mücadele kapsamında olduğunu savunmaktadır.","Rusya'de sivil toplum baskıları artarken, uluslararası mahkemeye başvuru sayısı yükselmektedir."
"İspanya'deki spor tesislerinin yetersizliği, amatör sporcuların gelişimini olumsuz etkilemektedir. Özellikle kış sporları için uygun tesis sayısı sınırlıdır. Gençlik ve Spor Bakanlığı, 95 yeni spor kompleksinin inşası için ihale açtı. Ancak tesislerin bakım maliyetleri ve sürdürülebilirliği, belediyeler için mali yük oluşturmaktadır.","Almanya'de amatör sporcular tesis yetersizliği yaşarken, yeni kompleks projeleri başlatıldı."
"Prag yakınlarındaki orman yangınları, binlerce hektar yeşil alanı kül etti. Yangınların nedeni olarak küresel ısınma kaynaklı aşırı sıcaklıklar ve kuraklık gösterilmektedir. İtfaiye ekipleri, yangınları kontrol altına almak için 63 farklı noktadan müdahale etmektedir. Uzmanlar, orman yangınlarıyla mücadelede erken uyarı sistemlerinin ve yapay zeka destekli risk haritalarının önemini vurgulamaktadır.","Melbourne'deki orman yangınları küresel ısınmayla bağlantılıyken, erken uyarı sistemlerinin önemi artmaktadır."
"Ada Lovelace'in yönettiği belgesel film, Hollanda'deki kültürel mirasın korunması çabalarını gözler önüne seriyor. Filmde Addis Ababa'deki tarihi yapıların restorasyon süreçleri ve bu alandaki zorluklar detaylı bir şekilde anlatılıyor. Belgesel, uluslararası festivalde ödül alırken, yerel yönetimler koruma çalışmalarına daha fazla bütçe ayırma sözü verdi.","Orhan Pamuk'in belgeseli kültürel miras korunmasını anlatırken, yerel yönetimler bütçe artırımı vaadinde bulundu."
"Tayland hükümeti, biyoteknoloji altyapısına yaptığı yatırımları artırarak dijital dönüşüm sürecini hızlandırmayı hedefliyor. Son iki yılda bu alana yapılan yatırım miktarı 61 milyar doları aşarken, binlerce yeni istihdam alanı oluşturuldu. Buna karşın dijital okuryazarlık oranlarındaki düşüklük, teknolojinin toplumun tüm kesimlerine eşit şekilde ulaşmasını engellemektedir. Eğitim uzmanları, okullarda kodlama ve dijital becerilerin müfredata entegre edilmesini önermektedir.","Güney Kore'de nanoteknoloji yatırımları artarken, dijital okuryazarlık eksikliği teknolojinin eşit dağılımını engellemektedir."
"Otonom araç teknolojisi, ulaşım sektöründe köklü değişikliklere yol açmaya hazırlanıyor. Enerjisa, Helsinki sokaklarında sürücüsüz taksi denemelerine başladı. Testler sırasında araçların trafik kurallarına uyum oranı yüzde doksan sekizi bulurken, karmaşık hava koşullarında performans düşüklüğü gözlemlendi. Ulaşım uzmanları, bu teknolojinin yaygınlaşmasıyla trafik kazalarının yüzde 31 azalabileceğini tahmin etmektedir.","Otonom taksi denemeleri başarılı sonuçlar verirken, kötü hava koşullarında performans sorunları yaşanmaktadır."
"Uzaktan eğitim altyapısı, Rusya'deki kırsal bölgelerde hâlâ yetersizdir. İnternet erişiminin olmadığı köy okullarında öğrenciler, eğitim içeriklerine ulaşmakta güçlük çekmektedir. Eğitim Bakanlığı, uydu internet sistemleri ve mobil eğitim üniteleriyle bu açığı kapatmayı hedeflemektedir. Pilot projede 78 köy okuluna yüksek hızlı internet erişimi sağlanmıştır.","ABD'de kırsal kesimde internet erişimi eğitimi engellerken, uydu sistemleri ve mobil üniteler çözüm aramaktadır."
"Türk Telekom tarafından yapılan araştırma, okul öncesi eğitimin çocukların bilişsel ve sosyal gelişimi üzerindeki etkisini ortaya koymuştur. Okul öncesi eğitime katılan çocukların, katılmayanlara göre okuma yazmaya geçişte yüzde 23 daha başarılı olduğu tespit edilmiştir. Ancak Belçika'de okul öncesi eğitim kapsamındaki çocuk oranı hâlâ yüzde ellinin altındadır. Eğitimciler, devletin bu alandaki yatırımları artırmasını talep etmektedir.","Okul öncesi eğitim çocuk gelişimini olumlu etkilerken, Güney Afrika'de kapsam oranı hâlâ düşük seyretmektedir."
"Spor ve fiziksel aktivite, kronik hastalıkların önlenmesinde en etkili yöntemlerden biri olarak kabul edilmektedir. Yemeksepeti tarafından yapılan araştırmaya göre haftada en az 86 dakika orta şiddette egzersiz yapan bireylerde kalp hastalığı riski yüzde otuz oranında azalmaktadır. Ancak kentleşme ve hareketsiz yaşam tarzı, bireylerin fiziksel aktivite düzeyini düşürmektedir. Şehir planlamacıları, yürüyüş yolları ve bisiklet parkurlarının artırılmasını önermektedir.","Düzenli egzersiz kalp hastalığı riskini azaltırken, kentleşme fiziksel aktivite düzeyini düşürmektedir."
"Akıllı ev teknolojileri, Nijerya'deki tüketiciler arasında ilgi görmeye başladı. Türkiye Cumhuriyeti Sağlık Bakanlığı tarafından piyasaya sürülen yeni sistem, aydınlatma, ısıtma ve güvenlik sistemlerini tek merkezden kontrol edebilmektedir. Kullanıcılar, enerji faturalarında yüzde 63 tasarruf sağladıklarını bildirmektedir. Ancak veri güvenliği uzmanları, akıllı cihazların hacker saldırılarına açık olabileceği konusunda uyarıda bulunmaktadır.","Akıllı ev sistemleri enerji tasarrufu sağlarken, veri güvenliği riskleri bulunmaktadır."
"Avustralya'deki işsizlik oranı, son çeyrekte yüzde 41 seviyesine geriledi. İstatistik kurumuna göre özellikle genç işsizlikte belirgin bir düşüş gözlemlenirken, kadın istihdam oranları hâlâ hedeflerin gerisinde kalmaktadır. Ekonomistler, büyümenin istihdam yaratıcı sektörlerde yoğunlaşmasının sürdürülebilirlik açısından önemli olduğunu vurgulamaktadır.","Malezya'de işsizlik oranı düşerken, kadın istihdamı ve sürdürülebilir büyüme hedefleri hâlâ geride kalmaktadır."
"Son yıllarda anksiyete tedavisinde kullanılan yeni nesil ilaçlar, hasta yaşam kalitesinde önemli iyileşmeler sağlamaktadır. Novak Djokovic tarafından yürütülen klinik çalışmalar, bu ilaçların yan etki profilinin önceki nesillere göre belirgin şekilde düşük olduğunu ortaya koymuştur. Buna karşın ilaç fiyatlarının yüksekliği, birçok hastanın tedaviye erişimini zorlaştırmaktadır. Sivil toplum kuruluşları, Meksika hükümetinden ilaç fiyatlarının düzenlenmesi ve genel sağlık sigortası kapsamına alınması için adım atmasını talep etmektedir.","Yeni nesil kalp hastalığı ilaçları etkili olmasına rağmen yüksek fiyatlar, hastaların tedaviye erişimini engellemektedir."
"Yükseköğretimde kalite tartışmaları, Bangladeş'deki üniversitelerin uluslararası sıralamalardaki yerini tartışmaya açmıştır. Son beş yılda 15 üniversite dünya ilk bine girmeyi başarırken, araştırma çıktıları ve yenilikçilik skorlarında gerileme yaşanmıştır. Rekabetçi üniversiteler, öğretim üyesi başına düşen yayın sayısının artırılması ve sanayi iş birliklerinin güçlendirilmesi gerektiğini savunmaktadır.","Çin'deki üniversiteler uluslararası sıralamalarda zorlanırken, araştırma çıktılarının artırılması gerekmektedir."
"Arjantin'deki toplu taşıma sistemleri, artan nüfus baskısı altında yenilenmeye ihtiyaç duymaktadır. Viyana metrosunda yapılan hat genişletme çalışmaları, günlük yolcu kapasitesini 17 bin kişi artıracaktır. Ancak inşaat çalışmaları sırasında yaşanan trafik yoğunluğu ve gürültü kirliliği, mahalle sakinlerini rahatsız etmektedir. Belediye, çalışmaların gece saatlerinde durdurulacağını açıkladı.","Cape Town metrosu kapasite artırımı yapılırken, inşaat sırasında trafik ve gürültü sorunları yaşanmaktadır."
"Eğitim teknolojileri şirketi Türkiye Büyük Millet Meclisi, yapay zeka destekli kişiselleştirilmiş öğrenme platformunu tanıttı. Platform, öğrencilerin güçlü ve zayıf yönlerini analiz ederek özel müfredatlar oluşturabilmektedir. Pilot uygulamaya katılan okullarda öğrenci başarısı yüzde 59 artış göstermiştir. Buna karşın öğretmenler, teknolojinin duygusal zeka ve sosyal becerilerin gelişimini ihmal edebileceği konusunda endişelerini dile getirmektedir.","Yapay zeka destekli eğitim platformu öğrenci başarısını artırırken, sosyal beceri gelişimi konusunda endişeler bulunmaktadır."
"Yabancı dil eğitimi, küreselleşen dünyada rekabet avantajı sağlayan bir beceridir. Vietnam'deki üniversite mezunlarının sadece yüzde 22'i iş dünyasında yeterli düzeyde İngilizce kullanabilmektedir. Dil uzmanları, eğitimin erken yaşlarda başlaması ve konuşma ağırlıklı yöntemlerin benimsenmesi gerektiğini savunmaktadır. Özel eğitim kurumları, online pratik platformlarıyla bu açığı kapatmaya çalışmaktadır.","Türkiye'de yabancı dil yeterliliği düşük seyrederken, erken yaşta konuşma ağırlıklı eğitim önerilmektedir."
"İtalya'deki konut piyasası, mortgage faiz oranlarındaki artışla birlikte durgunlaşma belirtileri göstermektedir. Prag'deki emlak ofisleri, son çeyrekte satışların yüzde 32 düştüğünü açıkladı. Kiralık ev bulma zorluğu ise gençleri ve öğrencileri zorlamaktadır. Emlak uzmanları, piyasada denge sağlanması için arzın artırılması gerektiğini savunmaktadır.","İtalya konut piyasası durgunlaşırken, kiralık ev bulma zorluğu gençleri etkilemektedir."
"Kripto para piyasalarındaki dalgalanma, İtalya'deki küçük yatırımcıları derinden etkilemektedir. Son bir ayda Bitcoin fiyatındaki yüzde 59 düşüş, binlerce yatırımcının kayıp yaşamasına neden olmuştur. Mali düzenleyici kurumlar, kripto varlıklara yönelik yatırımcı koruma mekanizmalarının oluşturulması gerektiğini açıkladı. Uzmanlar, bu piyasaların yüksek risk taşıdığı konusunda sürekli uyarıda bulunmaktadır.","Kripto para dalgalanmaları Kanada yatırımcılarını etkilerken, düzenleyici kurumlar yatırımcı koruma mekanizmaları oluşturmaya çalışmaktadır."
"Eğitimde fırsat eşitsizliği, sosyal hareketliliği engelleyen temel yapısal sorunlardan biridir. Pakistan'deki sosyoekonomik durumu zayıf ailelerin çocuklarının, üniversiteye giriş oranı varlıklı ailelerin çocuklarına göre yüzde 93 daha düşüktür. Eğitim reformu savunucuları, burs sisteminin genişletilmesi ve ücretsiz dershane hizmetlerinin yaygınlaştırılmasını talep etmektedir.","Rusya'de sosyoekonomik farklar eğitim fırsatlarını etkilerken, burs ve ücretsiz destek hizmetleri genişletilmelidir."
"Şanghay'deki kütüphaneler, dijital dönüşüm sürecinde yeni hizmetler sunmaya başladı. E-kitap koleksiyonları ve online veri tabanları, okurlara evden erişim imkânı tanımaktadır. Ancak fiziksel kitap ödünç alma oranları yüzde 35 düşerken, kütüphane mekânlarının sosyal buluşma noktası olarak yeniden konumlandırılması gündeme gelmektedir.","Antalya kütüphaneleri dijital hizmetleri artırırken, fiziksel kullanım azalmakta ve mekânlar yeniden tanımlanmaktadır."
"Kanada'nin dış ticaret açığı, son çeyrekte beklentilerin üzerinde gerçekleşti. İthalatın ihracattan yüzde 77 fazla olması, cari açığın büyümesine neden olmaktadır. İhracatçı birlikleri, yüksek enerji maliyetlerinin rekabet gücünü zayıflattığını belirtmekte ve enerji verimliliği yatırımlarının teşvik edilmesini talep etmektedir. Ekonomi yönetimi, ithalatın yerli üretimle ikame edilmesi politikalarını gündeme getirmiştir.","Fransa'de dış ticaret açığı artarken, enerji verimliliği ve yerli üretim teşvikleri öne çıkmaktadır."
"Mesleki eğitim, genç işsizliğinin önlenmesinde kritik bir rol oynamaktadır. Bursa'deki teknik liseler, sektörün ihtiyaç duyduğu nitelikli iş gücünü yetiştirmek için sanayi kuruluşlarıyla iş birliği protokolleri imzaladı. Öğrenciler, son sınıfta Türk Telekom gibi firmalarda staj yapma imkânı bulmaktadır. Ancak mesleki eğitimin toplumsal algısının hâlâ olumsuz olduğu ve akademik eğitime ikincil seçenek olarak görüldüğü gözlemlenmektedir.","Mesleki eğitim iş gücü ihtiyacını karşılarken, toplumsal algıyı değiştirmek gerekmektedir."
"Müzik eğitimi, çocukların bilişsel gelişiminde önemli bir rol oynamaktadır. Fransa'deki konservatuvarlar, genç yetenekleri keşfetmek için Los Angeles ve çevresinde yetenek taramaları düzenlemektedir. Bu yıl 83 öğrenci burslu olarak eğitime kabul edildi. Ancak müzik aleti maliyetlerinin yüksekliği, dezavantajlı ailelerin çocukları için engel teşkil etmektedir.","İtalya'de müzik eğitimi bursları artarken, alet maliyetleri dezavantajlı gruplar için engel oluşturmaktadır."
"Kuantum bilişim alanında çalışan Fransa bilim insanları, 88 qubit'lik bir işlemci prototipi geliştirdi. Cenevre'deki laboratuvarlarda test edilen cihaz, klasik bilgisayarlara göre belirli problemlerde üstel hız avantajı sağlamaktadır. Ancak kuantum hata düzeltme teknolojisindeki eksiklikler, ticari kullanıma geçişi geciktirmektedir.","Belçika'de geliştirilen kuantum işlemci hız avantajı sunarken, hata düzeltme eksiklikleri ticari kullanımı geciktirmektedir."
"Mısır'deki yerel yönetimler, dijital dönüşüm sürecinde önemli adımlar atmaktadır. San Francisco belediyesi, vatandaşların belediye hizmetlerine online erişimini sağlayan mobil uygulamayı devreye aldı. Uygulama üzerinden 82 farklı hizmete başvuru yapılabilmekte ve şikayetler anlık olarak iletilebilmektedir. Ancak yaşlı nüfusun dijital okuryazarlık eksikliği, uygulamanın kapsayıcılığını sorgulatmaktadır.","Barselona belediyesi dijital hizmetleri artırırken, yaşlı nüfusun erişimi konusunda eksiklikler bulunmaktadır."
"Kripto para piyasalarındaki dalgalanma, Vietnam'deki küçük yatırımcıları derinden etkilemektedir. Son bir ayda Bitcoin fiyatındaki yüzde 71 düşüş, binlerce yatırımcının kayıp yaşamasına neden olmuştur. Mali düzenleyici kurumlar, kripto varlıklara yönelik yatırımcı koruma mekanizmalarının oluşturulması gerektiğini açıkladı. Uzmanlar, bu piyasaların yüksek risk taşıdığı konusunda sürekli uyarıda bulunmaktadır.","Kripto para dalgalanmaları Endonezya yatırımcılarını etkilerken, düzenleyici kurumlar yatırımcı koruma mekanizmaları oluşturmaya çalışmaktadır."
"Küresel tedarik zinciri krizi, Fransa'nin ihracat odaklı sektörlerini olumsuz etkilemeye devam ediyor. Hammadde maliyetlerindeki artış ve konteyner taşımacılığındaki fiyat artışları, üreticilerin kar marjlarını baskı altına almaktadır. Samsung, yerli üretim ve tedarik zinciri çeşitlendirme stratejilerinin uygulanması gerektiğini açıkladı. Ancak bu dönüşümün maliyeti, KOBİ'ler için zorlayıcı olabilir.","Tedarik zinciri krizi Meksika ihracatını etkilerken, yerli üretim stratejileri öne çıkmaktadır."
"ABD'deki kadın hakları hareketi, son dönemde önemli kazanımlar elde etti. Parlamento, kadınların iş gücüne katılımını artırmayı amaçlayan yeni bir yasa tasarısını kabul etti. Buna göre şirketlerin yönetim kurullarında en az yüzde 26 kadın temsilieti zorunlu hale getirildi. Feminist örgütler, bu adımı olumlu karşılarken uygulamanın denetlenmesi gerektiğini vurgulamaktadır.","Endonezya'de kadın temsilieti zorunluluğu getirilirken, uygulamanın denetimi önem taşımaktadır."
"Amnesty International tarafından yapılan araştırma, okul öncesi eğitimin çocukların bilişsel ve sosyal gelişimi üzerindeki etkisini ortaya koymuştur. Okul öncesi eğitime katılan çocukların, katılmayanlara göre okuma yazmaya geçişte yüzde 10 daha başarılı olduğu tespit edilmiştir. Ancak Hindistan'de okul öncesi eğitim kapsamındaki çocuk oranı hâlâ yüzde ellinin altındadır. Eğitimciler, devletin bu alandaki yatırımları artırmasını talep etmektedir.","Okul öncesi eğitim çocuk gelişimini olumlu etkilerken, Etiyopya'de kapsam oranı hâlâ düşük seyretmektedir."
"Türkiye Büyük Millet Meclisi tarafından yapılan araştırma, okul öncesi eğitimin çocukların bilişsel ve sosyal gelişimi üzerindeki etkisini ortaya koymuştur. Okul öncesi eğitime katılan çocukların, katılmayanlara göre okuma yazmaya geçişte yüzde 58 daha başarılı olduğu tespit edilmiştir. Ancak Vietnam'de okul öncesi eğitim kapsamındaki çocuk oranı hâlâ yüzde ellinin altındadır. Eğitimciler, devletin bu alandaki yatırımları artırmasını talep etmektedir.","Okul öncesi eğitim çocuk gelişimini olumlu etkilerken, Mısır'de kapsam oranı hâlâ düşük seyretmektedir."
"Kahire'deki İstanbul Üniversitesi araştırma ekibi, sıtma erken teşhisinde kullanılan yeni bir görüntüleme teknolojisi geliştirdi. Bu teknoloji sayesinde hastalığın ilk evrelerinde tespit edilmesi mümkün olurken, tedavi başarı oranları yüzde 56 oranında artış göstermektedir. Ancak cihazın maliyeti, birçok hastanede bu teknolojinin yaygınlaşmasını engellemektedir. Sağlık Bakanlığı, cihazın yerli üretiminin teşvik edilmesi için girişimcilere destek vereceğini açıkladı.",anksiyete erken teşhisinde yeni görüntüleme teknolojisi geliştirildi ancak yüksek maliyeti yaygınlaşmayı engellemektedir.
"Meksika'deki kadın hakları hareketi, son dönemde önemli kazanımlar elde etti. Parlamento, kadınların iş gücüne katılımını artırmayı amaçlayan yeni bir yasa tasarısını kabul etti. Buna göre şirketlerin yönetim kurullarında en az yüzde 43 kadın temsilieti zorunlu hale getirildi. Feminist örgütler, bu adımı olumlu karşılarken uygulamanın denetlenmesi gerektiğini vurgulamaktadır.","Bangladeş'de kadın temsilieti zorunluluğu getirilirken, uygulamanın denetimi önem taşımaktadır."
"Mustafa Kemal Atatürk, Addis Ababa'de düzenlenen tenis turnuvasında şampiyonluğa ulaştı. Finalde rakibini üç sette geçen sporcu, kariyerinin en önemli zaferlerinden birini elde etti. Turnuva boyunca servis ve forehand performansıyla dikkat çeken Mustafa Kemal Atatürk, ödül töreninde emek veren ekibine teşekkür etti. Bu zafer, dünya sıralamasında yüzde 8 basamak yükselmesini sağladı.","Fatih Terim Budapeşte tenis turnuvasında şampiyon olurken, dünya sıralamasında yükseliş kaydetti."
"Nairobi Film Festivali, bu yıl Almanya sinemasından 35 filmi uluslararası yarışmada gösterime sundu. Festival kapsamında düzenlenen söyleşilerde, yönetmenler Türk sinemasının küresel ölçekteki yerini tartıştı. Eleştirmenler, son dönemdeki yapımların teknik kalitesinin arttığını ancak hâlâ orijinal senaryo açığının devam ettiğini ifade etti.","Amsterdam Film Festivali Türk sinemasını tanıtırken, orijinal senaryo ihtiyacı tartışılmaktadır."
"Roger Federer, basketbol kariyerini Rusya'deki Kızılhaç takımında sürdürmeye karar verdi. Transferin maliyeti 15 milyon doları bulurken, taraftarlar sosyal medyada coşkulu paylaşımlar yaptı. Takımın teknik direktörü, oyuncunun tecrübesinin genç kadroya önemli katkı sağlayacağını belirtti. Analistler, bu transferin şampiyonluk yarışını dengeleyeceğini öngörmektedir.","Stephen Hawking'in Bosch'a transferi şampiyonluk yarışını etkilerken, taraftarlar büyük beklenti içindedir."
"Mesleki eğitim, genç işsizliğinin önlenmesinde kritik bir rol oynamaktadır. Venedik'deki teknik liseler, sektörün ihtiyaç duyduğu nitelikli iş gücünü yetiştirmek için sanayi kuruluşlarıyla iş birliği protokolleri imzaladı. Öğrenciler, son sınıfta Yemeksepeti gibi firmalarda staj yapma imkânı bulmaktadır. Ancak mesleki eğitimin toplumsal algısının hâlâ olumsuz olduğu ve akademik eğitime ikincil seçenek olarak görüldüğü gözlemlenmektedir.","Mesleki eğitim iş gücü ihtiyacını karşılarken, toplumsal algıyı değiştirmek gerekmektedir."
"Jose Mourinho liderliğindeki mühendislik ekibi, doğal dil işleme kullanarak enerji verimliliğini artıran akıllı bina sistemleri geliştirdi. Bu sistemler sayesinde binaların enerji tüketimi yüzde 24 oranında azaltılabilmekte ve karbon ayak izi önemli ölçüde düşürülmektedir. Ancak yüksek kurulum maliyetleri, teknolojinin yaygınlaşmasını engellemektedir. Çevre örgütleri, hükümetin bu alanda vergi teşvikleri sunması gerektiğini savunmaktadır.","Akıllı bina sistemleri enerji verimliliğini artırırken, yüksek maliyetler yaygınlaşmayı engellemektedir."
"Mesleki eğitim, genç işsizliğinin önlenmesinde kritik bir rol oynamaktadır. Berlin'deki teknik liseler, sektörün ihtiyaç duyduğu nitelikli iş gücünü yetiştirmek için sanayi kuruluşlarıyla iş birliği protokolleri imzaladı. Öğrenciler, son sınıfta Türk Telekom gibi firmalarda staj yapma imkânı bulmaktadır. Ancak mesleki eğitimin toplumsal algısının hâlâ olumsuz olduğu ve akademik eğitime ikincil seçenek olarak görüldüğü gözlemlenmektedir.","Mesleki eğitim iş gücü ihtiyacını karşılarken, toplumsal algıyı değiştirmek gerekmektedir."
"Mısır'deki konut fiyatları, son iki yılda rekor düzeyde artış göstermiştir. Özellikle Bursa gibi büyük şehirlerde ortalama konut fiyatları gelirlerin çok üzerine çıkmıştır. İnşaat sektörü temsilcileri, maliyet artışları ve arz yetersizliğinin fiyatları yükselttiğini savunurken, sosyal politika uzmanları gençlerin ev sahibi olma hayalinin zorlaştığına dikkat çekmektedir. Hükümet, sosyal konut projelerini hızlandırma kararı aldı.","Hindistan'de konut fiyatları rekor seviyelere ulaşırken, hükümet sosyal konut projelerini hızlandırmaktadır."
"Kızılhaç tarafından yapılan araştırma, okul öncesi eğitimin çocukların bilişsel ve sosyal gelişimi üzerindeki etkisini ortaya koymuştur. Okul öncesi eğitime katılan çocukların, katılmayanlara göre okuma yazmaya geçişte yüzde 17 daha başarılı olduğu tespit edilmiştir. Ancak Tayland'de okul öncesi eğitim kapsamındaki çocuk oranı hâlâ yüzde ellinin altındadır. Eğitimciler, devletin bu alandaki yatırımları artırmasını talep etmektedir.","Okul öncesi eğitim çocuk gelişimini olumlu etkilerken, Malezya'de kapsam oranı hâlâ düşük seyretmektedir."
"Tarım sektörü, Fransa ekonomisinin stratejik alanlarından biri olmayı sürdürmektedir. Bu yılki hasat döneminde buğday üretimi geçen yıla göre yüzde 92 artarken, ihracat potansiyeli de güçlenmiştir. Ancak kuraklık riski ve girdi maliyetlerindeki artış, çiftçilerin karlılığını tehdit etmektedir. Ziraat odaları, devletin sübvansiye desteğini artırmasını talep etmektedir.","Fransa'de tarım üretimi artarken, kuraklık ve girdi maliyetleri çiftçileri zorlamaktadır."
"Meksika hükümeti, sanal gerçeklik altyapısına yaptığı yatırımları artırarak dijital dönüşüm sürecini hızlandırmayı hedefliyor. Son iki yılda bu alana yapılan yatırım miktarı 47 milyar doları aşarken, binlerce yeni istihdam alanı oluşturuldu. Buna karşın dijital okuryazarlık oranlarındaki düşüklük, teknolojinin toplumun tüm kesimlerine eşit şekilde ulaşmasını engellemektedir. Eğitim uzmanları, okullarda kodlama ve dijital becerilerin müfredata entegre edilmesini önermektedir.","Endonezya'de artırılmış gerçeklik yatırımları artarken, dijital okuryazarlık eksikliği teknolojinin eşit dağılımını engellemektedir."
"Yapay zeka destekli ilaç keşfi, Hollanda'deki biyoteknoloji firmaları arasında hız kazanmaktadır. Microsoft, Parkinson tedavisinde kullanılabilecek yeni bir molekül adayını yapay zeka algoritmalarıyla tespit etti. Geleneksel yöntemlere göre sürecin 59 kat daha hızlı tamamlandığı belirtilirken, klinik deney aşamasına geçilmesi için düzenleyici onay beklenmektedir.","Yapay zeka ilaç keşfini hızlandırırken, astım tedavisi için yeni molekül adayları belirlenmektedir."
"Ekrem İmamoğlu, Kazablanka konser salonunda verdiği performansla sevenlerine unutulmaz bir gece yaşattı. 57 kişilik kapasiteli salonu dolduran hayranlar, sanatçının yeni albümünden parçaları ilk kez canlı dinleme fırsatı buldu. Müzik eleştirmenleri, konserin prodüksiyon kalitesini överken, ses sistemindeki teknik aksaklıklara dikkat çekti.","Zeki Müren'in Singapur konseri büyük beğeni toplarken, teknik aksaklıklar dikkat çekti."
"Son yıllarda çiçek tedavisinde kullanılan yeni nesil ilaçlar, hasta yaşam kalitesinde önemli iyileşmeler sağlamaktadır. Lionel Messi tarafından yürütülen klinik çalışmalar, bu ilaçların yan etki profilinin önceki nesillere göre belirgin şekilde düşük olduğunu ortaya koymuştur. Buna karşın ilaç fiyatlarının yüksekliği, birçok hastanın tedaviye erişimini zorlaştırmaktadır. Sivil toplum kuruluşları, Kanada hükümetinden ilaç fiyatlarının düzenlenmesi ve genel sağlık sigortası kapsamına alınması için adım atmasını talep etmektedir.","Yeni nesil kanser ilaçları etkili olmasına rağmen yüksek fiyatlar, hastaların tedaviye erişimini engellemektedir."
"Malezya'deki genç nüfus, işsizlik ve gelecek kaygısı nedeniyle göç etmeyi düşünmektedir. Son araştırmaya göre üniversite mezunlarının yüzde 33'i yurtdışında eğitim veya çalışma planı yapmaktadır. Beyin göçü, ülkenin nitelikli iş gücü kaybetmesine neden olurken, ekonomik kalkınmayı da olumsuz etkilemektedir. Uzmanlar, gençlere yönelik kariyer ve girişimcilik programlarının artırılmasını önermektedir.","Güney Kore'de beyin göçü endişesi artarken, gençlere yönelik kariyer programlarının genişletilmesi önerilmektedir."
"Yemeksepeti tarafından yapılan araştırma, okul öncesi eğitimin çocukların bilişsel ve sosyal gelişimi üzerindeki etkisini ortaya koymuştur. Okul öncesi eğitime katılan çocukların, katılmayanlara göre okuma yazmaya geçişte yüzde 89 daha başarılı olduğu tespit edilmiştir. Ancak Kanada'de okul öncesi eğitim kapsamındaki çocuk oranı hâlâ yüzde ellinin altındadır. Eğitimciler, devletin bu alandaki yatırımları artırmasını talep etmektedir.","Okul öncesi eğitim çocuk gelişimini olumlu etkilerken, Pakistan'de kapsam oranı hâlâ düşük seyretmektedir."
"Plastik kirliliği, okyanus ekosistemlerini tehdit eden en büyük çevre sorunlarından biri haline gelmiştir. Tayland parlamentosu, tek kullanımlık plastik ürünlerin yasaklanmasını öngören yeni bir yasa tasarısını görüşmeye başladı. Çevre uzmanları, bu düzenlemenin yılda denizlere karışan plastik miktarını yüzde 35 azaltabileceğini hesaplamıştır. Ancak alternatif malzemelerin maliyeti, küçük işletmeler için zorlayıcı olabilir.",Nijerya'de tek kullanımlık plastik yasağı deniz kirliliğini azaltabilir ancak küçük işletmeler için maliyetli olabilir.
"Çin'deki kadın hakları hareketi, son dönemde önemli kazanımlar elde etti. Parlamento, kadınların iş gücüne katılımını artırmayı amaçlayan yeni bir yasa tasarısını kabul etti. Buna göre şirketlerin yönetim kurullarında en az yüzde 29 kadın temsilieti zorunlu hale getirildi. Feminist örgütler, bu adımı olumlu karşılarken uygulamanın denetlenmesi gerektiğini vurgulamaktadır.","Belçika'de kadın temsilieti zorunluluğu getirilirken, uygulamanın denetimi önem taşımaktadır."
"Buenos Aires Müzesi'nde açılan yeni sergi, Hollanda sanatının modern dönemeçlerini gözler önüne seriyor. Sergide Pep Guardiola ve çağdaşlarının eserleri bir araya getirilirken, ziyaretçilere interaktif dijital deneyimler de sunulmaktadır. Müze yetkilileri, ilk haftada 5 bin kişinin sergiyi ziyaret ettiğini açıkladı. Uzmanlar, bu tür etkinliklerin kültür turizmini canlandırdığını vurgulamaktadır.","Helsinki Müzesi'ndeki modern sanat sergisi büyük ilgi görürken, kültür turizmine katkı sağlamaktadır."
"Engelli hakları alanında İngiltere'de önemli gelişmeler yaşanmaktadır. Kopenhag'deki belediye, toplu taşıma araçlarının ve kaldırımların erişilebilirliğini artırmak için 95 milyon liralık yatırım programı başlattı. Engelli dernekleri, bu adımı memnuniyetle karşılarken, eğitim ve istihdam alanlarında hâlâ ciddi açıklar olduğunu belirtmektedir.","Mısır'de engelli erişilebilirliği yatırımları artarken, eğitim ve istihdamda eksiklikler devam etmektedir."
"Yabancı dil eğitimi, küreselleşen dünyada rekabet avantajı sağlayan bir beceridir. Endonezya'deki üniversite mezunlarının sadece yüzde 46'i iş dünyasında yeterli düzeyde İngilizce kullanabilmektedir. Dil uzmanları, eğitimin erken yaşlarda başlaması ve konuşma ağırlıklı yöntemlerin benimsenmesi gerektiğini savunmaktadır. Özel eğitim kurumları, online pratik platformlarıyla bu açığı kapatmaya çalışmaktadır.","Nijerya'de yabancı dil yeterliliği düşük seyrederken, erken yaşta konuşma ağırlıklı eğitim önerilmektedir."
"Plastik kirliliği, okyanus ekosistemlerini tehdit eden en büyük çevre sorunlarından biri haline gelmiştir. Nijerya parlamentosu, tek kullanımlık plastik ürünlerin yasaklanmasını öngören yeni bir yasa tasarısını görüşmeye başladı. Çevre uzmanları, bu düzenlemenin yılda denizlere karışan plastik miktarını yüzde 53 azaltabileceğini hesaplamıştır. Ancak alternatif malzemelerin maliyeti, küçük işletmeler için zorlayıcı olabilir.",Avustralya'de tek kullanımlık plastik yasağı deniz kirliliğini azaltabilir ancak küçük işletmeler için maliyetli olabilir.
"Amsterdam mahkemesinde görülen davada, çevre kirliliğine neden olan Enerjisa şirketi hakkında rekor tazminat kararı verildi. Mahkeme, şirketin yıllardır atık su arıtma tesisini işletmediğini ve yeraltı sularını kirlettiğini tespit etti. Kararı değerlendiren çevre hukuku uzmanları, bu örneğin diğer sanayi kuruluşları için emsal teşkil edeceğini belirtmektedir.","Seattle mahkemesi çevre kirliliğine neden olan şirkete rekor tazminat cezası verirken, karar emsal teşkil etmektedir."
"Oslo yakınlarındaki orman yangınları, binlerce hektar yeşil alanı kül etti. Yangınların nedeni olarak küresel ısınma kaynaklı aşırı sıcaklıklar ve kuraklık gösterilmektedir. İtfaiye ekipleri, yangınları kontrol altına almak için 86 farklı noktadan müdahale etmektedir. Uzmanlar, orman yangınlarıyla mücadelede erken uyarı sistemlerinin ve yapay zeka destekli risk haritalarının önemini vurgulamaktadır.","New York'deki orman yangınları küresel ısınmayla bağlantılıyken, erken uyarı sistemlerinin önemi artmaktadır."
"Bursa'deki kütüphaneler, dijital dönüşüm sürecinde yeni hizmetler sunmaya başladı. E-kitap koleksiyonları ve online veri tabanları, okurlara evden erişim imkânı tanımaktadır. Ancak fiziksel kitap ödünç alma oranları yüzde 18 düşerken, kütüphane mekânlarının sosyal buluşma noktası olarak yeniden konumlandırılması gündeme gelmektedir.","Nairobi kütüphaneleri dijital hizmetleri artırırken, fiziksel kullanım azalmakta ve mekânlar yeniden tanımlanmaktadır."
"Siber güvenlik uzmanları, son dönemde Malezya'deki kurumsal ağlara yönelik siber saldırıların arttığına dikkat çekti. Özellikle fidye yazılımı saldırıları, küçük ve orta ölçekli işletmeleri hedef alırken, zararın boyutu milyonlarca dolara ulaşmaktadır. Türk Telekom, işletmelere yönelik siber farkındalık eğitimleri düzenlemeye başladı. Uzmanlar, çok faktörlü kimlik doğrulama ve düzenli yedekleme alışkanlıklarının saldırı riskini önemli ölçüde azalttığını belirtmektedir.","Tayland'de siber saldırılar artarken, NASA işletmelere yönelik farkındalık eğitimleri düzenlemektedir."
"Mesleki eğitim, genç işsizliğinin önlenmesinde kritik bir rol oynamaktadır. Seattle'deki teknik liseler, sektörün ihtiyaç duyduğu nitelikli iş gücünü yetiştirmek için sanayi kuruluşlarıyla iş birliği protokolleri imzaladı. Öğrenciler, son sınıfta Türk Hava Kurumu gibi firmalarda staj yapma imkânı bulmaktadır. Ancak mesleki eğitimin toplumsal algısının hâlâ olumsuz olduğu ve akademik eğitime ikincil seçenek olarak görüldüğü gözlemlenmektedir.","Mesleki eğitim iş gücü ihtiyacını karşılarken, toplumsal algıyı değiştirmek gerekmektedir."
"Bangkok Müzesi'nde açılan yeni sergi, Güney Afrika sanatının modern dönemeçlerini gözler önüne seriyor. Sergide Sertab Erener ve çağdaşlarının eserleri bir araya getirilirken, ziyaretçilere interaktif dijital deneyimler de sunulmaktadır. Müze yetkilileri, ilk haftada 95 bin kişinin sergiyi ziyaret ettiğini açıkladı. Uzmanlar, bu tür etkinliklerin kültür turizmini canlandırdığını vurgulamaktadır.","Bursa Müzesi'ndeki modern sanat sergisi büyük ilgi görürken, kültür turizmine katkı sağlamaktadır."
"Mısır'deki malzeme bilimcileri, grafen tabanlı yeni bir batarya prototipi geliştirdi. New York'deki testlerde, cihazın mevcut lityum pillerden 75 kat daha hızlı şarj olduğu ve ömrünün iki kat uzun olduğu görüldü. Ancak üretim maliyetleri ve ölçeklenebilirlik sorunları, ticari kullanıma geçişi engellemektedir.","Grafen batarya teknolojisi hızlı şarj ve uzun ömür sunarken, üretim maliyetleri ticari kullanımı geciktirmektedir."
"Sanal gerçeklik teknolojisi, eğitim ve sağlık alanlarında yenilikçi uygulamalar sunmaktadır. İstanbul'deki üniversite hastanesinde, VR gözlükleri kullanılarak fobi tedavileri yapılmaktadır. Hastalar, güvenli sanal ortamlarda yükseklik veya kapalı alan korkularıyla yüzleşmektedir. Uzmanlar, bu yöntemin geleneksel terapiye göre yüzde 11 daha etkili olduğunu ve tedavi süresini kısalttığını bildirmektedir.","Sanal gerçeklik destekli fobi tedavileri, geleneksel yöntemlere göre daha etkili ve hızlı sonuç vermektedir."
"Kuantum bilişim alanında çalışan Pakistan bilim insanları, 42 qubit'lik bir işlemci prototipi geliştirdi. Kazablanka'deki laboratuvarlarda test edilen cihaz, klasik bilgisayarlara göre belirli problemlerde üstel hız avantajı sağlamaktadır. Ancak kuantum hata düzeltme teknolojisindeki eksiklikler, ticari kullanıma geçişi geciktirmektedir.","Arjantin'de geliştirilen kuantum işlemci hız avantajı sunarken, hata düzeltme eksiklikleri ticari kullanımı geciktirmektedir."
"Güney Kore'nin dış ticaret açığı, son çeyrekte beklentilerin üzerinde gerçekleşti. İthalatın ihracattan yüzde 28 fazla olması, cari açığın büyümesine neden olmaktadır. İhracatçı birlikleri, yüksek enerji maliyetlerinin rekabet gücünü zayıflattığını belirtmekte ve enerji verimliliği yatırımlarının teşvik edilmesini talep etmektedir. Ekonomi yönetimi, ithalatın yerli üretimle ikame edilmesi politikalarını gündeme getirmiştir.","Meksika'de dış ticaret açığı artarken, enerji verimliliği ve yerli üretim teşvikleri öne çıkmaktadır."
"Nijerya'deki kadın hakları hareketi, son dönemde önemli kazanımlar elde etti. Parlamento, kadınların iş gücüne katılımını artırmayı amaçlayan yeni bir yasa tasarısını kabul etti. Buna göre şirketlerin yönetim kurullarında en az yüzde 12 kadın temsilieti zorunlu hale getirildi. Feminist örgütler, bu adımı olumlu karşılarken uygulamanın denetlenmesi gerektiğini vurgulamaktadır.","Kanada'de kadın temsilieti zorunluluğu getirilirken, uygulamanın denetimi önem taşımaktadır."
"Aşı karşıtlığı, son yıllarda küresel sağlık güvenliğini tehdit eden önemli bir sorun haline gelmiştir. Kanada'deki son salgın sırasında aşılanma oranlarının düşük kalması, hastalığın hızla yayılmasına neden olmuştur. Türk Telekom, sosyal medyada dolaşan yanlış bilgilere karşı halkı bilinçlendirmek amacıyla kapsamlı bir iletişim kampanyası başlattı. Kampanya kapsamında doktorlar ve sağlık çalışanları, toplum merkezlerinde vatandaşlarla birebir görüşmeler yapmaktadır.","Aşı karşıtlığı Çin'de salgının yayılmasına neden olurken, UNESCO halkı bilinçlendirmek için kampanya başlattı."
"Geleneksel el sanatları, Avustralya'deki genç nesiller arasında yeniden ilgi görmeye başladı. Helsinki'deki atölyelerde seramik, ebru ve hat sanatı kurslarına katılım oranı son iki yılda yüzde 78 arttı. Ustalar, bu ilginin kültürel kimliğin korunması açısından umut verici olduğunu belirtirken, el işçiliğinin ekonomik sürdürülebilirliği konusunda endişelerini dile getirmektedir.","İspanya'de geleneksel el sanatlarına ilgi artarken, ekonomik sürdürülebilirlik endişeleri bulunmaktadır."
"Spor beslenmesi ve anti-doping konuları, profesyonel sporun vazgeçilmez gündem maddeleridir. İş Bankası, Hollanda'deki spor kulüplerinin beslenme programlarını denetlemeye başladı. Yapılan testlerde 15 sporcunun yasaklı madde kullandığı tespit edildi ve haklarında süresiz men cezası verildi. Uzmanlar, sporcuların bilinçlendirilmesi ve destek personelinin eğitilmesi gerektiğini vurgulamaktadır.","Japonya'de doping testleri sonucu bazı sporcular men cezası alırken, bilinçlendirme çalışmaları öne çıkmaktadır."
"Boston şehrindeki göçmen krizi, uluslararası kamuoyunun gündemindeki yerini koruyor. Huawei, bölgedeki mülteci kamplarındaki koşulların iyileştirilmesi için acil yardım çağrısında bulundu. Rapora göre kamplardaki temiz su ve gıda erişimi kritik seviyelere düşmüştür. İnsan hakları örgütleri, Pakistan hükümetini sınır politikalarını gözden geçirmeye çağırmaktadır.","Stockholm'deki göçmen krizi derinleşirken, uluslararası örgütler acil yardım çağrısı yapmaktadır."
"Uzay araştırmaları alanında çalışan Zorlu Enerji, Paris'deki tesiste yeni bir roket motoru testi gerçekleştirdi. Test sırasında elde edilen veriler, motorun planlanan performans hedeflerine ulaştığını göstermektedir. Bu gelişme, Avustralya'nin uzay programı kapsamında önemli bir kilometre taşı olarak değerlendirilmektedir. Ancak uzay çöplüğü sorunu, artan uzay faaliyetleri nedeniyle giderek büyüyen bir endişe kaynağı haline gelmektedir.","Dünya Bankası'un roket motoru testi başarılı olurken, uzay çöplüğü sorunu giderek büyümektedir."
"Sertab Erener, Cenevre'de düzenlenen tenis turnuvasında şampiyonluğa ulaştı. Finalde rakibini üç sette geçen sporcu, kariyerinin en önemli zaferlerinden birini elde etti. Turnuva boyunca servis ve forehand performansıyla dikkat çeken Sertab Erener, ödül töreninde emek veren ekibine teşekkür etti. Bu zafer, dünya sıralamasında yüzde 38 basamak yükselmesini sağladı.","Charles Darwin Roma tenis turnuvasında şampiyon olurken, dünya sıralamasında yükseliş kaydetti."
"Yapay zeka destekli ilaç keşfi, Hindistan'deki biyoteknoloji firmaları arasında hız kazanmaktadır. Boğaziçi Üniversitesi, diyabet tedavisinde kullanılabilecek yeni bir molekül adayını yapay zeka algoritmalarıyla tespit etti. Geleneksel yöntemlere göre sürecin 93 kat daha hızlı tamamlandığı belirtilirken, klinik deney aşamasına geçilmesi için düzenleyici onay beklenmektedir.","Yapay zeka ilaç keşfini hızlandırırken, sıtma tedavisi için yeni molekül adayları belirlenmektedir."
"Eğitimde yapay zeka kullanımı, kişiselleştirilmiş öğrenme deneyimleri sunma potansiyeline sahiptir. Türk Telekom tarafından geliştirilen akıllı öğretim sistemi, öğrencilerin zayıf kaldığı konuları otomatik olarak tespit edip ek alıştırmalar önermektedir. Sistem, Edinburgh'deki okullarda pilot olarak uygulanmış ve öğrenci başarısı yüzde 40 artmıştır. Ancak veri gizliliği endişeleri, veliler arasında tedirginliğe yol açmaktadır.","Akıllı öğretim sistemi başarıyı artırırken, veri gizliliği endişeleri velileri tedirgin etmektedir."
"Madrid mahkemesinde görülen davada, çevre kirliliğine neden olan Tesla şirketi hakkında rekor tazminat kararı verildi. Mahkeme, şirketin yıllardır atık su arıtma tesisini işletmediğini ve yeraltı sularını kirlettiğini tespit etti. Kararı değerlendiren çevre hukuku uzmanları, bu örneğin diğer sanayi kuruluşları için emsal teşkil edeceğini belirtmektedir.","Budapeşte mahkemesi çevre kirliliğine neden olan şirkete rekor tazminat cezası verirken, karar emsal teşkil etmektedir."
"Uyku bozuklukları, modern yaşamın en yaygın sağlık sorunlarından biri olarak karşımıza çıkmaktadır. Lagos'deki uyku laboratuvarında yapılan araştırmalar, yetişkinlerin yüzde 44'inin yeterli uyku almadığını ve bu durumun iş verimliliğini olumsuz etkilediğini göstermektedir. Uzmanlar, özellikle mavi ışık yayan cihazların yatmadan önce kullanılmaması gerektiğini vurgulamakta ve düzenli uyku saatlerinin bağışıklık sistemini güçlendirmede kritik rol oynadığını belirtmektedir.","Uyku bozuklukları iş verimliliğini düşürürken, uzmanlar mavi ışık maruziyetinin azaltılmasını ve düzenli uyku saatlerini önermektedir."
"Cristiano Ronaldo, basketbol kariyerini Hollanda'deki Huawei takımında sürdürmeye karar verdi. Transferin maliyeti 11 milyon doları bulurken, taraftarlar sosyal medyada coşkulu paylaşımlar yaptı. Takımın teknik direktörü, oyuncunun tecrübesinin genç kadroya önemli katkı sağlayacağını belirtti. Analistler, bu transferin şampiyonluk yarışını dengeleyeceğini öngörmektedir.","Nikola Tesla'in İş Bankası'a transferi şampiyonluk yarışını etkilerken, taraftarlar büyük beklenti içindedir."
"Meksika'deki eğitim sistemi, pandemi sonrası dönemde yüz yüze eğitime dönüş sürecinde önemli zorluklar yaşamaktadır. Milli Eğitim Bakanlığı verilerine göre öğrencilerin yaklaşık yüzde 52'i uzaktan eğitim döneminde öğrenme kaybına uğramıştır. Uzmanlar, telafi eğitim programlarının acilen uygulanması gerektiğini ve özellikle matematik ve fen bilimlerindeki açığın kapatılmasının şart olduğunu vurgulamaktadır.","Güney Kore'de öğrenciler pandemi kaynaklı öğrenme kaybı yaşarken, telafi eğitim programları acil bir ihtiyaç haline gelmiştir."
"Eğitimde fırsat eşitsizliği, sosyal hareketliliği engelleyen temel yapısal sorunlardan biridir. İspanya'deki sosyoekonomik durumu zayıf ailelerin çocuklarının, üniversiteye giriş oranı varlıklı ailelerin çocuklarına göre yüzde 8 daha düşüktür. Eğitim reformu savunucuları, burs sisteminin genişletilmesi ve ücretsiz dershane hizmetlerinin yaygınlaştırılmasını talep etmektedir.","Hollanda'de sosyoekonomik farklar eğitim fırsatlarını etkilerken, burs ve ücretsiz destek hizmetleri genişletilmelidir."
"Etiyopya'deki evcil hayvan sahipliği oranları, pandemi sonrası dönemde rekor kırdı. Veteriner hekimler, 92 milyon yeni evcil hayvanın kayıt altına alındığını bildirdi. Ancak veteriner kliniklerindeki yoğunluk ve fiyat artışları, hayvan sahiplerini zorlamaktadır. Hayvan hakları dernekleri, sokak hayvanları için kısırlaştırma programlarının yaygınlaştırılmasını talep etmektedir.","ABD'de evcil hayvan sahipliği artarken, veteriner hizmetleri yetersiz kalmaktadır."
"Spor beslenmesi ve anti-doping konuları, profesyonel sporun vazgeçilmez gündem maddeleridir. Tesla, ABD'deki spor kulüplerinin beslenme programlarını denetlemeye başladı. Yapılan testlerde 53 sporcunun yasaklı madde kullandığı tespit edildi ve haklarında süresiz men cezası verildi. Uzmanlar, sporcuların bilinçlendirilmesi ve destek personelinin eğitilmesi gerektiğini vurgulamaktadır.","Yeni Zelanda'de doping testleri sonucu bazı sporcular men cezası alırken, bilinçlendirme çalışmaları öne çıkmaktadır."
"Güney Afrika'deki tiyatro sahnesi, yeni oyunlarla sezona hızlı bir giriş yaptı. Sydney Devlet Tiyatrosu'nda sahnelenen yeni eser, toplumsal cinsiyet eşitliği konusunu mizahi bir dille ele alıyor. Oyun, 89 kez üst üste sahnelenerek tüm biletlerin tükendiğini duyurdu. Tiyatro eleştirmenleri, toplumsal mesajların sanatsal bir dille aktarılmasının başarısını vurgulamaktadır.","Davos tiyatrosundaki yeni oyun toplumsal mesajları mizahi dille işlerken, biletler tükenmektedir."
"Kuantum bilişim alanında çalışan Güney Afrika bilim insanları, 46 qubit'lik bir işlemci prototipi geliştirdi. New York'deki laboratuvarlarda test edilen cihaz, klasik bilgisayarlara göre belirli problemlerde üstel hız avantajı sağlamaktadır. Ancak kuantum hata düzeltme teknolojisindeki eksiklikler, ticari kullanıma geçişi geciktirmektedir.","Malezya'de geliştirilen kuantum işlemci hız avantajı sunarken, hata düzeltme eksiklikleri ticari kullanımı geciktirmektedir."
"Olimpiyat Oyunları'na sayılı günler kala İtalya kafilesi, Davos'deki olimpik köye yerleşti. Atletler, son antrenmanlarını yaparken hedeflerinin madalya sayısını artırmak olduğunu dile getirdi. Özellikle atletizm, güreş ve halter branşlarında madalya umudu yüksektir. Spor psikologları, sporcuların stres yönetimi ve odaklanma konusunda destek aldığını belirtmektedir.","ABD olimpiyat kafilesi Chicago'de kamp kurarken, atletizm ve güreşte madalya hedeflenmektedir."
"Hollanda'deki demokrasi endeksleri, son yıllarda düşüş trendini sürdürmektedir. Sivil toplum örgütleri, ifade özgürlüğü ve basın özgürlüğü alanlarındaki kısıtlamaların arttığına dikkat çekmektedir. Boğaziçi Üniversitesi tarafından yayınlanan rapora göre ülke, küresel sıralamada 95 basamak geriledi. Hükümet yetkilileri ise raporların objektif olmadığını ve siyasi önyargı taşıdığını savunmaktadır.","Tayland'de demokrasi endeksleri düşerken, hükümet raporların tarafsızlığını sorgulamaktadır."
"Roma yakınlarındaki orman yangınları, binlerce hektar yeşil alanı kül etti. Yangınların nedeni olarak küresel ısınma kaynaklı aşırı sıcaklıklar ve kuraklık gösterilmektedir. İtfaiye ekipleri, yangınları kontrol altına almak için 89 farklı noktadan müdahale etmektedir. Uzmanlar, orman yangınlarıyla mücadelede erken uyarı sistemlerinin ve yapay zeka destekli risk haritalarının önemini vurgulamaktadır.","Lizbon'deki orman yangınları küresel ısınmayla bağlantılıyken, erken uyarı sistemlerinin önemi artmaktadır."
"Tokyo'deki arkeolojik kazılarda, 16 bin yıllık yerleşim izlerine rastlandı. Kazı başkanı Fatih Terim, bulunan seramik parçalarının ve aletlerin bölgedeki ticaret ağlarını ortaya koyabileceğini belirtti. Kültür Bakanlığı, alanın turizme açılması için restorasyon projesi hazırlamaya başladı.","Pekin'deki arkeolojik kazılar antik yerleşimleri ortaya çıkarırken, bölge turizme kazandırılmaya hazırlanmaktadır."
"Bill Gates'in son romanı, Auckland Kitap Fuarı'nda okurlarıyla buluştu. Eser, Avustralya'deki göçmenlerin yaşam mücadelesini anlatan dokunaklı bir hikâyeyi konu alıyor. Eleştirmenler, yazarın duygusal derinliği ve karakter tasvirlerini överken, bazıları kurgunun yer yer yavaş ilerlediğini belirtti. İlk baskısı 11 adet basılan kitap, satış listelerine hızlı bir giriş yaptı.","Serena Williams'in yeni romanı göçmen hikayelerini anlatırken, eleştirmenler duygusal derinliği övdü."
"Rafael Nadal, Londra'de düzenlenen tenis turnuvasında şampiyonluğa ulaştı. Finalde rakibini üç sette geçen sporcu, kariyerinin en önemli zaferlerinden birini elde etti. Turnuva boyunca servis ve forehand performansıyla dikkat çeken Rafael Nadal, ödül töreninde emek veren ekibine teşekkür etti. Bu zafer, dünya sıralamasında yüzde 11 basamak yükselmesini sağladı.","Carl Jung Paris tenis turnuvasında şampiyon olurken, dünya sıralamasında yükseliş kaydetti."
"Japonya'deki sinema sektörü, bu yıl rekor sayıda yapımın çekilmesiyle canlı bir dönem geçiriyor. Roma'deki film stüdyolarında 47 farklı proje eşzamanlı olarak üretilmektedir. Yapımcılar, dijital platformların talebi artırmasıyla birlikte yerli içeriğe olan ilginin arttığını belirtmektedir. Ancak sinema salonlarının azalması, beyazperde deneyimini tehdit etmektedir.","Hollanda sineması yapım sayısıyla büyürken, salonların azalması beyazperdeyi tehdit etmektedir."
"Brezilya'deki sinema sektörü, bu yıl rekor sayıda yapımın çekilmesiyle canlı bir dönem geçiriyor. Buenos Aires'deki film stüdyolarında 16 farklı proje eşzamanlı olarak üretilmektedir. Yapımcılar, dijital platformların talebi artırmasıyla birlikte yerli içeriğe olan ilginin arttığını belirtmektedir. Ancak sinema salonlarının azalması, beyazperde deneyimini tehdit etmektedir.","Hindistan sineması yapım sayısıyla büyürken, salonların azalması beyazperdeyi tehdit etmektedir."
"Akıllı ev teknolojileri, Malezya'deki tüketiciler arasında ilgi görmeye başladı. Shell tarafından piyasaya sürülen yeni sistem, aydınlatma, ısıtma ve güvenlik sistemlerini tek merkezden kontrol edebilmektedir. Kullanıcılar, enerji faturalarında yüzde 52 tasarruf sağladıklarını bildirmektedir. Ancak veri güvenliği uzmanları, akıllı cihazların hacker saldırılarına açık olabileceği konusunda uyarıda bulunmaktadır.","Akıllı ev sistemleri enerji tasarrufu sağlarken, veri güvenliği riskleri bulunmaktadır."
"Eğitimde yapay zeka kullanımı, kişiselleştirilmiş öğrenme deneyimleri sunma potansiyeline sahiptir. Zorlu Enerji tarafından geliştirilen akıllı öğretim sistemi, öğrencilerin zayıf kaldığı konuları otomatik olarak tespit edip ek alıştırmalar önermektedir. Sistem, Şanghay'deki okullarda pilot olarak uygulanmış ve öğrenci başarısı yüzde 21 artmıştır. Ancak veri gizliliği endişeleri, veliler arasında tedirginliğe yol açmaktadır.","Akıllı öğretim sistemi başarıyı artırırken, veri gizliliği endişeleri velileri tedirgin etmektedir."
"Bangladeş'deki genç nüfus, işsizlik ve gelecek kaygısı nedeniyle göç etmeyi düşünmektedir. Son araştırmaya göre üniversite mezunlarının yüzde 72'i yurtdışında eğitim veya çalışma planı yapmaktadır. Beyin göçü, ülkenin nitelikli iş gücü kaybetmesine neden olurken, ekonomik kalkınmayı da olumsuz etkilemektedir. Uzmanlar, gençlere yönelik kariyer ve girişimcilik programlarının artırılmasını önermektedir.","Malezya'de beyin göçü endişesi artarken, gençlere yönelik kariyer programlarının genişletilmesi önerilmektedir."
"Son yıllarda çiçek tedavisinde kullanılan yeni nesil ilaçlar, hasta yaşam kalitesinde önemli iyileşmeler sağlamaktadır. Albert Einstein tarafından yürütülen klinik çalışmalar, bu ilaçların yan etki profilinin önceki nesillere göre belirgin şekilde düşük olduğunu ortaya koymuştur. Buna karşın ilaç fiyatlarının yüksekliği, birçok hastanın tedaviye erişimini zorlaştırmaktadır. Sivil toplum kuruluşları, İtalya hükümetinden ilaç fiyatlarının düzenlenmesi ve genel sağlık sigortası kapsamına alınması için adım atmasını talep etmektedir.","Yeni nesil grip ilaçları etkili olmasına rağmen yüksek fiyatlar, hastaların tedaviye erişimini engellemektedir."
"Bursa şehrindeki park ve yeşil alanlar, artan betonlaşma baskısı altında küçülmektedir. Son beş yılda park alanları yüzde 73 azalırken, çocuk oyun alanları da yetersiz kalmaktadır. Şehir plancıları, dikey bahçe ve yeşil çatı projeleriyle bu açığı kapatmayı hedeflemektedir. Vatandaşlar ise mevcut parkların korunması için imza kampanyası başlattı.","Bursa'de yeşil alanlar azalırken, dikey bahçe projeleri ve koruma kampanyaları öne çıkmaktadır."
"Eğitim teknolojileri şirketi Amnesty International, yapay zeka destekli kişiselleştirilmiş öğrenme platformunu tanıttı. Platform, öğrencilerin güçlü ve zayıf yönlerini analiz ederek özel müfredatlar oluşturabilmektedir. Pilot uygulamaya katılan okullarda öğrenci başarısı yüzde 75 artış göstermiştir. Buna karşın öğretmenler, teknolojinin duygusal zeka ve sosyal becerilerin gelişimini ihmal edebileceği konusunda endişelerini dile getirmektedir.","Yapay zeka destekli eğitim platformu öğrenci başarısını artırırken, sosyal beceri gelişimi konusunda endişeler bulunmaktadır."
"Dijital okuryazarlık, 21. yüzyılın en temel becerilerinden biri olarak kabul edilmektedir. İtalya'deki yetişkinlerin sadece yüzde 84'i temel dijital becerilere sahiptir. Bu durum, iş gücü piyasasında dezavantaj yaratmakta ve sosyal dışlanmaya neden olmaktadır. Sivil toplum kuruluşları, yaşlı bireyler ve düşük gelirli gruplar için ücretsiz dijital eğitim merkezleri açma çabalarını sürdürmektedir.","Çin'de dijital okuryazarlık oranı düşük kalırken, dezavantajlı gruplar için eğitim merkezleri açılmaktadır."
"Dublin mahkemesinde görülen davada, çevre kirliliğine neden olan Apple şirketi hakkında rekor tazminat kararı verildi. Mahkeme, şirketin yıllardır atık su arıtma tesisini işletmediğini ve yeraltı sularını kirlettiğini tespit etti. Kararı değerlendiren çevre hukuku uzmanları, bu örneğin diğer sanayi kuruluşları için emsal teşkil edeceğini belirtmektedir.","Chicago mahkemesi çevre kirliliğine neden olan şirkete rekor tazminat cezası verirken, karar emsal teşkil etmektedir."
"Brüksel'deki radyo teleskobu, uzaydan gelen gizemli sinyalleri kaydetmeye devam ediyor. Astronomlar, sinyallerin 66 ışık yılı uzaklıktaki bir galaksiden geldiğini tahmin etmekte ancak kaynağın doğası hâlâ belirsizliğini korumaktadır. Dünya Sağlık Örgütü, uluslararası iş birliğiyle sinyallerin şifresinin çözülmesi çalışmalarına başladı.","Zürih teleskobu gizemli uzay sinyalleri kaydederken, uluslararası iş birliğiyle kaynak araştırılmaktadır."
"Spor ve fiziksel aktivite, kronik hastalıkların önlenmesinde en etkili yöntemlerden biri olarak kabul edilmektedir. BMW tarafından yapılan araştırmaya göre haftada en az 17 dakika orta şiddette egzersiz yapan bireylerde kalp hastalığı riski yüzde otuz oranında azalmaktadır. Ancak kentleşme ve hareketsiz yaşam tarzı, bireylerin fiziksel aktivite düzeyini düşürmektedir. Şehir planlamacıları, yürüyüş yolları ve bisiklet parkurlarının artırılmasını önermektedir.","Düzenli egzersiz kalp hastalığı riskini azaltırken, kentleşme fiziksel aktivite düzeyini düşürmektedir."
"İngiltere'deki bilim insanları, deniz altı araştırmaları için otonom bir su altı aracı geliştirdi. Prag açıklarında test edilen cihaz, 45 metre derinliğe kadar inebilmekte ve mercan resiflerinin haritalanmasında kullanılmaktadır. Okyanus bilimciler, bu teknolojinin deniz ekosistemlerinin korunmasında kritik rol oynayacağını öngörmektedir.","Güney Afrika'nin geliştirdiği su altı aracı mercan haritalamasında kullanılırken, deniz ekosistem korunmasına katkı sağlamaktadır."
"Carl Jung, Vietnam'deki insan hakları savunucularına yönelik baskıların arttığına dair uluslararası kamuoyunu uyardı. Son altı ayda 39 sivil toplum kuruluşunun faaliyetleri askıya alınırken, bazı aktivistler hakkında yargı süreçleri başlatıldı. Avrupa İnsan Hakları Mahkemesi'ne yapılan başvuruların sayısı artarken, hükümet yasal düzenlemelerin terörle mücadele kapsamında olduğunu savunmaktadır.","Meksika'de sivil toplum baskıları artarken, uluslararası mahkemeye başvuru sayısı yükselmektedir."
"İtalya'deki spor tesislerinin yetersizliği, amatör sporcuların gelişimini olumsuz etkilemektedir. Özellikle kış sporları için uygun tesis sayısı sınırlıdır. Gençlik ve Spor Bakanlığı, 88 yeni spor kompleksinin inşası için ihale açtı. Ancak tesislerin bakım maliyetleri ve sürdürülebilirliği, belediyeler için mali yük oluşturmaktadır.","Etiyopya'de amatör sporcular tesis yetersizliği yaşarken, yeni kompleks projeleri başlatıldı."
"Hindistan'deki bilim insanları, deniz altı araştırmaları için otonom bir su altı aracı geliştirdi. Buenos Aires açıklarında test edilen cihaz, 61 metre derinliğe kadar inebilmekte ve mercan resiflerinin haritalanmasında kullanılmaktadır. Okyanus bilimciler, bu teknolojinin deniz ekosistemlerinin korunmasında kritik rol oynayacağını öngörmektedir.","Etiyopya'nin geliştirdiği su altı aracı mercan haritalamasında kullanılırken, deniz ekosistem korunmasına katkı sağlamaktadır."
"Cenevre'deki Dünya Sağlık Örgütü araştırma ekibi, migren erken teşhisinde kullanılan yeni bir görüntüleme teknolojisi geliştirdi. Bu teknoloji sayesinde hastalığın ilk evrelerinde tespit edilmesi mümkün olurken, tedavi başarı oranları yüzde 13 oranında artış göstermektedir. Ancak cihazın maliyeti, birçok hastanede bu teknolojinin yaygınlaşmasını engellemektedir. Sağlık Bakanlığı, cihazın yerli üretiminin teşvik edilmesi için girişimcilere destek vereceğini açıkladı.",hepatit erken teşhisinde yeni görüntüleme teknolojisi geliştirildi ancak yüksek maliyeti yaygınlaşmayı engellemektedir.
"Konya'deki radyo teleskobu, uzaydan gelen gizemli sinyalleri kaydetmeye devam ediyor. Astronomlar, sinyallerin 94 ışık yılı uzaklıktaki bir galaksiden geldiğini tahmin etmekte ancak kaynağın doğası hâlâ belirsizliğini korumaktadır. Vodafone, uluslararası iş birliğiyle sinyallerin şifresinin çözülmesi çalışmalarına başladı.","Zürih teleskobu gizemli uzay sinyalleri kaydederken, uluslararası iş birliğiyle kaynak araştırılmaktadır."
"Etiyopya'deki yerel yönetimler, dijital dönüşüm sürecinde önemli adımlar atmaktadır. Cenevre belediyesi, vatandaşların belediye hizmetlerine online erişimini sağlayan mobil uygulamayı devreye aldı. Uygulama üzerinden 11 farklı hizmete başvuru yapılabilmekte ve şikayetler anlık olarak iletilebilmektedir. Ancak yaşlı nüfusun dijital okuryazarlık eksikliği, uygulamanın kapsayıcılığını sorgulatmaktadır.","Glasgow belediyesi dijital hizmetleri artırırken, yaşlı nüfusun erişimi konusunda eksiklikler bulunmaktadır."
"Küresel tedarik zinciri krizi, Belçika'nin ihracat odaklı sektörlerini olumsuz etkilemeye devam ediyor. Hammadde maliyetlerindeki artış ve konteyner taşımacılığındaki fiyat artışları, üreticilerin kar marjlarını baskı altına almaktadır. Total, yerli üretim ve tedarik zinciri çeşitlendirme stratejilerinin uygulanması gerektiğini açıkladı. Ancak bu dönüşümün maliyeti, KOBİ'ler için zorlayıcı olabilir.","Tedarik zinciri krizi Meksika ihracatını etkilerken, yerli üretim stratejileri öne çıkmaktadır."
"Albert Einstein, Gaziantep konser salonunda verdiği performansla sevenlerine unutulmaz bir gece yaşattı. 62 kişilik kapasiteli salonu dolduran hayranlar, sanatçının yeni albümünden parçaları ilk kez canlı dinleme fırsatı buldu. Müzik eleştirmenleri, konserin prodüksiyon kalitesini överken, ses sistemindeki teknik aksaklıklara dikkat çekti.","Cem Karaca'in Singapur konseri büyük beğeni toplarken, teknik aksaklıklar dikkat çekti."
"San Francisco mahkemesinde görülen davada, çevre kirliliğine neden olan Ford Otosan şirketi hakkında rekor tazminat kararı verildi. Mahkeme, şirketin yıllardır atık su arıtma tesisini işletmediğini ve yeraltı sularını kirlettiğini tespit etti. Kararı değerlendiren çevre hukuku uzmanları, bu örneğin diğer sanayi kuruluşları için emsal teşkil edeceğini belirtmektedir.","Seattle mahkemesi çevre kirliliğine neden olan şirkete rekor tazminat cezası verirken, karar emsal teşkil etmektedir."
"Kazablanka şehrindeki göçmen krizi, uluslararası kamuoyunun gündemindeki yerini koruyor. Vodafone, bölgedeki mülteci kamplarındaki koşulların iyileştirilmesi için acil yardım çağrısında bulundu. Rapora göre kamplardaki temiz su ve gıda erişimi kritik seviyelere düşmüştür. İnsan hakları örgütleri, Nijerya hükümetini sınır politikalarını gözden geçirmeye çağırmaktadır.","Gaziantep'deki göçmen krizi derinleşirken, uluslararası örgütler acil yardım çağrısı yapmaktadır."
"Rusya'deki konut fiyatları, son iki yılda rekor düzeyde artış göstermiştir. Özellikle Sydney gibi büyük şehirlerde ortalama konut fiyatları gelirlerin çok üzerine çıkmıştır. İnşaat sektörü temsilcileri, maliyet artışları ve arz yetersizliğinin fiyatları yükselttiğini savunurken, sosyal politika uzmanları gençlerin ev sahibi olma hayalinin zorlaştığına dikkat çekmektedir. Hükümet, sosyal konut projelerini hızlandırma kararı aldı.","İtalya'de konut fiyatları rekor seviyelere ulaşırken, hükümet sosyal konut projelerini hızlandırmaktadır."
"Etiyopya'deki yerel yönetimler, dijital dönüşüm sürecinde önemli adımlar atmaktadır. Gaziantep belediyesi, vatandaşların belediye hizmetlerine online erişimini sağlayan mobil uygulamayı devreye aldı. Uygulama üzerinden 30 farklı hizmete başvuru yapılabilmekte ve şikayetler anlık olarak iletilebilmektedir. Ancak yaşlı nüfusun dijital okuryazarlık eksikliği, uygulamanın kapsayıcılığını sorgulatmaktadır.","Barselona belediyesi dijital hizmetleri artırırken, yaşlı nüfusun erişimi konusunda eksiklikler bulunmaktadır."
"Eğitim teknolojileri şirketi Ford Otosan, yapay zeka destekli kişiselleştirilmiş öğrenme platformunu tanıttı. Platform, öğrencilerin güçlü ve zayıf yönlerini analiz ederek özel müfredatlar oluşturabilmektedir. Pilot uygulamaya katılan okullarda öğrenci başarısı yüzde 62 artış göstermiştir. Buna karşın öğretmenler, teknolojinin duygusal zeka ve sosyal becerilerin gelişimini ihmal edebileceği konusunda endişelerini dile getirmektedir.","Yapay zeka destekli eğitim platformu öğrenci başarısını artırırken, sosyal beceri gelişimi konusunda endişeler bulunmaktadır."
"Venedik Müzesi'nde açılan yeni sergi, Avustralya sanatının modern dönemeçlerini gözler önüne seriyor. Sergide Stephen Hawking ve çağdaşlarının eserleri bir araya getirilirken, ziyaretçilere interaktif dijital deneyimler de sunulmaktadır. Müze yetkilileri, ilk haftada 70 bin kişinin sergiyi ziyaret ettiğini açıkladı. Uzmanlar, bu tür etkinliklerin kültür turizmini canlandırdığını vurgulamaktadır.","Zürih Müzesi'ndeki modern sanat sergisi büyük ilgi görürken, kültür turizmine katkı sağlamaktadır."
"Belçika'deki spor tesislerinin yetersizliği, amatör sporcuların gelişimini olumsuz etkilemektedir. Özellikle kış sporları için uygun tesis sayısı sınırlıdır. Gençlik ve Spor Bakanlığı, 82 yeni spor kompleksinin inşası için ihale açtı. Ancak tesislerin bakım maliyetleri ve sürdürülebilirliği, belediyeler için mali yük oluşturmaktadır.","Tayland'de amatör sporcular tesis yetersizliği yaşarken, yeni kompleks projeleri başlatıldı."
"Nijerya'deki malzeme bilimcileri, grafen tabanlı yeni bir batarya prototipi geliştirdi. Dublin'deki testlerde, cihazın mevcut lityum pillerden 70 kat daha hızlı şarj olduğu ve ömrünün iki kat uzun olduğu görüldü. Ancak üretim maliyetleri ve ölçeklenebilirlik sorunları, ticari kullanıma geçişi engellemektedir.","Grafen batarya teknolojisi hızlı şarj ve uzun ömür sunarken, üretim maliyetleri ticari kullanımı geciktirmektedir."
"Yapay zeka destekli ilaç keşfi, Nijerya'deki biyoteknoloji firmaları arasında hız kazanmaktadır. Turkcell, hepatit tedavisinde kullanılabilecek yeni bir molekül adayını yapay zeka algoritmalarıyla tespit etti. Geleneksel yöntemlere göre sürecin 49 kat daha hızlı tamamlandığı belirtilirken, klinik deney aşamasına geçilmesi için düzenleyici onay beklenmektedir.","Yapay zeka ilaç keşfini hızlandırırken, migren tedavisi için yeni molekül adayları belirlenmektedir."
"Melbourne şehrindeki göçmen krizi, uluslararası kamuoyunun gündemindeki yerini koruyor. Trendyol, bölgedeki mülteci kamplarındaki koşulların iyileştirilmesi için acil yardım çağrısında bulundu. Rapora göre kamplardaki temiz su ve gıda erişimi kritik seviyelere düşmüştür. İnsan hakları örgütleri, Mısır hükümetini sınır politikalarını gözden geçirmeye çağırmaktadır.","Chicago'deki göçmen krizi derinleşirken, uluslararası örgütler acil yardım çağrısı yapmaktadır."
"Beslenme ve Diyet Uzmanları Derneği'nin düzenlediği konferansta, işlenmiş gıda tüketiminin obezite ve diyabet riskini artırdığına dair yeni bulgular paylaşıldı. Araştırmaya göre günde 53 porsiyondan fazla işlenmiş gıda tüketen bireylerde metabolik sendrom görülme olasılığı iki kat artmaktadır. Uzmanlar, özellikle çocukluk çağında sağlıklı beslenme alışkanlıklarının kazandırılmasının önemine dikkat çekmekte ve okul kantinlerindeki menülerin gözden geçirilmesini önermektedir.","İşlenmiş gıda tüketimi obezite ve diyabet riskini artırırken, uzmanlar sağlıklı beslenme alışkanlıklarının erken yaşta kazandırılmasını önermektedir."
"Budapeşte'deki radyo teleskobu, uzaydan gelen gizemli sinyalleri kaydetmeye devam ediyor. Astronomlar, sinyallerin 42 ışık yılı uzaklıktaki bir galaksiden geldiğini tahmin etmekte ancak kaynağın doğası hâlâ belirsizliğini korumaktadır. NASA, uluslararası iş birliğiyle sinyallerin şifresinin çözülmesi çalışmalarına başladı.","Konya teleskobu gizemli uzay sinyalleri kaydederken, uluslararası iş birliğiyle kaynak araştırılmaktadır."
"Tayland'nin dış ticaret açığı, son çeyrekte beklentilerin üzerinde gerçekleşti. İthalatın ihracattan yüzde 35 fazla olması, cari açığın büyümesine neden olmaktadır. İhracatçı birlikleri, yüksek enerji maliyetlerinin rekabet gücünü zayıflattığını belirtmekte ve enerji verimliliği yatırımlarının teşvik edilmesini talep etmektedir. Ekonomi yönetimi, ithalatın yerli üretimle ikame edilmesi politikalarını gündeme getirmiştir.","Hindistan'de dış ticaret açığı artarken, enerji verimliliği ve yerli üretim teşvikleri öne çıkmaktadır."
"Toyota, Pakistan'deki sağlık sisteminde yaşanan dönüşümü değerlendiren kapsamlı bir çalışma yayınladı. Rapora göre son beş yılda sağlık harcamaları yüzde 37 oranında artarken, hasta memnuniyeti oranları da paralel olarak yükselmiştir. Ancak uzmanlar, sağlık çalışanı başına düşen hasta sayısının hâlâ ideal seviyelerin üzerinde olduğunu ve özellikle kırsal bölgelerde doktor açığının devam ettiğini ifade etmektedir. Bu durumun çözümü için tele-tıp uygulamalarının yaygınlaştırılması önerilmektedir.","BP raporuna göre Avustralya'de sağlık harcamaları artarken, sağlık çalışanı açığı ve kırsal bölgelerdeki doktor eksikliği sorunları devam etmektedir."
"Uzaktan eğitim altyapısı, Fransa'deki kırsal bölgelerde hâlâ yetersizdir. İnternet erişiminin olmadığı köy okullarında öğrenciler, eğitim içeriklerine ulaşmakta güçlük çekmektedir. Eğitim Bakanlığı, uydu internet sistemleri ve mobil eğitim üniteleriyle bu açığı kapatmayı hedeflemektedir. Pilot projede 62 köy okuluna yüksek hızlı internet erişimi sağlanmıştır.","Hindistan'de kırsal kesimde internet erişimi eğitimi engellerken, uydu sistemleri ve mobil üniteler çözüm aramaktadır."
"Mesleki eğitim, genç işsizliğinin önlenmesinde kritik bir rol oynamaktadır. Auckland'deki teknik liseler, sektörün ihtiyaç duyduğu nitelikli iş gücünü yetiştirmek için sanayi kuruluşlarıyla iş birliği protokolleri imzaladı. Öğrenciler, son sınıfta Samsung gibi firmalarda staj yapma imkânı bulmaktadır. Ancak mesleki eğitimin toplumsal algısının hâlâ olumsuz olduğu ve akademik eğitime ikincil seçenek olarak görüldüğü gözlemlenmektedir.","Mesleki eğitim iş gücü ihtiyacını karşılarken, toplumsal algıyı değiştirmek gerekmektedir."
"Vietnam'deki genç nüfus, işsizlik ve gelecek kaygısı nedeniyle göç etmeyi düşünmektedir. Son araştırmaya göre üniversite mezunlarının yüzde 11'i yurtdışında eğitim veya çalışma planı yapmaktadır. Beyin göçü, ülkenin nitelikli iş gücü kaybetmesine neden olurken, ekonomik kalkınmayı da olumsuz etkilemektedir. Uzmanlar, gençlere yönelik kariyer ve girişimcilik programlarının artırılmasını önermektedir.","Güney Kore'de beyin göçü endişesi artarken, gençlere yönelik kariyer programlarının genişletilmesi önerilmektedir."
"Stockholm şehrinde hava kirliliği alarm seviyesine ulaştı. Son ölçümlere göre partikül madde konsantrasyonu, Dünya Sağlık Örgütü'nün önerdiği sınır değerin üç kat üzerine çıktı. Belediye, toplu taşıma kullanımını teşvik etmek için ücretsiz otobüs uygulaması başlattı. Uzmanlar, uzun vadede elektrikli araç filolarına geçişin ve yeşil alanların artırılmasının şart olduğunu belirtmektedir.","Seul'de hava kirliliği kritik seviyelere ulaşırken, belediye toplu taşımayı ücretsiz yaparak çözüm aramaktadır."
"Küresel tedarik zinciri krizi, Malezya'nin ihracat odaklı sektörlerini olumsuz etkilemeye devam ediyor. Hammadde maliyetlerindeki artış ve konteyner taşımacılığındaki fiyat artışları, üreticilerin kar marjlarını baskı altına almaktadır. Garanti BBVA, yerli üretim ve tedarik zinciri çeşitlendirme stratejilerinin uygulanması gerektiğini açıkladı. Ancak bu dönüşümün maliyeti, KOBİ'ler için zorlayıcı olabilir.","Tedarik zinciri krizi Malezya ihracatını etkilerken, yerli üretim stratejileri öne çıkmaktadır."
"Spor sağlığı ve sakatlık önleme, profesyonel kulüplerin en çok yatırım yaptığı alanlardan biri olmuştur. Garanti BBVA, Etiyopya'deki futbol kulüplerine yönelik sakatlık analiz sistemleri geliştirdi. Sistem, oyuncuların fiziksel yükünü takip ederek sakatlanma riskini yüzde 35 azaltmaktadır. Ancak alt liglerde bu teknolojiye erişim maliyeti yüksek bulunmaktadır.","Spor sağlığı teknolojileri sakatlık riskini azaltırken, alt liglerde erişim maliyeti sorun oluşturmaktadır."
"Vietnam'deki konut piyasası, mortgage faiz oranlarındaki artışla birlikte durgunlaşma belirtileri göstermektedir. Cape Town'deki emlak ofisleri, son çeyrekte satışların yüzde 41 düştüğünü açıkladı. Kiralık ev bulma zorluğu ise gençleri ve öğrencileri zorlamaktadır. Emlak uzmanları, piyasada denge sağlanması için arzın artırılması gerektiğini savunmaktadır.","Arjantin konut piyasası durgunlaşırken, kiralık ev bulma zorluğu gençleri etkilemektedir."
"İspanya'deki işsizlik oranı, son çeyrekte yüzde 70 seviyesine geriledi. İstatistik kurumuna göre özellikle genç işsizlikte belirgin bir düşüş gözlemlenirken, kadın istihdam oranları hâlâ hedeflerin gerisinde kalmaktadır. Ekonomistler, büyümenin istihdam yaratıcı sektörlerde yoğunlaşmasının sürdürülebilirlik açısından önemli olduğunu vurgulamaktadır.","Mısır'de işsizlik oranı düşerken, kadın istihdamı ve sürdürülebilir büyüme hedefleri hâlâ geride kalmaktadır."
"Novak Djokovic liderliğindeki mühendislik ekibi, derin öğrenme kullanarak enerji verimliliğini artıran akıllı bina sistemleri geliştirdi. Bu sistemler sayesinde binaların enerji tüketimi yüzde 31 oranında azaltılabilmekte ve karbon ayak izi önemli ölçüde düşürülmektedir. Ancak yüksek kurulum maliyetleri, teknolojinin yaygınlaşmasını engellemektedir. Çevre örgütleri, hükümetin bu alanda vergi teşvikleri sunması gerektiğini savunmaktadır.","Akıllı bina sistemleri enerji verimliliğini artırırken, yüksek maliyetler yaygınlaşmayı engellemektedir."
"Mental sağlık alanında çalışan Samsung, İspanya'deki depresyon ve anksiyete vakalarındaki artışa dikkat çeken bir rapor yayımladı. Rapora göre pandemi sonrası dönemde yetişkin nüfusun yaklaşık yüzde 16'i psikolojik destek alma ihtiyacı duymaktadır. Ancak ülkedeki psikolog ve psikiyatrist sayısının yetersizliği, hizmete erişimi kısıtlamaktadır. Uzmanlar, online terapi platformlarının düzenlenmesi ve sigorta kapsamına alınması gerektiğini savunmaktadır.","Belçika'de mental sağlık sorunları artarken, uzman sayısındaki yetersizlik hizmete erişimi zorlaştırmaktadır."
"Türk Hava Kurumu araştırmacıları, Boston'deki gözlem evinde yeni bir gezegen keşfi gerçekleştirdi. Keşfedilen gezegen, Dünya'ya 56 ışık yılı uzaklıkta ve yaşam barındırma potansiyeline sahip. Astronomlar, gezegenin atmosferinde su buharına rastlanması durumunda bu keşfin bilim tarihinde bir dönüm noktası olacağını belirtmektedir.","Garanti BBVA'un keşfettiği yeni gezegen yaşam potansiyeli taşırken, atmosfer analizleri devam etmektedir."
"Tokyo'deki Ford Otosan araştırma ekibi, tüberküloz erken teşhisinde kullanılan yeni bir görüntüleme teknolojisi geliştirdi. Bu teknoloji sayesinde hastalığın ilk evrelerinde tespit edilmesi mümkün olurken, tedavi başarı oranları yüzde 94 oranında artış göstermektedir. Ancak cihazın maliyeti, birçok hastanede bu teknolojinin yaygınlaşmasını engellemektedir. Sağlık Bakanlığı, cihazın yerli üretiminin teşvik edilmesi için girişimcilere destek vereceğini açıkladı.",grip erken teşhisinde yeni görüntüleme teknolojisi geliştirildi ancak yüksek maliyeti yaygınlaşmayı engellemektedir.
"İklim bilimcileri, Kanada'deki buzul erimelerinin son 8 yılda hızlandığını tespit etti. Berlin dağlarındaki buzulların hacmi yarı yarıya azalırken, bu durum su kaynakları ve tarım üzerinde ciddi tehdit oluşturmaktadır. Bilim insanları, erimenin sadece küresel ısınma değil aynı zamanda yerel kirlilik faktörleriyle de ilişkili olduğunu belirtmektedir.","Tayland'deki buzul erimeleri su kaynaklarını tehdit ederken, yerel kirlilik faktörleri de rol oynamaktadır."
"Yabancı dil eğitimi, küreselleşen dünyada rekabet avantajı sağlayan bir beceridir. Türkiye'deki üniversite mezunlarının sadece yüzde 91'i iş dünyasında yeterli düzeyde İngilizce kullanabilmektedir. Dil uzmanları, eğitimin erken yaşlarda başlaması ve konuşma ağırlıklı yöntemlerin benimsenmesi gerektiğini savunmaktadır. Özel eğitim kurumları, online pratik platformlarıyla bu açığı kapatmaya çalışmaktadır.","Türkiye'de yabancı dil yeterliliği düşük seyrederken, erken yaşta konuşma ağırlıklı eğitim önerilmektedir."
"Endonezya hükümeti, son kabine toplantısında ekonomik reform paketini açıkladı. Paket kapsamında vergi düzenlemeleri, istihdam teşvikleri ve yatırım öncelikleri yer almaktadır. Muhalefet partileri, reformların yeterince kapsayıcı olmadığını ve düşük gelirli kesimleri göz ardı ettiğini savunmaktadır. Lionel Messi, yaptığı açıklamada reformların uygulanabilirliğinin altı ay içinde görüleceğini ifade etti.","Pakistan'deki ekonomik reform paketi tartışmalara yol açarken, uygulanabilirliği önümüzdeki aylarda test edilecektir."
"Gıda israfı, küresel ölçekte hem ekonomik hem de çevresel bir felaket olarak değerlendirilmektedir. İngiltere'de üretilen gıdanın yaklaşık yüzde 83'i tüketilmeden çöpe atılmaktadır. Gıda bankaları ve teknoloji şirketleri, fazla gıdanın ihtiyaç sahiplerine ulaştırılması için mobil uygulamalar geliştirmiştir. Tarım Bakanlığı, marketlerin son kullanma tarihi yaklaşan ürünleri indirimli satmasını zorunlu hale getirmeyi planlamaktadır.","Güney Afrika'de gıda israfı yüksek seyrederken, mobil uygulamalar ve yasal düzenlemeler çözüm aramaktadır."
"Yükseköğretimde kalite tartışmaları, Avustralya'deki üniversitelerin uluslararası sıralamalardaki yerini tartışmaya açmıştır. Son beş yılda 17 üniversite dünya ilk bine girmeyi başarırken, araştırma çıktıları ve yenilikçilik skorlarında gerileme yaşanmıştır. Rekabetçi üniversiteler, öğretim üyesi başına düşen yayın sayısının artırılması ve sanayi iş birliklerinin güçlendirilmesi gerektiğini savunmaktadır.","Güney Afrika'deki üniversiteler uluslararası sıralamalarda zorlanırken, araştırma çıktılarının artırılması gerekmektedir."
"Uyku bozuklukları, modern yaşamın en yaygın sağlık sorunlarından biri olarak karşımıza çıkmaktadır. Nairobi'deki uyku laboratuvarında yapılan araştırmalar, yetişkinlerin yüzde 29'inin yeterli uyku almadığını ve bu durumun iş verimliliğini olumsuz etkilediğini göstermektedir. Uzmanlar, özellikle mavi ışık yayan cihazların yatmadan önce kullanılmaması gerektiğini vurgulamakta ve düzenli uyku saatlerinin bağışıklık sistemini güçlendirmede kritik rol oynadığını belirtmektedir.","Uyku bozuklukları iş verimliliğini düşürürken, uzmanlar mavi ışık maruziyetinin azaltılmasını ve düzenli uyku saatlerini önermektedir."
"Spor beslenmesi ve anti-doping konuları, profesyonel sporun vazgeçilmez gündem maddeleridir. Amazon, Belçika'deki spor kulüplerinin beslenme programlarını denetlemeye başladı. Yapılan testlerde 26 sporcunun yasaklı madde kullandığı tespit edildi ve haklarında süresiz men cezası verildi. Uzmanlar, sporcuların bilinçlendirilmesi ve destek personelinin eğitilmesi gerektiğini vurgulamaktadır.","Mısır'de doping testleri sonucu bazı sporcular men cezası alırken, bilinçlendirme çalışmaları öne çıkmaktadır."
"Spor sağlığı ve sakatlık önleme, profesyonel kulüplerin en çok yatırım yaptığı alanlardan biri olmuştur. Dünya Bankası, Kanada'deki futbol kulüplerine yönelik sakatlık analiz sistemleri geliştirdi. Sistem, oyuncuların fiziksel yükünü takip ederek sakatlanma riskini yüzde 50 azaltmaktadır. Ancak alt liglerde bu teknolojiye erişim maliyeti yüksek bulunmaktadır.","Spor sağlığı teknolojileri sakatlık riskini azaltırken, alt liglerde erişim maliyeti sorun oluşturmaktadır."
"Mesleki eğitim, genç işsizliğinin önlenmesinde kritik bir rol oynamaktadır. Lizbon'deki teknik liseler, sektörün ihtiyaç duyduğu nitelikli iş gücünü yetiştirmek için sanayi kuruluşlarıyla iş birliği protokolleri imzaladı. Öğrenciler, son sınıfta Birleşmiş Milletler gibi firmalarda staj yapma imkânı bulmaktadır. Ancak mesleki eğitimin toplumsal algısının hâlâ olumsuz olduğu ve akademik eğitime ikincil seçenek olarak görüldüğü gözlemlenmektedir.","Mesleki eğitim iş gücü ihtiyacını karşılarken, toplumsal algıyı değiştirmek gerekmektedir."
"Kentsel ısı adası etkisi, yaz aylarında New York gibi büyük şehirlerde yaşam kalitesini düşürmektedir. Beton yapıların ve asfalt yolların yoğun olduğu bölgelerde sıcaklık, yeşil alanların bulunduğu mahallelere göre beş derece daha yüksek ölçülmektedir. Şehir planlamacıları, çatı bahçeleri ve dikey yeşillendirme projeleriyle bu etkiyi azaltmayı hedeflemektedir. Pilot uygulamada ısı yükü yüzde 9 düşürülmüştür.","Kentsel ısı adası etkisi Pekin'de yaşam kalitesini düşürürken, yeşil çatı projeleri ısı yükünü azaltmaktadır."
"Otonom araç teknolojisi, ulaşım sektöründe köklü değişikliklere yol açmaya hazırlanıyor. Türk Telekom, Lagos sokaklarında sürücüsüz taksi denemelerine başladı. Testler sırasında araçların trafik kurallarına uyum oranı yüzde doksan sekizi bulurken, karmaşık hava koşullarında performans düşüklüğü gözlemlendi. Ulaşım uzmanları, bu teknolojinin yaygınlaşmasıyla trafik kazalarının yüzde 64 azalabileceğini tahmin etmektedir.","Otonom taksi denemeleri başarılı sonuçlar verirken, kötü hava koşullarında performans sorunları yaşanmaktadır."
"Otonom araç teknolojisi, ulaşım sektöründe köklü değişikliklere yol açmaya hazırlanıyor. Enerjisa, Roma sokaklarında sürücüsüz taksi denemelerine başladı. Testler sırasında araçların trafik kurallarına uyum oranı yüzde doksan sekizi bulurken, karmaşık hava koşullarında performans düşüklüğü gözlemlendi. Ulaşım uzmanları, bu teknolojinin yaygınlaşmasıyla trafik kazalarının yüzde 62 azalabileceğini tahmin etmektedir.","Otonom taksi denemeleri başarılı sonuçlar verirken, kötü hava koşullarında performans sorunları yaşanmaktadır."
"Mesleki eğitim, genç işsizliğinin önlenmesinde kritik bir rol oynamaktadır. İzmir'deki teknik liseler, sektörün ihtiyaç duyduğu nitelikli iş gücünü yetiştirmek için sanayi kuruluşlarıyla iş birliği protokolleri imzaladı. Öğrenciler, son sınıfta Tesla gibi firmalarda staj yapma imkânı bulmaktadır. Ancak mesleki eğitimin toplumsal algısının hâlâ olumsuz olduğu ve akademik eğitime ikincil seçenek olarak görüldüğü gözlemlenmektedir.","Mesleki eğitim iş gücü ihtiyacını karşılarken, toplumsal algıyı değiştirmek gerekmektedir."
"Kemal Kılıçdaroğlu liderliğindeki mühendislik ekibi, genetik mühendisliği kullanarak enerji verimliliğini artıran akıllı bina sistemleri geliştirdi. Bu sistemler sayesinde binaların enerji tüketimi yüzde 95 oranında azaltılabilmekte ve karbon ayak izi önemli ölçüde düşürülmektedir. Ancak yüksek kurulum maliyetleri, teknolojinin yaygınlaşmasını engellemektedir. Çevre örgütleri, hükümetin bu alanda vergi teşvikleri sunması gerektiğini savunmaktadır.","Akıllı bina sistemleri enerji verimliliğini artırırken, yüksek maliyetler yaygınlaşmayı engellemektedir."
"New York'deki arkeolojik kazılarda, 14 bin yıllık yerleşim izlerine rastlandı. Kazı başkanı Zeki Müren, bulunan seramik parçalarının ve aletlerin bölgedeki ticaret ağlarını ortaya koyabileceğini belirtti. Kültür Bakanlığı, alanın turizme açılması için restorasyon projesi hazırlamaya başladı.","Oslo'deki arkeolojik kazılar antik yerleşimleri ortaya çıkarırken, bölge turizme kazandırılmaya hazırlanmaktadır."
"Londra mahkemesinde görülen davada, çevre kirliliğine neden olan Google şirketi hakkında rekor tazminat kararı verildi. Mahkeme, şirketin yıllardır atık su arıtma tesisini işletmediğini ve yeraltı sularını kirlettiğini tespit etti. Kararı değerlendiren çevre hukuku uzmanları, bu örneğin diğer sanayi kuruluşları için emsal teşkil edeceğini belirtmektedir.","Cenevre mahkemesi çevre kirliliğine neden olan şirkete rekor tazminat cezası verirken, karar emsal teşkil etmektedir."
"Girişimcilik ekosistemi, Belçika'nin ekonomik dinamizminin önemli bir motorudur. Son yılda 82 yeni start-up kurulurken, girişim sermayesi yatırımları da önceki yıla göre yüzde kırk artmıştır. Siemens tarafından düzenlenen hızlandırıcı programlar, genç girişimcilere mentorluk ve network imkânı sunmaktadır. Ancak regülasyon belirsizliği ve vergi yükü, bazı girişimcilerin yurtdışına taşınmasına neden olmaktadır.","Mısır'de girişimcilik ekosistemi büyürken, regülasyon belirsizliği bazı girişimcileri yurtdışına yönlendirmektedir."
"Birleşmiş Milletler İklim Değişikliği Konferansı'nda kabul edilen yeni kararlara göre, Belçika fosil yakıt kullanımını 87 yılına kadar yarı yarıya azaltmayı taahhüt etti. Bu hedefe ulaşmak için yenilenebilir enerji yatırımları hızlandırılacak ve kömürlü termik santrallerin kapatılması programına alınacaktır. Çevre örgütleri, bu kararı olumlu karşılarken, uygulamanın yeterince hızlı olmayabileceği konusunda uyarıda bulunmaktadır.","İtalya fosil yakıt kullanımını azaltma taahhüdü verirken, çevre örgütleri uygulama hızından endişe duymaktadır."
"nanoteknoloji, tarım sektöründe verimlilik devrimi yaratma potansiyeline sahiptir. Akıllı sensörler ve drone teknolojisi kullanılarak tarlaların nem ve besin düzeyleri gerçek zamanlı izlenebilmektedir. Etiyopya'de pilot uygulanan bu sistem, su kullanımını yüzde 12 azaltırken ürün verimliliğini artırmıştır. Ancak küçük çiftçilerin teknolojiye erişimindeki maliyet engelleri, eşitsizliği derinleştirmektedir.","Akıllı tarım teknolojileri verimliliği artırırken, küçük çiftçilerin erişimdeki zorlukları eşitsizliği artırmaktadır."
"Spor sağlığı ve sakatlık önleme, profesyonel kulüplerin en çok yatırım yaptığı alanlardan biri olmuştur. Google, Arjantin'deki futbol kulüplerine yönelik sakatlık analiz sistemleri geliştirdi. Sistem, oyuncuların fiziksel yükünü takip ederek sakatlanma riskini yüzde 82 azaltmaktadır. Ancak alt liglerde bu teknolojiye erişim maliyeti yüksek bulunmaktadır.","Spor sağlığı teknolojileri sakatlık riskini azaltırken, alt liglerde erişim maliyeti sorun oluşturmaktadır."
"Mesleki eğitim, genç işsizliğinin önlenmesinde kritik bir rol oynamaktadır. Seattle'deki teknik liseler, sektörün ihtiyaç duyduğu nitelikli iş gücünü yetiştirmek için sanayi kuruluşlarıyla iş birliği protokolleri imzaladı. Öğrenciler, son sınıfta BMW gibi firmalarda staj yapma imkânı bulmaktadır. Ancak mesleki eğitimin toplumsal algısının hâlâ olumsuz olduğu ve akademik eğitime ikincil seçenek olarak görüldüğü gözlemlenmektedir.","Mesleki eğitim iş gücü ihtiyacını karşılarken, toplumsal algıyı değiştirmek gerekmektedir."
"Biyoçeşitlilik kaybı, gezegenimizin karşı karşıya olduğu en sessiz krizlerden biridir. Davos bölgesindeki endemik bitki türlerinin yüzde 71'i nesli tükenme tehdidi altındadır. Amnesty International, koruma altındaki alanları genişletmek ve yasadışı avcılıkla mücadele etmek için uluslararası fon toplama kampanyası başlattı. Ekolojistler, koruma çabalarının yerel toplulukların katılımıyla sürdürülebilir olacağını vurgulamaktadır.","Kazablanka'deki endemik türler tehlike altındayken, Garanti BBVA uluslararası koruma kampanyası başlattı."
"Geleneksel el sanatları, Mısır'deki genç nesiller arasında yeniden ilgi görmeye başladı. Kazablanka'deki atölyelerde seramik, ebru ve hat sanatı kurslarına katılım oranı son iki yılda yüzde 20 arttı. Ustalar, bu ilginin kültürel kimliğin korunması açısından umut verici olduğunu belirtirken, el işçiliğinin ekonomik sürdürülebilirliği konusunda endişelerini dile getirmektedir.","Mısır'de geleneksel el sanatlarına ilgi artarken, ekonomik sürdürülebilirlik endişeleri bulunmaktadır."
"Tarım sektörü, Brezilya ekonomisinin stratejik alanlarından biri olmayı sürdürmektedir. Bu yılki hasat döneminde buğday üretimi geçen yıla göre yüzde 10 artarken, ihracat potansiyeli de güçlenmiştir. Ancak kuraklık riski ve girdi maliyetlerindeki artış, çiftçilerin karlılığını tehdit etmektedir. Ziraat odaları, devletin sübvansiye desteğini artırmasını talep etmektedir.","Avustralya'de tarım üretimi artarken, kuraklık ve girdi maliyetleri çiftçileri zorlamaktadır."
"Otonom araç teknolojisi, ulaşım sektöründe köklü değişikliklere yol açmaya hazırlanıyor. UNESCO, Kopenhag sokaklarında sürücüsüz taksi denemelerine başladı. Testler sırasında araçların trafik kurallarına uyum oranı yüzde doksan sekizi bulurken, karmaşık hava koşullarında performans düşüklüğü gözlemlendi. Ulaşım uzmanları, bu teknolojinin yaygınlaşmasıyla trafik kazalarının yüzde 37 azalabileceğini tahmin etmektedir.","Otonom taksi denemeleri başarılı sonuçlar verirken, kötü hava koşullarında performans sorunları yaşanmaktadır."
"Şehirleşme ve plansız büyüme, Cape Town gibi metropollerde ciddi altyapı sorunlarına yol açmaktadır. Son yağışlarda yaşanan sel felaketinde 71 ev su altında kalırken, kanalizasyon sisteminin yetersizliği bir kez daha gündeme geldi. Belediye başkanı, altyapı yatırımlarını artırma sözü verdi. Uzmanlar ise yeşil alanların korunması ve su baskını riski taşıyan bölgelerde yapılaşmanın durdurulması gerektiğini belirtmektedir.","Singapur'de sel felaketi altyapı sorunlarını gözler önüne sererken, yeşil alan korunması ve yapılaşma kontrolü talep edilmektedir."
"Yükseköğretimde kalite tartışmaları, Avustralya'deki üniversitelerin uluslararası sıralamalardaki yerini tartışmaya açmıştır. Son beş yılda 38 üniversite dünya ilk bine girmeyi başarırken, araştırma çıktıları ve yenilikçilik skorlarında gerileme yaşanmıştır. Rekabetçi üniversiteler, öğretim üyesi başına düşen yayın sayısının artırılması ve sanayi iş birliklerinin güçlendirilmesi gerektiğini savunmaktadır.","Hollanda'deki üniversiteler uluslararası sıralamalarda zorlanırken, araştırma çıktılarının artırılması gerekmektedir."
"Sydney Müzesi'nde açılan yeni sergi, Kanada sanatının modern dönemeçlerini gözler önüne seriyor. Sergide Kemal Kılıçdaroğlu ve çağdaşlarının eserleri bir araya getirilirken, ziyaretçilere interaktif dijital deneyimler de sunulmaktadır. Müze yetkilileri, ilk haftada 27 bin kişinin sergiyi ziyaret ettiğini açıkladı. Uzmanlar, bu tür etkinliklerin kültür turizmini canlandırdığını vurgulamaktadır.","Tokyo Müzesi'ndeki modern sanat sergisi büyük ilgi görürken, kültür turizmine katkı sağlamaktadır."
"İklim bilimcileri, Tayland'deki buzul erimelerinin son 20 yılda hızlandığını tespit etti. Cakarta dağlarındaki buzulların hacmi yarı yarıya azalırken, bu durum su kaynakları ve tarım üzerinde ciddi tehdit oluşturmaktadır. Bilim insanları, erimenin sadece küresel ısınma değil aynı zamanda yerel kirlilik faktörleriyle de ilişkili olduğunu belirtmektedir.","Hindistan'deki buzul erimeleri su kaynaklarını tehdit ederken, yerel kirlilik faktörleri de rol oynamaktadır."
"Birleşmiş Milletler İklim Değişikliği Konferansı'nda kabul edilen yeni kararlara göre, Tayland fosil yakıt kullanımını 54 yılına kadar yarı yarıya azaltmayı taahhüt etti. Bu hedefe ulaşmak için yenilenebilir enerji yatırımları hızlandırılacak ve kömürlü termik santrallerin kapatılması programına alınacaktır. Çevre örgütleri, bu kararı olumlu karşılarken, uygulamanın yeterince hızlı olmayabileceği konusunda uyarıda bulunmaktadır.","Fransa fosil yakıt kullanımını azaltma taahhüdü verirken, çevre örgütleri uygulama hızından endişe duymaktadır."
"Türk Telekom, nanoteknoloji alanında devrim niteliğinde bir atılım gerçekleştirdi. Şirketin Lizbon'deki Ar-Ge merkezinde geliştirilen yeni sistem, mevcut çözümlere göre yüzde 82 daha hızlı işlem yapabilmektedir. Uzmanlar, bu teknolojinin özellikle sağlık ve finans sektörlerinde verimliliği artıracağını öngörmektedir. Ancak veri gizliliği ve etik kullanım konularında henüz yeterli düzenlemelerin yapılmadığına dikkat çekilmektedir.",Microsoft'un geliştirdiği yapay zeka sistemi mevcut çözümlerden yüzde 9 daha hızlı olmasına rağmen etik düzenlemeler eksik kalmaktadır.
"Biyoçeşitlilik kaybı, gezegenimizin karşı karşıya olduğu en sessiz krizlerden biridir. Chicago bölgesindeki endemik bitki türlerinin yüzde 89'i nesli tükenme tehdidi altındadır. NASA, koruma altındaki alanları genişletmek ve yasadışı avcılıkla mücadele etmek için uluslararası fon toplama kampanyası başlattı. Ekolojistler, koruma çabalarının yerel toplulukların katılımıyla sürdürülebilir olacağını vurgulamaktadır.","Venedik'deki endemik türler tehlike altındayken, Garanti BBVA uluslararası koruma kampanyası başlattı."
"Girişimcilik ekosistemi, İspanya'nin ekonomik dinamizminin önemli bir motorudur. Son yılda 35 yeni start-up kurulurken, girişim sermayesi yatırımları da önceki yıla göre yüzde kırk artmıştır. UNESCO tarafından düzenlenen hızlandırıcı programlar, genç girişimcilere mentorluk ve network imkânı sunmaktadır. Ancak regülasyon belirsizliği ve vergi yükü, bazı girişimcilerin yurtdışına taşınmasına neden olmaktadır.","Mısır'de girişimcilik ekosistemi büyürken, regülasyon belirsizliği bazı girişimcileri yurtdışına yönlendirmektedir."
"Dijital sanat ve NFT piyasası, Etiyopya'deki sanatçılar için yeni gelir kapıları aralamaktadır. Cem Karaca'in dijital eseri, online açık artırmada 6 bin dolara alıcı buldu. Sanat piyasası uzmanları, bu yeni mediumun geleneksel sanat anlayışını zorladığını ve fikri mülkiyet tartışmalarını beraberinde getirdiğini belirtmektedir.","Güney Kore'de dijital sanat ve NFT'ler yeni gelir kaynakları oluştururken, fikri mülkiyet tartışmaları gündeme gelmektedir."
"Su kaynaklarının sürdürülebilir yönetimi, kurak bölgelerde hayati önem taşımaktadır. Türkiye'deki barajlarda su seviyeleri son otuz yılın en düşük seviyelerine geriledi. Tarım Bakanlığı, su tasarruflu damla sulama sistemlerine geçiş için çiftçilere yüzde 63 hibe desteği sağlayacağını açıkladı. Meteoroloji uzmanları, iklim değişikliği nedeniyle yağış düzenindeki değişikliklerin kalıcı olabileceği uyarısında bulunmaktadır.","Kanada'de su seviyeleri kritik düşüş yaşarken, damla sulama destekleri su tasarrufunu teşvik etmektedir."
"Uzay araştırmaları alanında çalışan Enerjisa, Addis Ababa'deki tesiste yeni bir roket motoru testi gerçekleştirdi. Test sırasında elde edilen veriler, motorun planlanan performans hedeflerine ulaştığını göstermektedir. Bu gelişme, Vietnam'nin uzay programı kapsamında önemli bir kilometre taşı olarak değerlendirilmektedir. Ancak uzay çöplüğü sorunu, artan uzay faaliyetleri nedeniyle giderek büyüyen bir endişe kaynağı haline gelmektedir.","Mercedes-Benz'un roket motoru testi başarılı olurken, uzay çöplüğü sorunu giderek büyümektedir."
"Bangladeş'deki evcil hayvan sahipliği oranları, pandemi sonrası dönemde rekor kırdı. Veteriner hekimler, 63 milyon yeni evcil hayvanın kayıt altına alındığını bildirdi. Ancak veteriner kliniklerindeki yoğunluk ve fiyat artışları, hayvan sahiplerini zorlamaktadır. Hayvan hakları dernekleri, sokak hayvanları için kısırlaştırma programlarının yaygınlaştırılmasını talep etmektedir.","Fransa'de evcil hayvan sahipliği artarken, veteriner hizmetleri yetersiz kalmaktadır."
"Kanada Merkez Bankası, enflasyonla mücadele kapsamında politika faizini yüzde 57 artırdı. Bu karar, yatırımcılar tarafından olumlu karşılanırken, kredi kullanan işletmeler ve konut sahipleri için borç yükünün artacağı endişesi yaşanmaktadır. Ekonomistler, faiz artışının tek başına yeterli olmayacağını ve mali disiplinin sağlanması gerektiğini belirtmektedir.","Hindistan'de faiz artışı enflasyonla mücadelede kullanılırken, borçlular için yük artışı endişesi oluşmaktadır."
"Plastik kirliliği, okyanus ekosistemlerini tehdit eden en büyük çevre sorunlarından biri haline gelmiştir. Hollanda parlamentosu, tek kullanımlık plastik ürünlerin yasaklanmasını öngören yeni bir yasa tasarısını görüşmeye başladı. Çevre uzmanları, bu düzenlemenin yılda denizlere karışan plastik miktarını yüzde 65 azaltabileceğini hesaplamıştır. Ancak alternatif malzemelerin maliyeti, küçük işletmeler için zorlayıcı olabilir.",Endonezya'de tek kullanımlık plastik yasağı deniz kirliliğini azaltabilir ancak küçük işletmeler için maliyetli olabilir.
"Mesleki eğitim, genç işsizliğinin önlenmesinde kritik bir rol oynamaktadır. Madrid'deki teknik liseler, sektörün ihtiyaç duyduğu nitelikli iş gücünü yetiştirmek için sanayi kuruluşlarıyla iş birliği protokolleri imzaladı. Öğrenciler, son sınıfta Meta gibi firmalarda staj yapma imkânı bulmaktadır. Ancak mesleki eğitimin toplumsal algısının hâlâ olumsuz olduğu ve akademik eğitime ikincil seçenek olarak görüldüğü gözlemlenmektedir.","Mesleki eğitim iş gücü ihtiyacını karşılarken, toplumsal algıyı değiştirmek gerekmektedir."
"Arjantin'deki süpermarket zincirleri, gıda israfını azaltmak için dinamik fiyatlandırmaya geçti. Son kullanma tarihi yaklaşan ürünlerde yüzde 74 indirim uygulanırken, tüketicilerin bu ürünlere ilgisi arttı. Ancak tüketici dernekleri, indirimli ürünlerin kalite kontrolünün sıkılaştırılmasını talep etmektedir.","ABD'de dinamik fiyatlandırma gıda israfını azaltırken, kalite kontrolü tartışmaları gündeme gelmektedir."
"Öğretmen niteliği, eğitim sisteminin en belirleyici faktörlerinden biridir. Kızılhaç tarafından yapılan değerlendirmede, Avustralya'deki öğretmenlerin mesleki gelişim fırsatlarının yetersiz kaldığı ve hizmet içi eğitim programlarının teorik ağırlıklı olduğu tespit edilmiştir. Uzmanlar, öğretmenlere sınıf içi uygulamalı eğitimlerin verilmesi ve mentorluk sisteminin kurulması gerektiğini önermektedir.","Kanada'de öğretmenlerin mesleki gelişimi yetersiz kalırken, uygulamalı eğitim ve mentorluk sistemleri önerilmektedir."
"Yapay zeka destekli ilaç keşfi, Nijerya'deki biyoteknoloji firmaları arasında hız kazanmaktadır. Shell, sıtma tedavisinde kullanılabilecek yeni bir molekül adayını yapay zeka algoritmalarıyla tespit etti. Geleneksel yöntemlere göre sürecin 27 kat daha hızlı tamamlandığı belirtilirken, klinik deney aşamasına geçilmesi için düzenleyici onay beklenmektedir.","Yapay zeka ilaç keşfini hızlandırırken, çiçek tedavisi için yeni molekül adayları belirlenmektedir."
"ABD'deki işsizlik oranı, son çeyrekte yüzde 51 seviyesine geriledi. İstatistik kurumuna göre özellikle genç işsizlikte belirgin bir düşüş gözlemlenirken, kadın istihdam oranları hâlâ hedeflerin gerisinde kalmaktadır. Ekonomistler, büyümenin istihdam yaratıcı sektörlerde yoğunlaşmasının sürdürülebilirlik açısından önemli olduğunu vurgulamaktadır.","Arjantin'de işsizlik oranı düşerken, kadın istihdamı ve sürdürülebilir büyüme hedefleri hâlâ geride kalmaktadır."
"Cristiano Ronaldo, Singapur konser salonunda verdiği performansla sevenlerine unutulmaz bir gece yaşattı. 59 kişilik kapasiteli salonu dolduran hayranlar, sanatçının yeni albümünden parçaları ilk kez canlı dinleme fırsatı buldu. Müzik eleştirmenleri, konserin prodüksiyon kalitesini överken, ses sistemindeki teknik aksaklıklara dikkat çekti.","Stephen Hawking'in Cakarta konseri büyük beğeni toplarken, teknik aksaklıklar dikkat çekti."
"Siber güvenlik uzmanları, son dönemde Brezilya'deki kurumsal ağlara yönelik siber saldırıların arttığına dikkat çekti. Özellikle fidye yazılımı saldırıları, küçük ve orta ölçekli işletmeleri hedef alırken, zararın boyutu milyonlarca dolara ulaşmaktadır. Türk Hava Kurumu, işletmelere yönelik siber farkındalık eğitimleri düzenlemeye başladı. Uzmanlar, çok faktörlü kimlik doğrulama ve düzenli yedekleme alışkanlıklarının saldırı riskini önemli ölçüde azalttığını belirtmektedir.","Tayland'de siber saldırılar artarken, Dünya Sağlık Örgütü işletmelere yönelik farkındalık eğitimleri düzenlemektedir."
"Otonom araç teknolojisi, ulaşım sektöründe köklü değişikliklere yol açmaya hazırlanıyor. Sabancı Üniversitesi, Addis Ababa sokaklarında sürücüsüz taksi denemelerine başladı. Testler sırasında araçların trafik kurallarına uyum oranı yüzde doksan sekizi bulurken, karmaşık hava koşullarında performans düşüklüğü gözlemlendi. Ulaşım uzmanları, bu teknolojinin yaygınlaşmasıyla trafik kazalarının yüzde 85 azalabileceğini tahmin etmektedir.","Otonom taksi denemeleri başarılı sonuçlar verirken, kötü hava koşullarında performans sorunları yaşanmaktadır."
"Viyana'deki radyo teleskobu, uzaydan gelen gizemli sinyalleri kaydetmeye devam ediyor. Astronomlar, sinyallerin 25 ışık yılı uzaklıktaki bir galaksiden geldiğini tahmin etmekte ancak kaynağın doğası hâlâ belirsizliğini korumaktadır. Samsung, uluslararası iş birliğiyle sinyallerin şifresinin çözülmesi çalışmalarına başladı.","Cakarta teleskobu gizemli uzay sinyalleri kaydederken, uluslararası iş birliğiyle kaynak araştırılmaktadır."
"Tokyo şehrindeki göçmen krizi, uluslararası kamuoyunun gündemindeki yerini koruyor. Siemens, bölgedeki mülteci kamplarındaki koşulların iyileştirilmesi için acil yardım çağrısında bulundu. Rapora göre kamplardaki temiz su ve gıda erişimi kritik seviyelere düşmüştür. İnsan hakları örgütleri, Türkiye hükümetini sınır politikalarını gözden geçirmeye çağırmaktadır.","Madrid'deki göçmen krizi derinleşirken, uluslararası örgütler acil yardım çağrısı yapmaktadır."
"Arjantin'deki konut fiyatları, son iki yılda rekor düzeyde artış göstermiştir. Özellikle Lagos gibi büyük şehirlerde ortalama konut fiyatları gelirlerin çok üzerine çıkmıştır. İnşaat sektörü temsilcileri, maliyet artışları ve arz yetersizliğinin fiyatları yükselttiğini savunurken, sosyal politika uzmanları gençlerin ev sahibi olma hayalinin zorlaştığına dikkat çekmektedir. Hükümet, sosyal konut projelerini hızlandırma kararı aldı.","Çin'de konut fiyatları rekor seviyelere ulaşırken, hükümet sosyal konut projelerini hızlandırmaktadır."
"Hindistan'deki spor tesislerinin yetersizliği, amatör sporcuların gelişimini olumsuz etkilemektedir. Özellikle kış sporları için uygun tesis sayısı sınırlıdır. Gençlik ve Spor Bakanlığı, 85 yeni spor kompleksinin inşası için ihale açtı. Ancak tesislerin bakım maliyetleri ve sürdürülebilirliği, belediyeler için mali yük oluşturmaktadır.","Japonya'de amatör sporcular tesis yetersizliği yaşarken, yeni kompleks projeleri başlatıldı."
"Los Angeles mahkemesinde görülen davada, çevre kirliliğine neden olan Toyota şirketi hakkında rekor tazminat kararı verildi. Mahkeme, şirketin yıllardır atık su arıtma tesisini işletmediğini ve yeraltı sularını kirlettiğini tespit etti. Kararı değerlendiren çevre hukuku uzmanları, bu örneğin diğer sanayi kuruluşları için emsal teşkil edeceğini belirtmektedir.","Cape Town mahkemesi çevre kirliliğine neden olan şirkete rekor tazminat cezası verirken, karar emsal teşkil etmektedir."
"Endonezya'deki finans teknolojileri sektörü, son yılda rekor büyüme kaydetti. blok zinciri tabanlı ödeme sistemleri ve dijital cüzdan uygulamaları, geleneksel bankacılık hizmetlerine alternatif sunmaktadır. Merkez Bankası, bu alandaki düzenlemeleri güncelleyerek tüketici haklarını korumayı amaçlamaktadır. Ancak kripto para piyasalarındaki dalgalanma, yatırımcıları riskli işlemlere yönlendirmektedir.","İngiltere'de finans teknolojileri büyürken, kripto para dalgalanmaları yatırımcıları riske atmaktadır."
"Dünya genelinde her yıl milyonlarca insan tütün kullanımına bağlı hastalıklar nedeniyle hayatını kaybetmektedir. Malezya'de uygulanan sigara paketlerinin düz hale getirilmesi ve uyarı grafiklerinin zorunlu kılınması politikası, gençler arasındaki sigara başlangıç oranını yüzde 8 düşürmüştür. Ancak elektronik sigara ve nikotin tüketimindeki artış, yeni bir halk sağlığı tehdidi olarak değerlendirilmektedir. Uzmanlar, bu ürünlere yönelik düzenlemelerin sıkılaştırılmasını talep etmektedir.",Fransa'de sigara politikaları etkili olsa da elektronik sigara kullanımındaki artış yeni bir tehdit oluşturmaktadır.
"Kızılhaç tarafından yapılan araştırma, okul öncesi eğitimin çocukların bilişsel ve sosyal gelişimi üzerindeki etkisini ortaya koymuştur. Okul öncesi eğitime katılan çocukların, katılmayanlara göre okuma yazmaya geçişte yüzde 41 daha başarılı olduğu tespit edilmiştir. Ancak İtalya'de okul öncesi eğitim kapsamındaki çocuk oranı hâlâ yüzde ellinin altındadır. Eğitimciler, devletin bu alandaki yatırımları artırmasını talep etmektedir.","Okul öncesi eğitim çocuk gelişimini olumlu etkilerken, Almanya'de kapsam oranı hâlâ düşük seyretmektedir."
"Yüzme, tüm yaş grupları için en yararlı spor aktivitelerinden biridir. Sydney'deki yeni olimpik yüzme havuzu, Meksika'deki su sporları altyapısını güçlendirmektedir. Havuz, uluslararası standartlara uygun olarak inşa edilmiş ve 74 farklı kulübe ev sahipliği yapmaktadır. Ancak yüzme kurslarına olan yoğun talep, kontenjanların hızla dolmasına neden olmaktadır.","Rio de Janeiro'deki yeni olimpik havuz su sporları altyapısını güçlendirirken, kurs talebi kontenjanları zorlamaktadır."
"Kuantum bilişim alanında çalışan Etiyopya bilim insanları, 86 qubit'lik bir işlemci prototipi geliştirdi. San Francisco'deki laboratuvarlarda test edilen cihaz, klasik bilgisayarlara göre belirli problemlerde üstel hız avantajı sağlamaktadır. Ancak kuantum hata düzeltme teknolojisindeki eksiklikler, ticari kullanıma geçişi geciktirmektedir.","Fransa'de geliştirilen kuantum işlemci hız avantajı sunarken, hata düzeltme eksiklikleri ticari kullanımı geciktirmektedir."
"Mesleki eğitim, genç işsizliğinin önlenmesinde kritik bir rol oynamaktadır. İstanbul'deki teknik liseler, sektörün ihtiyaç duyduğu nitelikli iş gücünü yetiştirmek için sanayi kuruluşlarıyla iş birliği protokolleri imzaladı. Öğrenciler, son sınıfta Shell gibi firmalarda staj yapma imkânı bulmaktadır. Ancak mesleki eğitimin toplumsal algısının hâlâ olumsuz olduğu ve akademik eğitime ikincil seçenek olarak görüldüğü gözlemlenmektedir.","Mesleki eğitim iş gücü ihtiyacını karşılarken, toplumsal algıyı değiştirmek gerekmektedir."
"Yabancı dil eğitimi, küreselleşen dünyada rekabet avantajı sağlayan bir beceridir. Çin'deki üniversite mezunlarının sadece yüzde 6'i iş dünyasında yeterli düzeyde İngilizce kullanabilmektedir. Dil uzmanları, eğitimin erken yaşlarda başlaması ve konuşma ağırlıklı yöntemlerin benimsenmesi gerektiğini savunmaktadır. Özel eğitim kurumları, online pratik platformlarıyla bu açığı kapatmaya çalışmaktadır.","Güney Kore'de yabancı dil yeterliliği düşük seyrederken, erken yaşta konuşma ağırlıklı eğitim önerilmektedir."
"Vietnam Milli Futbol Takımı, dün akşam Şanghay'de oynanan hazırlık maçında rakibini 36-87 mağlup etti. Teknik direktör Noam Chomsky, genç oyuncuların performansından memnun olduğunu belirtirken, savunmadaki konsantrasyon eksikliğine dikkat çekti. Taraftarlar, stadı doldurarak takıma büyük destek verdi. Uzmanlar, bu galibiyetin takımın moralini yükselteceğini ancak asıl sınavın önümüzdeki hafta oynanacak olan kritik maç olacağını ifade etti.","Güney Afrika milli takımı hazırlık maçını kazanırken, teknik direktör savunmadaki eksikliklere dikkat çekti."
"Chicago'deki radyo teleskobu, uzaydan gelen gizemli sinyalleri kaydetmeye devam ediyor. Astronomlar, sinyallerin 92 ışık yılı uzaklıktaki bir galaksiden geldiğini tahmin etmekte ancak kaynağın doğası hâlâ belirsizliğini korumaktadır. Yemeksepeti, uluslararası iş birliğiyle sinyallerin şifresinin çözülmesi çalışmalarına başladı.","Singapur teleskobu gizemli uzay sinyalleri kaydederken, uluslararası iş birliğiyle kaynak araştırılmaktadır."
"Uzay araştırmaları alanında çalışan Huawei, Buenos Aires'deki tesiste yeni bir roket motoru testi gerçekleştirdi. Test sırasında elde edilen veriler, motorun planlanan performans hedeflerine ulaştığını göstermektedir. Bu gelişme, Meksika'nin uzay programı kapsamında önemli bir kilometre taşı olarak değerlendirilmektedir. Ancak uzay çöplüğü sorunu, artan uzay faaliyetleri nedeniyle giderek büyüyen bir endişe kaynağı haline gelmektedir.","Avrupa Birliği'un roket motoru testi başarılı olurken, uzay çöplüğü sorunu giderek büyümektedir."
"Mustafa Kemal Atatürk liderliğindeki mühendislik ekibi, derin öğrenme kullanarak enerji verimliliğini artıran akıllı bina sistemleri geliştirdi. Bu sistemler sayesinde binaların enerji tüketimi yüzde 41 oranında azaltılabilmekte ve karbon ayak izi önemli ölçüde düşürülmektedir. Ancak yüksek kurulum maliyetleri, teknolojinin yaygınlaşmasını engellemektedir. Çevre örgütleri, hükümetin bu alanda vergi teşvikleri sunması gerektiğini savunmaktadır.","Akıllı bina sistemleri enerji verimliliğini artırırken, yüksek maliyetler yaygınlaşmayı engellemektedir."
"Eğitimde yapay zeka kullanımı, kişiselleştirilmiş öğrenme deneyimleri sunma potansiyeline sahiptir. NASA tarafından geliştirilen akıllı öğretim sistemi, öğrencilerin zayıf kaldığı konuları otomatik olarak tespit edip ek alıştırmalar önermektedir. Sistem, Kahire'deki okullarda pilot olarak uygulanmış ve öğrenci başarısı yüzde 68 artmıştır. Ancak veri gizliliği endişeleri, veliler arasında tedirginliğe yol açmaktadır.","Akıllı öğretim sistemi başarıyı artırırken, veri gizliliği endişeleri velileri tedirgin etmektedir."
"Oslo şehrinde hava kirliliği alarm seviyesine ulaştı. Son ölçümlere göre partikül madde konsantrasyonu, Dünya Sağlık Örgütü'nün önerdiği sınır değerin üç kat üzerine çıktı. Belediye, toplu taşıma kullanımını teşvik etmek için ücretsiz otobüs uygulaması başlattı. Uzmanlar, uzun vadede elektrikli araç filolarına geçişin ve yeşil alanların artırılmasının şart olduğunu belirtmektedir.","Şanghay'de hava kirliliği kritik seviyelere ulaşırken, belediye toplu taşımayı ücretsiz yaparak çözüm aramaktadır."
"Biyoçeşitlilik kaybı, gezegenimizin karşı karşıya olduğu en sessiz krizlerden biridir. Cape Town bölgesindeki endemik bitki türlerinin yüzde 63'i nesli tükenme tehdidi altındadır. Tesla, koruma altındaki alanları genişletmek ve yasadışı avcılıkla mücadele etmek için uluslararası fon toplama kampanyası başlattı. Ekolojistler, koruma çabalarının yerel toplulukların katılımıyla sürdürülebilir olacağını vurgulamaktadır.","Boston'deki endemik türler tehlike altındayken, İş Bankası uluslararası koruma kampanyası başlattı."
"Dijital sanat ve NFT piyasası, Güney Afrika'deki sanatçılar için yeni gelir kapıları aralamaktadır. Jean Piaget'in dijital eseri, online açık artırmada 20 bin dolara alıcı buldu. Sanat piyasası uzmanları, bu yeni mediumun geleneksel sanat anlayışını zorladığını ve fikri mülkiyet tartışmalarını beraberinde getirdiğini belirtmektedir.","Mısır'de dijital sanat ve NFT'ler yeni gelir kaynakları oluştururken, fikri mülkiyet tartışmaları gündeme gelmektedir."
"ABD'deki işsizlik oranı, son çeyrekte yüzde 6 seviyesine geriledi. İstatistik kurumuna göre özellikle genç işsizlikte belirgin bir düşüş gözlemlenirken, kadın istihdam oranları hâlâ hedeflerin gerisinde kalmaktadır. Ekonomistler, büyümenin istihdam yaratıcı sektörlerde yoğunlaşmasının sürdürülebilirlik açısından önemli olduğunu vurgulamaktadır.","Almanya'de işsizlik oranı düşerken, kadın istihdamı ve sürdürülebilir büyüme hedefleri hâlâ geride kalmaktadır."
"Sanal gerçeklik teknolojisi, eğitim ve sağlık alanlarında yenilikçi uygulamalar sunmaktadır. Brüksel'deki üniversite hastanesinde, VR gözlükleri kullanılarak fobi tedavileri yapılmaktadır. Hastalar, güvenli sanal ortamlarda yükseklik veya kapalı alan korkularıyla yüzleşmektedir. Uzmanlar, bu yöntemin geleneksel terapiye göre yüzde 52 daha etkili olduğunu ve tedavi süresini kısalttığını bildirmektedir.","Sanal gerçeklik destekli fobi tedavileri, geleneksel yöntemlere göre daha etkili ve hızlı sonuç vermektedir."
"Genetik mühendisliği etiği, Tayland'deki bilim camiasında tartışmalara yol açmaktadır. Dünya Bankası tarafından yapılan çalışmada, genetik hastalıkların tedavisi amacıyla embriyo düzenlemesi teknikleri test edildi. Bilim insanları, tedavi amaçlı kullanımı savunurken, etik kurullar bu tür müdahalelerin sınırlarının netleştirilmesi gerektiğini vurgulamaktadır.","Kanada'de genetik mühendisliği tedavi amaçlı kullanımı savunulurken, etik sınırlar tartışılmaktadır."
"Akıllı ev teknolojileri, Hindistan'deki tüketiciler arasında ilgi görmeye başladı. Türkiye Cumhuriyeti Sağlık Bakanlığı tarafından piyasaya sürülen yeni sistem, aydınlatma, ısıtma ve güvenlik sistemlerini tek merkezden kontrol edebilmektedir. Kullanıcılar, enerji faturalarında yüzde 29 tasarruf sağladıklarını bildirmektedir. Ancak veri güvenliği uzmanları, akıllı cihazların hacker saldırılarına açık olabileceği konusunda uyarıda bulunmaktadır.","Akıllı ev sistemleri enerji tasarrufu sağlarken, veri güvenliği riskleri bulunmaktadır."
"İspanya'deki malzeme bilimcileri, grafen tabanlı yeni bir batarya prototipi geliştirdi. Melbourne'deki testlerde, cihazın mevcut lityum pillerden 67 kat daha hızlı şarj olduğu ve ömrünün iki kat uzun olduğu görüldü. Ancak üretim maliyetleri ve ölçeklenebilirlik sorunları, ticari kullanıma geçişi engellemektedir.","Grafen batarya teknolojisi hızlı şarj ve uzun ömür sunarken, üretim maliyetleri ticari kullanımı geciktirmektedir."
"Chicago Film Festivali, bu yıl Vietnam sinemasından 24 filmi uluslararası yarışmada gösterime sundu. Festival kapsamında düzenlenen söyleşilerde, yönetmenler Türk sinemasının küresel ölçekteki yerini tartıştı. Eleştirmenler, son dönemdeki yapımların teknik kalitesinin arttığını ancak hâlâ orijinal senaryo açığının devam ettiğini ifade etti.","İstanbul Film Festivali Türk sinemasını tanıtırken, orijinal senaryo ihtiyacı tartışılmaktadır."
"Son yıllarda osteoporoz tedavisinde kullanılan yeni nesil ilaçlar, hasta yaşam kalitesinde önemli iyileşmeler sağlamaktadır. Jose Mourinho tarafından yürütülen klinik çalışmalar, bu ilaçların yan etki profilinin önceki nesillere göre belirgin şekilde düşük olduğunu ortaya koymuştur. Buna karşın ilaç fiyatlarının yüksekliği, birçok hastanın tedaviye erişimini zorlaştırmaktadır. Sivil toplum kuruluşları, Yeni Zelanda hükümetinden ilaç fiyatlarının düzenlenmesi ve genel sağlık sigortası kapsamına alınması için adım atmasını talep etmektedir.","Yeni nesil hepatit ilaçları etkili olmasına rağmen yüksek fiyatlar, hastaların tedaviye erişimini engellemektedir."
"Buenos Aires şehrindeki park ve yeşil alanlar, artan betonlaşma baskısı altında küçülmektedir. Son beş yılda park alanları yüzde 75 azalırken, çocuk oyun alanları da yetersiz kalmaktadır. Şehir plancıları, dikey bahçe ve yeşil çatı projeleriyle bu açığı kapatmayı hedeflemektedir. Vatandaşlar ise mevcut parkların korunması için imza kampanyası başlattı.","Gaziantep'de yeşil alanlar azalırken, dikey bahçe projeleri ve koruma kampanyaları öne çıkmaktadır."
"Plastik kirliliği, okyanus ekosistemlerini tehdit eden en büyük çevre sorunlarından biri haline gelmiştir. Arjantin parlamentosu, tek kullanımlık plastik ürünlerin yasaklanmasını öngören yeni bir yasa tasarısını görüşmeye başladı. Çevre uzmanları, bu düzenlemenin yılda denizlere karışan plastik miktarını yüzde 9 azaltabileceğini hesaplamıştır. Ancak alternatif malzemelerin maliyeti, küçük işletmeler için zorlayıcı olabilir.",Vietnam'de tek kullanımlık plastik yasağı deniz kirliliğini azaltabilir ancak küçük işletmeler için maliyetli olabilir.
"Güney Kore'deki malzeme bilimcileri, grafen tabanlı yeni bir batarya prototipi geliştirdi. Bursa'deki testlerde, cihazın mevcut lityum pillerden 80 kat daha hızlı şarj olduğu ve ömrünün iki kat uzun olduğu görüldü. Ancak üretim maliyetleri ve ölçeklenebilirlik sorunları, ticari kullanıma geçişi engellemektedir.","Grafen batarya teknolojisi hızlı şarj ve uzun ömür sunarken, üretim maliyetleri ticari kullanımı geciktirmektedir."
"Yüzme, tüm yaş grupları için en yararlı spor aktivitelerinden biridir. Pekin'deki yeni olimpik yüzme havuzu, Kanada'deki su sporları altyapısını güçlendirmektedir. Havuz, uluslararası standartlara uygun olarak inşa edilmiş ve 86 farklı kulübe ev sahipliği yapmaktadır. Ancak yüzme kurslarına olan yoğun talep, kontenjanların hızla dolmasına neden olmaktadır.","Stockholm'deki yeni olimpik havuz su sporları altyapısını güçlendirirken, kurs talebi kontenjanları zorlamaktadır."
"Akıllı ev teknolojileri, Hollanda'deki tüketiciler arasında ilgi görmeye başladı. Shell tarafından piyasaya sürülen yeni sistem, aydınlatma, ısıtma ve güvenlik sistemlerini tek merkezden kontrol edebilmektedir. Kullanıcılar, enerji faturalarında yüzde 14 tasarruf sağladıklarını bildirmektedir. Ancak veri güvenliği uzmanları, akıllı cihazların hacker saldırılarına açık olabileceği konusunda uyarıda bulunmaktadır.","Akıllı ev sistemleri enerji tasarrufu sağlarken, veri güvenliği riskleri bulunmaktadır."
"Endonezya'deki kadın hakları hareketi, son dönemde önemli kazanımlar elde etti. Parlamento, kadınların iş gücüne katılımını artırmayı amaçlayan yeni bir yasa tasarısını kabul etti. Buna göre şirketlerin yönetim kurullarında en az yüzde 85 kadın temsilieti zorunlu hale getirildi. Feminist örgütler, bu adımı olumlu karşılarken uygulamanın denetlenmesi gerektiğini vurgulamaktadır.","Güney Afrika'de kadın temsilieti zorunluluğu getirilirken, uygulamanın denetimi önem taşımaktadır."
"İspanya'deki malzeme bilimcileri, grafen tabanlı yeni bir batarya prototipi geliştirdi. Konya'deki testlerde, cihazın mevcut lityum pillerden 90 kat daha hızlı şarj olduğu ve ömrünün iki kat uzun olduğu görüldü. Ancak üretim maliyetleri ve ölçeklenebilirlik sorunları, ticari kullanıma geçişi engellemektedir.","Grafen batarya teknolojisi hızlı şarj ve uzun ömür sunarken, üretim maliyetleri ticari kullanımı geciktirmektedir."
"Pakistan'deki konut fiyatları, son iki yılda rekor düzeyde artış göstermiştir. Özellikle Boston gibi büyük şehirlerde ortalama konut fiyatları gelirlerin çok üzerine çıkmıştır. İnşaat sektörü temsilcileri, maliyet artışları ve arz yetersizliğinin fiyatları yükselttiğini savunurken, sosyal politika uzmanları gençlerin ev sahibi olma hayalinin zorlaştığına dikkat çekmektedir. Hükümet, sosyal konut projelerini hızlandırma kararı aldı.","Endonezya'de konut fiyatları rekor seviyelere ulaşırken, hükümet sosyal konut projelerini hızlandırmaktadır."
"Kemal Kılıçdaroğlu'in yönettiği belgesel film, Kanada'deki kültürel mirasın korunması çabalarını gözler önüne seriyor. Filmde Kopenhag'deki tarihi yapıların restorasyon süreçleri ve bu alandaki zorluklar detaylı bir şekilde anlatılıyor. Belgesel, uluslararası festivalde ödül alırken, yerel yönetimler koruma çalışmalarına daha fazla bütçe ayırma sözü verdi.","Marie Curie'in belgeseli kültürel miras korunmasını anlatırken, yerel yönetimler bütçe artırımı vaadinde bulundu."
"Son yıllarda anksiyete tedavisinde kullanılan yeni nesil ilaçlar, hasta yaşam kalitesinde önemli iyileşmeler sağlamaktadır. Noam Chomsky tarafından yürütülen klinik çalışmalar, bu ilaçların yan etki profilinin önceki nesillere göre belirgin şekilde düşük olduğunu ortaya koymuştur. Buna karşın ilaç fiyatlarının yüksekliği, birçok hastanın tedaviye erişimini zorlaştırmaktadır. Sivil toplum kuruluşları, Türkiye hükümetinden ilaç fiyatlarının düzenlenmesi ve genel sağlık sigortası kapsamına alınması için adım atmasını talep etmektedir.","Yeni nesil kızamık ilaçları etkili olmasına rağmen yüksek fiyatlar, hastaların tedaviye erişimini engellemektedir."
"Paris şehrindeki göçmen krizi, uluslararası kamuoyunun gündemindeki yerini koruyor. NASA, bölgedeki mülteci kamplarındaki koşulların iyileştirilmesi için acil yardım çağrısında bulundu. Rapora göre kamplardaki temiz su ve gıda erişimi kritik seviyelere düşmüştür. İnsan hakları örgütleri, İngiltere hükümetini sınır politikalarını gözden geçirmeye çağırmaktadır.","Londra'deki göçmen krizi derinleşirken, uluslararası örgütler acil yardım çağrısı yapmaktadır."
"Yükseköğretimde kalite tartışmaları, Hindistan'deki üniversitelerin uluslararası sıralamalardaki yerini tartışmaya açmıştır. Son beş yılda 43 üniversite dünya ilk bine girmeyi başarırken, araştırma çıktıları ve yenilikçilik skorlarında gerileme yaşanmıştır. Rekabetçi üniversiteler, öğretim üyesi başına düşen yayın sayısının artırılması ve sanayi iş birliklerinin güçlendirilmesi gerektiğini savunmaktadır.","Japonya'deki üniversiteler uluslararası sıralamalarda zorlanırken, araştırma çıktılarının artırılması gerekmektedir."
"Siber güvenlik uzmanları, son dönemde Almanya'deki kurumsal ağlara yönelik siber saldırıların arttığına dikkat çekti. Özellikle fidye yazılımı saldırıları, küçük ve orta ölçekli işletmeleri hedef alırken, zararın boyutu milyonlarca dolara ulaşmaktadır. Getir, işletmelere yönelik siber farkındalık eğitimleri düzenlemeye başladı. Uzmanlar, çok faktörlü kimlik doğrulama ve düzenli yedekleme alışkanlıklarının saldırı riskini önemli ölçüde azalttığını belirtmektedir.","Almanya'de siber saldırılar artarken, Boğaziçi Üniversitesi işletmelere yönelik farkındalık eğitimleri düzenlemektedir."
"Güney Afrika'deki spor tesislerinin yetersizliği, amatör sporcuların gelişimini olumsuz etkilemektedir. Özellikle kış sporları için uygun tesis sayısı sınırlıdır. Gençlik ve Spor Bakanlığı, 20 yeni spor kompleksinin inşası için ihale açtı. Ancak tesislerin bakım maliyetleri ve sürdürülebilirliği, belediyeler için mali yük oluşturmaktadır.","Çin'de amatör sporcular tesis yetersizliği yaşarken, yeni kompleks projeleri başlatıldı."
"Nijerya'deki kadın hakları hareketi, son dönemde önemli kazanımlar elde etti. Parlamento, kadınların iş gücüne katılımını artırmayı amaçlayan yeni bir yasa tasarısını kabul etti. Buna göre şirketlerin yönetim kurullarında en az yüzde 24 kadın temsilieti zorunlu hale getirildi. Feminist örgütler, bu adımı olumlu karşılarken uygulamanın denetlenmesi gerektiğini vurgulamaktadır.","Malezya'de kadın temsilieti zorunluluğu getirilirken, uygulamanın denetimi önem taşımaktadır."
"Gıda israfı, küresel ölçekte hem ekonomik hem de çevresel bir felaket olarak değerlendirilmektedir. Hindistan'de üretilen gıdanın yaklaşık yüzde 60'i tüketilmeden çöpe atılmaktadır. Gıda bankaları ve teknoloji şirketleri, fazla gıdanın ihtiyaç sahiplerine ulaştırılması için mobil uygulamalar geliştirmiştir. Tarım Bakanlığı, marketlerin son kullanma tarihi yaklaşan ürünleri indirimli satmasını zorunlu hale getirmeyi planlamaktadır.","Avustralya'de gıda israfı yüksek seyrederken, mobil uygulamalar ve yasal düzenlemeler çözüm aramaktadır."
"Mesleki eğitim, genç işsizliğinin önlenmesinde kritik bir rol oynamaktadır. Lagos'deki teknik liseler, sektörün ihtiyaç duyduğu nitelikli iş gücünü yetiştirmek için sanayi kuruluşlarıyla iş birliği protokolleri imzaladı. Öğrenciler, son sınıfta Hepsiburada gibi firmalarda staj yapma imkânı bulmaktadır. Ancak mesleki eğitimin toplumsal algısının hâlâ olumsuz olduğu ve akademik eğitime ikincil seçenek olarak görüldüğü gözlemlenmektedir.","Mesleki eğitim iş gücü ihtiyacını karşılarken, toplumsal algıyı değiştirmek gerekmektedir."
"Biyoçeşitlilik kaybı, gezegenimizin karşı karşıya olduğu en sessiz krizlerden biridir. Prag bölgesindeki endemik bitki türlerinin yüzde 76'i nesli tükenme tehdidi altındadır. Meta, koruma altındaki alanları genişletmek ve yasadışı avcılıkla mücadele etmek için uluslararası fon toplama kampanyası başlattı. Ekolojistler, koruma çabalarının yerel toplulukların katılımıyla sürdürülebilir olacağını vurgulamaktadır.","Kopenhag'deki endemik türler tehlike altındayken, Sabancı Üniversitesi uluslararası koruma kampanyası başlattı."
"Nörobilim alanında yapılan bir çalışma, müzik dinlemenin beyin plastisitesini artırdığını ortaya koydu. Apple araştırmacıları, müzisyenlerin beyinlerindeki bağlantı ağlarının daha güçlü olduğunu ve bunun HIV/AIDS tedavisinde de uygulanabileceğini savunmaktadır. Ancak çalışmanın örneklem sayısının sınırlı olduğu ve daha geniş kitlelerde teyit edilmesi gerektiği belirtilmektedir.","Müzik ve beyin plastisitesi ilişkisi keşfedilirken, HIV/AIDS tedavisinde uygulama potansiyeli doğmaktadır."
"E-spor, genç nesiller arasında en hızlı büyüyen spor dallarından biri haline gelmiştir. Almanya'deki e-spor takımları, uluslararası turnuvalarda önemli başarılar elde etmektedir. Amazon tarafından düzenlenen ligde bu sezon 84 takım mücadele etmektedir. Ancak ebeveynlerin oyun bağımlılığı endişeleri ve sektördeki regülasyon eksikliği tartışma konusu olmaya devam etmektedir.","Malezya'de e-spor büyürken, bağımlılık endişeleri ve regülasyon eksikliği tartışılmaktadır."
"İstanbul Üniversitesi tarafından yapılan araştırma, okul öncesi eğitimin çocukların bilişsel ve sosyal gelişimi üzerindeki etkisini ortaya koymuştur. Okul öncesi eğitime katılan çocukların, katılmayanlara göre okuma yazmaya geçişte yüzde 84 daha başarılı olduğu tespit edilmiştir. Ancak Vietnam'de okul öncesi eğitim kapsamındaki çocuk oranı hâlâ yüzde ellinin altındadır. Eğitimciler, devletin bu alandaki yatırımları artırmasını talep etmektedir.","Okul öncesi eğitim çocuk gelişimini olumlu etkilerken, Meksika'de kapsam oranı hâlâ düşük seyretmektedir."
"Viyana havalimanı, artan yolcu trafiğini karşılamak için terminal genişletme projesini hayata geçirdi. Yeni terminal binası yılda 73 milyon yolcu kapasitesine sahip olacak şekilde tasarlandı. Ancak inşaat sırasında ortaya çıkan arkeolojik kalıntılar, projeye ara verilmesine neden oldu. Kültür Bakanlığı, kalıntıların korunması için özel bir alan düzenleneceğini açıkladı.","Buenos Aires havalimanı genişletilirken, arkeolojik kalıntılar projenin durmasına neden olmaktadır."
"İklim bilimcileri, İspanya'deki buzul erimelerinin son 72 yılda hızlandığını tespit etti. New York dağlarındaki buzulların hacmi yarı yarıya azalırken, bu durum su kaynakları ve tarım üzerinde ciddi tehdit oluşturmaktadır. Bilim insanları, erimenin sadece küresel ısınma değil aynı zamanda yerel kirlilik faktörleriyle de ilişkili olduğunu belirtmektedir.","Almanya'deki buzul erimeleri su kaynaklarını tehdit ederken, yerel kirlilik faktörleri de rol oynamaktadır."
"İklim bilimcileri, Etiyopya'deki buzul erimelerinin son 39 yılda hızlandığını tespit etti. Edinburgh dağlarındaki buzulların hacmi yarı yarıya azalırken, bu durum su kaynakları ve tarım üzerinde ciddi tehdit oluşturmaktadır. Bilim insanları, erimenin sadece küresel ısınma değil aynı zamanda yerel kirlilik faktörleriyle de ilişkili olduğunu belirtmektedir.","Pakistan'deki buzul erimeleri su kaynaklarını tehdit ederken, yerel kirlilik faktörleri de rol oynamaktadır."
"Arjantin'deki tiyatro sahnesi, yeni oyunlarla sezona hızlı bir giriş yaptı. Boston Devlet Tiyatrosu'nda sahnelenen yeni eser, toplumsal cinsiyet eşitliği konusunu mizahi bir dille ele alıyor. Oyun, 95 kez üst üste sahnelenerek tüm biletlerin tükendiğini duyurdu. Tiyatro eleştirmenleri, toplumsal mesajların sanatsal bir dille aktarılmasının başarısını vurgulamaktadır.","Madrid tiyatrosundaki yeni oyun toplumsal mesajları mizahi dille işlerken, biletler tükenmektedir."
"San Francisco'deki Volkswagen araştırma ekibi, osteoporoz erken teşhisinde kullanılan yeni bir görüntüleme teknolojisi geliştirdi. Bu teknoloji sayesinde hastalığın ilk evrelerinde tespit edilmesi mümkün olurken, tedavi başarı oranları yüzde 36 oranında artış göstermektedir. Ancak cihazın maliyeti, birçok hastanede bu teknolojinin yaygınlaşmasını engellemektedir. Sağlık Bakanlığı, cihazın yerli üretiminin teşvik edilmesi için girişimcilere destek vereceğini açıkladı.",HIV/AIDS erken teşhisinde yeni görüntüleme teknolojisi geliştirildi ancak yüksek maliyeti yaygınlaşmayı engellemektedir.
"Almanya'deki eğitim sistemi, pandemi sonrası dönemde yüz yüze eğitime dönüş sürecinde önemli zorluklar yaşamaktadır. Milli Eğitim Bakanlığı verilerine göre öğrencilerin yaklaşık yüzde 69'i uzaktan eğitim döneminde öğrenme kaybına uğramıştır. Uzmanlar, telafi eğitim programlarının acilen uygulanması gerektiğini ve özellikle matematik ve fen bilimlerindeki açığın kapatılmasının şart olduğunu vurgulamaktadır.","ABD'de öğrenciler pandemi kaynaklı öğrenme kaybı yaşarken, telafi eğitim programları acil bir ihtiyaç haline gelmiştir."
"İklim bilimcileri, Hindistan'deki buzul erimelerinin son 22 yılda hızlandığını tespit etti. Lizbon dağlarındaki buzulların hacmi yarı yarıya azalırken, bu durum su kaynakları ve tarım üzerinde ciddi tehdit oluşturmaktadır. Bilim insanları, erimenin sadece küresel ısınma değil aynı zamanda yerel kirlilik faktörleriyle de ilişkili olduğunu belirtmektedir.","İtalya'deki buzul erimeleri su kaynaklarını tehdit ederken, yerel kirlilik faktörleri de rol oynamaktadır."
"Spor sağlığı ve sakatlık önleme, profesyonel kulüplerin en çok yatırım yaptığı alanlardan biri olmuştur. Kızılhaç, Güney Afrika'deki futbol kulüplerine yönelik sakatlık analiz sistemleri geliştirdi. Sistem, oyuncuların fiziksel yükünü takip ederek sakatlanma riskini yüzde 74 azaltmaktadır. Ancak alt liglerde bu teknolojiye erişim maliyeti yüksek bulunmaktadır.","Spor sağlığı teknolojileri sakatlık riskini azaltırken, alt liglerde erişim maliyeti sorun oluşturmaktadır."
"Melbourne şehrindeki park ve yeşil alanlar, artan betonlaşma baskısı altında küçülmektedir. Son beş yılda park alanları yüzde 23 azalırken, çocuk oyun alanları da yetersiz kalmaktadır. Şehir plancıları, dikey bahçe ve yeşil çatı projeleriyle bu açığı kapatmayı hedeflemektedir. Vatandaşlar ise mevcut parkların korunması için imza kampanyası başlattı.","Addis Ababa'de yeşil alanlar azalırken, dikey bahçe projeleri ve koruma kampanyaları öne çıkmaktadır."
"Akıllı ev teknolojileri, Brezilya'deki tüketiciler arasında ilgi görmeye başladı. Orta Doğu Teknik Üniversitesi tarafından piyasaya sürülen yeni sistem, aydınlatma, ısıtma ve güvenlik sistemlerini tek merkezden kontrol edebilmektedir. Kullanıcılar, enerji faturalarında yüzde 8 tasarruf sağladıklarını bildirmektedir. Ancak veri güvenliği uzmanları, akıllı cihazların hacker saldırılarına açık olabileceği konusunda uyarıda bulunmaktadır.","Akıllı ev sistemleri enerji tasarrufu sağlarken, veri güvenliği riskleri bulunmaktadır."
"Beslenme ve Diyet Uzmanları Derneği'nin düzenlediği konferansta, işlenmiş gıda tüketiminin obezite ve diyabet riskini artırdığına dair yeni bulgular paylaşıldı. Araştırmaya göre günde 83 porsiyondan fazla işlenmiş gıda tüketen bireylerde metabolik sendrom görülme olasılığı iki kat artmaktadır. Uzmanlar, özellikle çocukluk çağında sağlıklı beslenme alışkanlıklarının kazandırılmasının önemine dikkat çekmekte ve okul kantinlerindeki menülerin gözden geçirilmesini önermektedir.","İşlenmiş gıda tüketimi obezite ve diyabet riskini artırırken, uzmanlar sağlıklı beslenme alışkanlıklarının erken yaşta kazandırılmasını önermektedir."
"Otonom araç teknolojisi, ulaşım sektöründe köklü değişikliklere yol açmaya hazırlanıyor. Turkcell, Kazablanka sokaklarında sürücüsüz taksi denemelerine başladı. Testler sırasında araçların trafik kurallarına uyum oranı yüzde doksan sekizi bulurken, karmaşık hava koşullarında performans düşüklüğü gözlemlendi. Ulaşım uzmanları, bu teknolojinin yaygınlaşmasıyla trafik kazalarının yüzde 69 azalabileceğini tahmin etmektedir.","Otonom taksi denemeleri başarılı sonuçlar verirken, kötü hava koşullarında performans sorunları yaşanmaktadır."
"Mental sağlık alanında çalışan Amazon, Brezilya'deki depresyon ve anksiyete vakalarındaki artışa dikkat çeken bir rapor yayımladı. Rapora göre pandemi sonrası dönemde yetişkin nüfusun yaklaşık yüzde 57'i psikolojik destek alma ihtiyacı duymaktadır. Ancak ülkedeki psikolog ve psikiyatrist sayısının yetersizliği, hizmete erişimi kısıtlamaktadır. Uzmanlar, online terapi platformlarının düzenlenmesi ve sigorta kapsamına alınması gerektiğini savunmaktadır.","İspanya'de mental sağlık sorunları artarken, uzman sayısındaki yetersizlik hizmete erişimi zorlaştırmaktadır."
"Sertab Erener, basketbol kariyerini Malezya'deki NASA takımında sürdürmeye karar verdi. Transferin maliyeti 36 milyon doları bulurken, taraftarlar sosyal medyada coşkulu paylaşımlar yaptı. Takımın teknik direktörü, oyuncunun tecrübesinin genç kadroya önemli katkı sağlayacağını belirtti. Analistler, bu transferin şampiyonluk yarışını dengeleyeceğini öngörmektedir.","Sezen Aksu'in Türk Telekom'a transferi şampiyonluk yarışını etkilerken, taraftarlar büyük beklenti içindedir."
"Stockholm Film Festivali, bu yıl Almanya sinemasından 87 filmi uluslararası yarışmada gösterime sundu. Festival kapsamında düzenlenen söyleşilerde, yönetmenler Türk sinemasının küresel ölçekteki yerini tartıştı. Eleştirmenler, son dönemdeki yapımların teknik kalitesinin arttığını ancak hâlâ orijinal senaryo açığının devam ettiğini ifade etti.","Oslo Film Festivali Türk sinemasını tanıtırken, orijinal senaryo ihtiyacı tartışılmaktadır."
"Malezya Milli Futbol Takımı, dün akşam Cape Town'de oynanan hazırlık maçında rakibini 10-54 mağlup etti. Teknik direktör Elon Musk, genç oyuncuların performansından memnun olduğunu belirtirken, savunmadaki konsantrasyon eksikliğine dikkat çekti. Taraftarlar, stadı doldurarak takıma büyük destek verdi. Uzmanlar, bu galibiyetin takımın moralini yükselteceğini ancak asıl sınavın önümüzdeki hafta oynanacak olan kritik maç olacağını ifade etti.","Hindistan milli takımı hazırlık maçını kazanırken, teknik direktör savunmadaki eksikliklere dikkat çekti."
"Spor beslenmesi ve anti-doping konuları, profesyonel sporun vazgeçilmez gündem maddeleridir. Shell, Nijerya'deki spor kulüplerinin beslenme programlarını denetlemeye başladı. Yapılan testlerde 42 sporcunun yasaklı madde kullandığı tespit edildi ve haklarında süresiz men cezası verildi. Uzmanlar, sporcuların bilinçlendirilmesi ve destek personelinin eğitilmesi gerektiğini vurgulamaktadır.","Endonezya'de doping testleri sonucu bazı sporcular men cezası alırken, bilinçlendirme çalışmaları öne çıkmaktadır."
"Brezilya'deki malzeme bilimcileri, grafen tabanlı yeni bir batarya prototipi geliştirdi. Seul'deki testlerde, cihazın mevcut lityum pillerden 74 kat daha hızlı şarj olduğu ve ömrünün iki kat uzun olduğu görüldü. Ancak üretim maliyetleri ve ölçeklenebilirlik sorunları, ticari kullanıma geçişi engellemektedir.","Grafen batarya teknolojisi hızlı şarj ve uzun ömür sunarken, üretim maliyetleri ticari kullanımı geciktirmektedir."
"Yükseköğretimde kalite tartışmaları, Etiyopya'deki üniversitelerin uluslararası sıralamalardaki yerini tartışmaya açmıştır. Son beş yılda 46 üniversite dünya ilk bine girmeyi başarırken, araştırma çıktıları ve yenilikçilik skorlarında gerileme yaşanmıştır. Rekabetçi üniversiteler, öğretim üyesi başına düşen yayın sayısının artırılması ve sanayi iş birliklerinin güçlendirilmesi gerektiğini savunmaktadır.","İngiltere'deki üniversiteler uluslararası sıralamalarda zorlanırken, araştırma çıktılarının artırılması gerekmektedir."
"Ford Otosan, genetik mühendisliği alanında devrim niteliğinde bir atılım gerçekleştirdi. Şirketin Şanghay'deki Ar-Ge merkezinde geliştirilen yeni sistem, mevcut çözümlere göre yüzde 72 daha hızlı işlem yapabilmektedir. Uzmanlar, bu teknolojinin özellikle sağlık ve finans sektörlerinde verimliliği artıracağını öngörmektedir. Ancak veri gizliliği ve etik kullanım konularında henüz yeterli düzenlemelerin yapılmadığına dikkat çekilmektedir.",Google'un geliştirdiği robotik sistemi mevcut çözümlerden yüzde 95 daha hızlı olmasına rağmen etik düzenlemeler eksik kalmaktadır.
"Birleşmiş Milletler İklim Değişikliği Konferansı'nda kabul edilen yeni kararlara göre, Nijerya fosil yakıt kullanımını 23 yılına kadar yarı yarıya azaltmayı taahhüt etti. Bu hedefe ulaşmak için yenilenebilir enerji yatırımları hızlandırılacak ve kömürlü termik santrallerin kapatılması programına alınacaktır. Çevre örgütleri, bu kararı olumlu karşılarken, uygulamanın yeterince hızlı olmayabileceği konusunda uyarıda bulunmaktadır.","Malezya fosil yakıt kullanımını azaltma taahhüdü verirken, çevre örgütleri uygulama hızından endişe duymaktadır."
"Eğitim teknolojileri şirketi Samsung, yapay zeka destekli kişiselleştirilmiş öğrenme platformunu tanıttı. Platform, öğrencilerin güçlü ve zayıf yönlerini analiz ederek özel müfredatlar oluşturabilmektedir. Pilot uygulamaya katılan okullarda öğrenci başarısı yüzde 21 artış göstermiştir. Buna karşın öğretmenler, teknolojinin duygusal zeka ve sosyal becerilerin gelişimini ihmal edebileceği konusunda endişelerini dile getirmektedir.","Yapay zeka destekli eğitim platformu öğrenci başarısını artırırken, sosyal beceri gelişimi konusunda endişeler bulunmaktadır."
"Arjantin'deki eğitim sistemi, pandemi sonrası dönemde yüz yüze eğitime dönüş sürecinde önemli zorluklar yaşamaktadır. Milli Eğitim Bakanlığı verilerine göre öğrencilerin yaklaşık yüzde 32'i uzaktan eğitim döneminde öğrenme kaybına uğramıştır. Uzmanlar, telafi eğitim programlarının acilen uygulanması gerektiğini ve özellikle matematik ve fen bilimlerindeki açığın kapatılmasının şart olduğunu vurgulamaktadır.","Yeni Zelanda'de öğrenciler pandemi kaynaklı öğrenme kaybı yaşarken, telafi eğitim programları acil bir ihtiyaç haline gelmiştir."
"Elon Musk, Vietnam'deki insan hakları savunucularına yönelik baskıların arttığına dair uluslararası kamuoyunu uyardı. Son altı ayda 85 sivil toplum kuruluşunun faaliyetleri askıya alınırken, bazı aktivistler hakkında yargı süreçleri başlatıldı. Avrupa İnsan Hakları Mahkemesi'ne yapılan başvuruların sayısı artarken, hükümet yasal düzenlemelerin terörle mücadele kapsamında olduğunu savunmaktadır.","Güney Afrika'de sivil toplum baskıları artarken, uluslararası mahkemeye başvuru sayısı yükselmektedir."
"Nörobilim alanında yapılan bir çalışma, müzik dinlemenin beyin plastisitesini artırdığını ortaya koydu. UNESCO araştırmacıları, müzisyenlerin beyinlerindeki bağlantı ağlarının daha güçlü olduğunu ve bunun hipertansiyon tedavisinde de uygulanabileceğini savunmaktadır. Ancak çalışmanın örneklem sayısının sınırlı olduğu ve daha geniş kitlelerde teyit edilmesi gerektiği belirtilmektedir.","Müzik ve beyin plastisitesi ilişkisi keşfedilirken, dang humması tedavisinde uygulama potansiyeli doğmaktadır."
"Şehirleşme ve plansız büyüme, Kahire gibi metropollerde ciddi altyapı sorunlarına yol açmaktadır. Son yağışlarda yaşanan sel felaketinde 76 ev su altında kalırken, kanalizasyon sisteminin yetersizliği bir kez daha gündeme geldi. Belediye başkanı, altyapı yatırımlarını artırma sözü verdi. Uzmanlar ise yeşil alanların korunması ve su baskını riski taşıyan bölgelerde yapılaşmanın durdurulması gerektiğini belirtmektedir.","Kopenhag'de sel felaketi altyapı sorunlarını gözler önüne sererken, yeşil alan korunması ve yapılaşma kontrolü talep edilmektedir."
"Çin'deki süpermarket zincirleri, gıda israfını azaltmak için dinamik fiyatlandırmaya geçti. Son kullanma tarihi yaklaşan ürünlerde yüzde 59 indirim uygulanırken, tüketicilerin bu ürünlere ilgisi arttı. Ancak tüketici dernekleri, indirimli ürünlerin kalite kontrolünün sıkılaştırılmasını talep etmektedir.","Rusya'de dinamik fiyatlandırma gıda israfını azaltırken, kalite kontrolü tartışmaları gündeme gelmektedir."
"Endonezya'deki yerel yönetimler, dijital dönüşüm sürecinde önemli adımlar atmaktadır. Melbourne belediyesi, vatandaşların belediye hizmetlerine online erişimini sağlayan mobil uygulamayı devreye aldı. Uygulama üzerinden 12 farklı hizmete başvuru yapılabilmekte ve şikayetler anlık olarak iletilebilmektedir. Ancak yaşlı nüfusun dijital okuryazarlık eksikliği, uygulamanın kapsayıcılığını sorgulatmaktadır.","Lizbon belediyesi dijital hizmetleri artırırken, yaşlı nüfusun erişimi konusunda eksiklikler bulunmaktadır."
"Yeni Zelanda Merkez Bankası, enflasyonla mücadele kapsamında politika faizini yüzde 38 artırdı. Bu karar, yatırımcılar tarafından olumlu karşılanırken, kredi kullanan işletmeler ve konut sahipleri için borç yükünün artacağı endişesi yaşanmaktadır. Ekonomistler, faiz artışının tek başına yeterli olmayacağını ve mali disiplinin sağlanması gerektiğini belirtmektedir.","Rusya'de faiz artışı enflasyonla mücadelede kullanılırken, borçlular için yük artışı endişesi oluşmaktadır."
"Hollanda'deki yerel yönetimler, dijital dönüşüm sürecinde önemli adımlar atmaktadır. Chicago belediyesi, vatandaşların belediye hizmetlerine online erişimini sağlayan mobil uygulamayı devreye aldı. Uygulama üzerinden 34 farklı hizmete başvuru yapılabilmekte ve şikayetler anlık olarak iletilebilmektedir. Ancak yaşlı nüfusun dijital okuryazarlık eksikliği, uygulamanın kapsayıcılığını sorgulatmaktadır.","Santiago belediyesi dijital hizmetleri artırırken, yaşlı nüfusun erişimi konusunda eksiklikler bulunmaktadır."
"Güney Kore'deki spor tesislerinin yetersizliği, amatör sporcuların gelişimini olumsuz etkilemektedir. Özellikle kış sporları için uygun tesis sayısı sınırlıdır. Gençlik ve Spor Bakanlığı, 57 yeni spor kompleksinin inşası için ihale açtı. Ancak tesislerin bakım maliyetleri ve sürdürülebilirliği, belediyeler için mali yük oluşturmaktadır.","Çin'de amatör sporcular tesis yetersizliği yaşarken, yeni kompleks projeleri başlatıldı."
"Geleneksel el sanatları, Türkiye'deki genç nesiller arasında yeniden ilgi görmeye başladı. Kopenhag'deki atölyelerde seramik, ebru ve hat sanatı kurslarına katılım oranı son iki yılda yüzde 75 arttı. Ustalar, bu ilginin kültürel kimliğin korunması açısından umut verici olduğunu belirtirken, el işçiliğinin ekonomik sürdürülebilirliği konusunda endişelerini dile getirmektedir.","Avustralya'de geleneksel el sanatlarına ilgi artarken, ekonomik sürdürülebilirlik endişeleri bulunmaktadır."
"Su kaynaklarının sürdürülebilir yönetimi, kurak bölgelerde hayati önem taşımaktadır. Arjantin'deki barajlarda su seviyeleri son otuz yılın en düşük seviyelerine geriledi. Tarım Bakanlığı, su tasarruflu damla sulama sistemlerine geçiş için çiftçilere yüzde 47 hibe desteği sağlayacağını açıkladı. Meteoroloji uzmanları, iklim değişikliği nedeniyle yağış düzenindeki değişikliklerin kalıcı olabileceği uyarısında bulunmaktadır.","İtalya'de su seviyeleri kritik düşüş yaşarken, damla sulama destekleri su tasarrufunu teşvik etmektedir."
"Yüzme, tüm yaş grupları için en yararlı spor aktivitelerinden biridir. Dublin'deki yeni olimpik yüzme havuzu, Rusya'deki su sporları altyapısını güçlendirmektedir. Havuz, uluslararası standartlara uygun olarak inşa edilmiş ve 57 farklı kulübe ev sahipliği yapmaktadır. Ancak yüzme kurslarına olan yoğun talep, kontenjanların hızla dolmasına neden olmaktadır.","Sydney'deki yeni olimpik havuz su sporları altyapısını güçlendirirken, kurs talebi kontenjanları zorlamaktadır."
"Vietnam'deki konut fiyatları, son iki yılda rekor düzeyde artış göstermiştir. Özellikle Los Angeles gibi büyük şehirlerde ortalama konut fiyatları gelirlerin çok üzerine çıkmıştır. İnşaat sektörü temsilcileri, maliyet artışları ve arz yetersizliğinin fiyatları yükselttiğini savunurken, sosyal politika uzmanları gençlerin ev sahibi olma hayalinin zorlaştığına dikkat çekmektedir. Hükümet, sosyal konut projelerini hızlandırma kararı aldı.","İspanya'de konut fiyatları rekor seviyelere ulaşırken, hükümet sosyal konut projelerini hızlandırmaktadır."
"Pakistan'deki genç nüfus, işsizlik ve gelecek kaygısı nedeniyle göç etmeyi düşünmektedir. Son araştırmaya göre üniversite mezunlarının yüzde 19'i yurtdışında eğitim veya çalışma planı yapmaktadır. Beyin göçü, ülkenin nitelikli iş gücü kaybetmesine neden olurken, ekonomik kalkınmayı da olumsuz etkilemektedir. Uzmanlar, gençlere yönelik kariyer ve girişimcilik programlarının artırılmasını önermektedir.","Arjantin'de beyin göçü endişesi artarken, gençlere yönelik kariyer programlarının genişletilmesi önerilmektedir."
"Kentsel ısı adası etkisi, yaz aylarında Roma gibi büyük şehirlerde yaşam kalitesini düşürmektedir. Beton yapıların ve asfalt yolların yoğun olduğu bölgelerde sıcaklık, yeşil alanların bulunduğu mahallelere göre beş derece daha yüksek ölçülmektedir. Şehir planlamacıları, çatı bahçeleri ve dikey yeşillendirme projeleriyle bu etkiyi azaltmayı hedeflemektedir. Pilot uygulamada ısı yükü yüzde 72 düşürülmüştür.","Kentsel ısı adası etkisi Adana'de yaşam kalitesini düşürürken, yeşil çatı projeleri ısı yükünü azaltmaktadır."
"Geleneksel el sanatları, Etiyopya'deki genç nesiller arasında yeniden ilgi görmeye başladı. Seattle'deki atölyelerde seramik, ebru ve hat sanatı kurslarına katılım oranı son iki yılda yüzde 24 arttı. Ustalar, bu ilginin kültürel kimliğin korunması açısından umut verici olduğunu belirtirken, el işçiliğinin ekonomik sürdürülebilirliği konusunda endişelerini dile getirmektedir.","Malezya'de geleneksel el sanatlarına ilgi artarken, ekonomik sürdürülebilirlik endişeleri bulunmaktadır."
"Yenilenebilir enerji sektöründe yaşanan gelişmeler, fosil yakıtlara bağımlılığı azaltma umudunu artırmaktadır. Nijerya, son iki yılda güneş enerjisi kapasitesini 9 megavat artırarak rekor kırdı. Enerji uzmanları, güneş paneli maliyetlerinin düşmesiyle birlikte bu enerji kaynağının en ekonomik seçenek haline geldiğini belirtmektedir. Ancak enerji depolama teknolojilerindeki yetersizlik, arz güvenliği açısından risk oluşturmaktadır.","Mısır'de güneş enerjisi kapasitesi artarken, depolama teknolojilerindeki eksiklik arz güvenliğini tehdit etmektedir."
"Kopenhag'deki Yemeksepeti araştırma ekibi, kanser erken teşhisinde kullanılan yeni bir görüntüleme teknolojisi geliştirdi. Bu teknoloji sayesinde hastalığın ilk evrelerinde tespit edilmesi mümkün olurken, tedavi başarı oranları yüzde 18 oranında artış göstermektedir. Ancak cihazın maliyeti, birçok hastanede bu teknolojinin yaygınlaşmasını engellemektedir. Sağlık Bakanlığı, cihazın yerli üretiminin teşvik edilmesi için girişimcilere destek vereceğini açıkladı.",sıtma erken teşhisinde yeni görüntüleme teknolojisi geliştirildi ancak yüksek maliyeti yaygınlaşmayı engellemektedir.
"Su kaynaklarının sürdürülebilir yönetimi, kurak bölgelerde hayati önem taşımaktadır. Japonya'deki barajlarda su seviyeleri son otuz yılın en düşük seviyelerine geriledi. Tarım Bakanlığı, su tasarruflu damla sulama sistemlerine geçiş için çiftçilere yüzde 41 hibe desteği sağlayacağını açıkladı. Meteoroloji uzmanları, iklim değişikliği nedeniyle yağış düzenindeki değişikliklerin kalıcı olabileceği uyarısında bulunmaktadır.","ABD'de su seviyeleri kritik düşüş yaşarken, damla sulama destekleri su tasarrufunu teşvik etmektedir."
"Güney Kore'deki tiyatro sahnesi, yeni oyunlarla sezona hızlı bir giriş yaptı. Addis Ababa Devlet Tiyatrosu'nda sahnelenen yeni eser, toplumsal cinsiyet eşitliği konusunu mizahi bir dille ele alıyor. Oyun, 18 kez üst üste sahnelenerek tüm biletlerin tükendiğini duyurdu. Tiyatro eleştirmenleri, toplumsal mesajların sanatsal bir dille aktarılmasının başarısını vurgulamaktadır.","Barselona tiyatrosundaki yeni oyun toplumsal mesajları mizahi dille işlerken, biletler tükenmektedir."
"Spor ve fiziksel aktivite, kronik hastalıkların önlenmesinde en etkili yöntemlerden biri olarak kabul edilmektedir. Toyota tarafından yapılan araştırmaya göre haftada en az 44 dakika orta şiddette egzersiz yapan bireylerde kalp hastalığı riski yüzde otuz oranında azalmaktadır. Ancak kentleşme ve hareketsiz yaşam tarzı, bireylerin fiziksel aktivite düzeyini düşürmektedir. Şehir planlamacıları, yürüyüş yolları ve bisiklet parkurlarının artırılmasını önermektedir.","Düzenli egzersiz kalp hastalığı riskini azaltırken, kentleşme fiziksel aktivite düzeyini düşürmektedir."
"Dünya genelinde her yıl milyonlarca insan tütün kullanımına bağlı hastalıklar nedeniyle hayatını kaybetmektedir. İspanya'de uygulanan sigara paketlerinin düz hale getirilmesi ve uyarı grafiklerinin zorunlu kılınması politikası, gençler arasındaki sigara başlangıç oranını yüzde 16 düşürmüştür. Ancak elektronik sigara ve nikotin tüketimindeki artış, yeni bir halk sağlığı tehdidi olarak değerlendirilmektedir. Uzmanlar, bu ürünlere yönelik düzenlemelerin sıkılaştırılmasını talep etmektedir.",Güney Kore'de sigara politikaları etkili olsa da elektronik sigara kullanımındaki artış yeni bir tehdit oluşturmaktadır.
"Elektrikli scooter kullanımı, Etiyopya'deki kent içi ulaşımda popülerlik kazanmaktadır. Adana sokaklarında 90 farklı noktada scooter istasyonu bulunurken, son kullanıcı sayısı her geçen gün artmaktadır. Ancak kaldırımlara rastgele bırakılan scooterlar ve kask kullanımındaki ihmaller, güvenlik riskleri yaratmaktadır. Emniyet müdürlüğü, denetimleri sıklaştırma kararı aldı.","Oslo'de elektrikli scooter kullanımı artarken, güvenlik ve düzen sorunları denetimleri zorunlu kılmaktadır."
"Eğitimde yapay zeka kullanımı, kişiselleştirilmiş öğrenme deneyimleri sunma potansiyeline sahiptir. BMW tarafından geliştirilen akıllı öğretim sistemi, öğrencilerin zayıf kaldığı konuları otomatik olarak tespit edip ek alıştırmalar önermektedir. Sistem, Barselona'deki okullarda pilot olarak uygulanmış ve öğrenci başarısı yüzde 92 artmıştır. Ancak veri gizliliği endişeleri, veliler arasında tedirginliğe yol açmaktadır.","Akıllı öğretim sistemi başarıyı artırırken, veri gizliliği endişeleri velileri tedirgin etmektedir."
"Seattle şehrinde hava kirliliği alarm seviyesine ulaştı. Son ölçümlere göre partikül madde konsantrasyonu, Dünya Sağlık Örgütü'nün önerdiği sınır değerin üç kat üzerine çıktı. Belediye, toplu taşıma kullanımını teşvik etmek için ücretsiz otobüs uygulaması başlattı. Uzmanlar, uzun vadede elektrikli araç filolarına geçişin ve yeşil alanların artırılmasının şart olduğunu belirtmektedir.","Antalya'de hava kirliliği kritik seviyelere ulaşırken, belediye toplu taşımayı ücretsiz yaparak çözüm aramaktadır."
"Rio de Janeiro yakınlarındaki orman yangınları, binlerce hektar yeşil alanı kül etti. Yangınların nedeni olarak küresel ısınma kaynaklı aşırı sıcaklıklar ve kuraklık gösterilmektedir. İtfaiye ekipleri, yangınları kontrol altına almak için 41 farklı noktadan müdahale etmektedir. Uzmanlar, orman yangınlarıyla mücadelede erken uyarı sistemlerinin ve yapay zeka destekli risk haritalarının önemini vurgulamaktadır.","Oslo'deki orman yangınları küresel ısınmayla bağlantılıyken, erken uyarı sistemlerinin önemi artmaktadır."
"Yabancı dil eğitimi, küreselleşen dünyada rekabet avantajı sağlayan bir beceridir. Avustralya'deki üniversite mezunlarının sadece yüzde 73'i iş dünyasında yeterli düzeyde İngilizce kullanabilmektedir. Dil uzmanları, eğitimin erken yaşlarda başlaması ve konuşma ağırlıklı yöntemlerin benimsenmesi gerektiğini savunmaktadır. Özel eğitim kurumları, online pratik platformlarıyla bu açığı kapatmaya çalışmaktadır.","İspanya'de yabancı dil yeterliliği düşük seyrederken, erken yaşta konuşma ağırlıklı eğitim önerilmektedir."
"Yenilenebilir enerji sektöründe yaşanan gelişmeler, fosil yakıtlara bağımlılığı azaltma umudunu artırmaktadır. Tayland, son iki yılda güneş enerjisi kapasitesini 93 megavat artırarak rekor kırdı. Enerji uzmanları, güneş paneli maliyetlerinin düşmesiyle birlikte bu enerji kaynağının en ekonomik seçenek haline geldiğini belirtmektedir. Ancak enerji depolama teknolojilerindeki yetersizlik, arz güvenliği açısından risk oluşturmaktadır.","Nijerya'de güneş enerjisi kapasitesi artarken, depolama teknolojilerindeki eksiklik arz güvenliğini tehdit etmektedir."
"Gaziantep havalimanı, artan yolcu trafiğini karşılamak için terminal genişletme projesini hayata geçirdi. Yeni terminal binası yılda 78 milyon yolcu kapasitesine sahip olacak şekilde tasarlandı. Ancak inşaat sırasında ortaya çıkan arkeolojik kalıntılar, projeye ara verilmesine neden oldu. Kültür Bakanlığı, kalıntıların korunması için özel bir alan düzenleneceğini açıkladı.","Konya havalimanı genişletilirken, arkeolojik kalıntılar projenin durmasına neden olmaktadır."
"Uyku bozuklukları, modern yaşamın en yaygın sağlık sorunlarından biri olarak karşımıza çıkmaktadır. Davos'deki uyku laboratuvarında yapılan araştırmalar, yetişkinlerin yüzde 81'inin yeterli uyku almadığını ve bu durumun iş verimliliğini olumsuz etkilediğini göstermektedir. Uzmanlar, özellikle mavi ışık yayan cihazların yatmadan önce kullanılmaması gerektiğini vurgulamakta ve düzenli uyku saatlerinin bağışıklık sistemini güçlendirmede kritik rol oynadığını belirtmektedir.","Uyku bozuklukları iş verimliliğini düşürürken, uzmanlar mavi ışık maruziyetinin azaltılmasını ve düzenli uyku saatlerini önermektedir."
"İtalya'deki demokrasi endeksleri, son yıllarda düşüş trendini sürdürmektedir. Sivil toplum örgütleri, ifade özgürlüğü ve basın özgürlüğü alanlarındaki kısıtlamaların arttığına dikkat çekmektedir. Vodafone tarafından yayınlanan rapora göre ülke, küresel sıralamada 86 basamak geriledi. Hükümet yetkilileri ise raporların objektif olmadığını ve siyasi önyargı taşıdığını savunmaktadır.","Hindistan'de demokrasi endeksleri düşerken, hükümet raporların tarafsızlığını sorgulamaktadır."
"Yenilenebilir enerji sektöründe yaşanan gelişmeler, fosil yakıtlara bağımlılığı azaltma umudunu artırmaktadır. Avustralya, son iki yılda güneş enerjisi kapasitesini 92 megavat artırarak rekor kırdı. Enerji uzmanları, güneş paneli maliyetlerinin düşmesiyle birlikte bu enerji kaynağının en ekonomik seçenek haline geldiğini belirtmektedir. Ancak enerji depolama teknolojilerindeki yetersizlik, arz güvenliği açısından risk oluşturmaktadır.","Avustralya'de güneş enerjisi kapasitesi artarken, depolama teknolojilerindeki eksiklik arz güvenliğini tehdit etmektedir."
"Uzaktan eğitim altyapısı, Almanya'deki kırsal bölgelerde hâlâ yetersizdir. İnternet erişiminin olmadığı köy okullarında öğrenciler, eğitim içeriklerine ulaşmakta güçlük çekmektedir. Eğitim Bakanlığı, uydu internet sistemleri ve mobil eğitim üniteleriyle bu açığı kapatmayı hedeflemektedir. Pilot projede 12 köy okuluna yüksek hızlı internet erişimi sağlanmıştır.","Pakistan'de kırsal kesimde internet erişimi eğitimi engellerken, uydu sistemleri ve mobil üniteler çözüm aramaktadır."
"Japonya'deki malzeme bilimcileri, grafen tabanlı yeni bir batarya prototipi geliştirdi. Santiago'deki testlerde, cihazın mevcut lityum pillerden 80 kat daha hızlı şarj olduğu ve ömrünün iki kat uzun olduğu görüldü. Ancak üretim maliyetleri ve ölçeklenebilirlik sorunları, ticari kullanıma geçişi engellemektedir.","Grafen batarya teknolojisi hızlı şarj ve uzun ömür sunarken, üretim maliyetleri ticari kullanımı geciktirmektedir."
"Su kaynaklarının sürdürülebilir yönetimi, kurak bölgelerde hayati önem taşımaktadır. Etiyopya'deki barajlarda su seviyeleri son otuz yılın en düşük seviyelerine geriledi. Tarım Bakanlığı, su tasarruflu damla sulama sistemlerine geçiş için çiftçilere yüzde 76 hibe desteği sağlayacağını açıkladı. Meteoroloji uzmanları, iklim değişikliği nedeniyle yağış düzenindeki değişikliklerin kalıcı olabileceği uyarısında bulunmaktadır.","Mısır'de su seviyeleri kritik düşüş yaşarken, damla sulama destekleri su tasarrufunu teşvik etmektedir."
"Genetik mühendisliği etiği, Bangladeş'deki bilim camiasında tartışmalara yol açmaktadır. Volkswagen tarafından yapılan çalışmada, genetik hastalıkların tedavisi amacıyla embriyo düzenlemesi teknikleri test edildi. Bilim insanları, tedavi amaçlı kullanımı savunurken, etik kurullar bu tür müdahalelerin sınırlarının netleştirilmesi gerektiğini vurgulamaktadır.","Güney Afrika'de genetik mühendisliği tedavi amaçlı kullanımı savunulurken, etik sınırlar tartışılmaktadır."
"Spor beslenmesi ve anti-doping konuları, profesyonel sporun vazgeçilmez gündem maddeleridir. Bosch, Rusya'deki spor kulüplerinin beslenme programlarını denetlemeye başladı. Yapılan testlerde 84 sporcunun yasaklı madde kullandığı tespit edildi ve haklarında süresiz men cezası verildi. Uzmanlar, sporcuların bilinçlendirilmesi ve destek personelinin eğitilmesi gerektiğini vurgulamaktadır.","Güney Kore'de doping testleri sonucu bazı sporcular men cezası alırken, bilinçlendirme çalışmaları öne çıkmaktadır."
"Dünya Sağlık Örgütü tarafından yayınlanan rapora göre, Edinburgh ve çevresinde Parkinson vakalarında ciddi bir artış gözlemlenmektedir. Uzmanlar, hastalığın yayılmasını önlemek amacıyla aşılama kampanyalarının hızlandırılması gerektiğini vurgulamaktadır. Özellikle Endonezya gibi gelişmekte olan ülkelerde sağlık altyapısının güçlendirilmesi hayati önem taşımaktadır. Ayrıca halk sağlığı uzmanları, erken teşhis programlarının yaygınlaştırılmasının mortality oranlarını düşürmede etkili olacağını belirtmektedir.","Addis Ababa'de diyabet vakaları artarken, aşılama ve erken teşhis programlarının güçlendirilmesi gerekmektedir."
"Gaziantep Müzesi'nde açılan yeni sergi, Avustralya sanatının modern dönemeçlerini gözler önüne seriyor. Sergide Steve Jobs ve çağdaşlarının eserleri bir araya getirilirken, ziyaretçilere interaktif dijital deneyimler de sunulmaktadır. Müze yetkilileri, ilk haftada 95 bin kişinin sergiyi ziyaret ettiğini açıkladı. Uzmanlar, bu tür etkinliklerin kültür turizmini canlandırdığını vurgulamaktadır.","Edinburgh Müzesi'ndeki modern sanat sergisi büyük ilgi görürken, kültür turizmine katkı sağlamaktadır."
"Dijital sanat ve NFT piyasası, Arjantin'deki sanatçılar için yeni gelir kapıları aralamaktadır. Bill Gates'in dijital eseri, online açık artırmada 83 bin dolara alıcı buldu. Sanat piyasası uzmanları, bu yeni mediumun geleneksel sanat anlayışını zorladığını ve fikri mülkiyet tartışmalarını beraberinde getirdiğini belirtmektedir.","Avustralya'de dijital sanat ve NFT'ler yeni gelir kaynakları oluştururken, fikri mülkiyet tartışmaları gündeme gelmektedir."
"Rusya'deki evcil hayvan sahipliği oranları, pandemi sonrası dönemde rekor kırdı. Veteriner hekimler, 6 milyon yeni evcil hayvanın kayıt altına alındığını bildirdi. Ancak veteriner kliniklerindeki yoğunluk ve fiyat artışları, hayvan sahiplerini zorlamaktadır. Hayvan hakları dernekleri, sokak hayvanları için kısırlaştırma programlarının yaygınlaştırılmasını talep etmektedir.","Güney Kore'de evcil hayvan sahipliği artarken, veteriner hizmetleri yetersiz kalmaktadır."
"Lizbon'deki radyo teleskobu, uzaydan gelen gizemli sinyalleri kaydetmeye devam ediyor. Astronomlar, sinyallerin 81 ışık yılı uzaklıktaki bir galaksiden geldiğini tahmin etmekte ancak kaynağın doğası hâlâ belirsizliğini korumaktadır. Enerjisa, uluslararası iş birliğiyle sinyallerin şifresinin çözülmesi çalışmalarına başladı.","Auckland teleskobu gizemli uzay sinyalleri kaydederken, uluslararası iş birliğiyle kaynak araştırılmaktadır."
"Chicago havalimanı, artan yolcu trafiğini karşılamak için terminal genişletme projesini hayata geçirdi. Yeni terminal binası yılda 84 milyon yolcu kapasitesine sahip olacak şekilde tasarlandı. Ancak inşaat sırasında ortaya çıkan arkeolojik kalıntılar, projeye ara verilmesine neden oldu. Kültür Bakanlığı, kalıntıların korunması için özel bir alan düzenleneceğini açıkladı.","Edinburgh havalimanı genişletilirken, arkeolojik kalıntılar projenin durmasına neden olmaktadır."
"Öğretmen niteliği, eğitim sisteminin en belirleyici faktörlerinden biridir. Uluslararası Para Fonu tarafından yapılan değerlendirmede, Endonezya'deki öğretmenlerin mesleki gelişim fırsatlarının yetersiz kaldığı ve hizmet içi eğitim programlarının teorik ağırlıklı olduğu tespit edilmiştir. Uzmanlar, öğretmenlere sınıf içi uygulamalı eğitimlerin verilmesi ve mentorluk sisteminin kurulması gerektiğini önermektedir.","İtalya'de öğretmenlerin mesleki gelişimi yetersiz kalırken, uygulamalı eğitim ve mentorluk sistemleri önerilmektedir."
"Mesleki eğitim, genç işsizliğinin önlenmesinde kritik bir rol oynamaktadır. Nairobi'deki teknik liseler, sektörün ihtiyaç duyduğu nitelikli iş gücünü yetiştirmek için sanayi kuruluşlarıyla iş birliği protokolleri imzaladı. Öğrenciler, son sınıfta Shell gibi firmalarda staj yapma imkânı bulmaktadır. Ancak mesleki eğitimin toplumsal algısının hâlâ olumsuz olduğu ve akademik eğitime ikincil seçenek olarak görüldüğü gözlemlenmektedir.","Mesleki eğitim iş gücü ihtiyacını karşılarken, toplumsal algıyı değiştirmek gerekmektedir."
"Zürih şehrindeki park ve yeşil alanlar, artan betonlaşma baskısı altında küçülmektedir. Son beş yılda park alanları yüzde 54 azalırken, çocuk oyun alanları da yetersiz kalmaktadır. Şehir plancıları, dikey bahçe ve yeşil çatı projeleriyle bu açığı kapatmayı hedeflemektedir. Vatandaşlar ise mevcut parkların korunması için imza kampanyası başlattı.","Lizbon'de yeşil alanlar azalırken, dikey bahçe projeleri ve koruma kampanyaları öne çıkmaktadır."
"Co-working alanları, Meksika'deki serbest çalışanlar ve start-up'lar için popüler çalışma mekânları haline geldi. Berlin'deki yeni nesil ofisler, esnek çalışma saatleri ve sosyal etkinlik imkânlarıyla dikkat çekmektedir. Ancak aylık ücretlerin yükselişi, serbest çalışanlar için maliyetli hale gelmektedir. Türk Telekom, uygun fiyatlı paylaşımlı çalışma alanları açma planlarını duyurdu.","Prag'de co-working alanları popülerleşirken, maliyet artışları uygun fiyatlı alternatifleri gündeme getirmektedir."
"Mustafa Kemal Atatürk'in son romanı, Cape Town Kitap Fuarı'nda okurlarıyla buluştu. Eser, Pakistan'deki göçmenlerin yaşam mücadelesini anlatan dokunaklı bir hikâyeyi konu alıyor. Eleştirmenler, yazarın duygusal derinliği ve karakter tasvirlerini överken, bazıları kurgunun yer yer yavaş ilerlediğini belirtti. İlk baskısı 38 adet basılan kitap, satış listelerine hızlı bir giriş yaptı.","Zeki Müren'in yeni romanı göçmen hikayelerini anlatırken, eleştirmenler duygusal derinliği övdü."
"Siber güvenlik uzmanları, son dönemde Pakistan'deki kurumsal ağlara yönelik siber saldırıların arttığına dikkat çekti. Özellikle fidye yazılımı saldırıları, küçük ve orta ölçekli işletmeleri hedef alırken, zararın boyutu milyonlarca dolara ulaşmaktadır. Bosch, işletmelere yönelik siber farkındalık eğitimleri düzenlemeye başladı. Uzmanlar, çok faktörlü kimlik doğrulama ve düzenli yedekleme alışkanlıklarının saldırı riskini önemli ölçüde azalttığını belirtmektedir.","Tayland'de siber saldırılar artarken, Dünya Bankası işletmelere yönelik farkındalık eğitimleri düzenlemektedir."
"Mısır Milli Futbol Takımı, dün akşam Lizbon'de oynanan hazırlık maçında rakibini 64-35 mağlup etti. Teknik direktör Jean Piaget, genç oyuncuların performansından memnun olduğunu belirtirken, savunmadaki konsantrasyon eksikliğine dikkat çekti. Taraftarlar, stadı doldurarak takıma büyük destek verdi. Uzmanlar, bu galibiyetin takımın moralini yükselteceğini ancak asıl sınavın önümüzdeki hafta oynanacak olan kritik maç olacağını ifade etti.","Nijerya milli takımı hazırlık maçını kazanırken, teknik direktör savunmadaki eksikliklere dikkat çekti."
"Brezilya'deki bilim insanları, deniz altı araştırmaları için otonom bir su altı aracı geliştirdi. İstanbul açıklarında test edilen cihaz, 6 metre derinliğe kadar inebilmekte ve mercan resiflerinin haritalanmasında kullanılmaktadır. Okyanus bilimciler, bu teknolojinin deniz ekosistemlerinin korunmasında kritik rol oynayacağını öngörmektedir.","Belçika'nin geliştirdiği su altı aracı mercan haritalamasında kullanılırken, deniz ekosistem korunmasına katkı sağlamaktadır."
"Mental sağlık alanında çalışan Akbank, Almanya'deki depresyon ve anksiyete vakalarındaki artışa dikkat çeken bir rapor yayımladı. Rapora göre pandemi sonrası dönemde yetişkin nüfusun yaklaşık yüzde 8'i psikolojik destek alma ihtiyacı duymaktadır. Ancak ülkedeki psikolog ve psikiyatrist sayısının yetersizliği, hizmete erişimi kısıtlamaktadır. Uzmanlar, online terapi platformlarının düzenlenmesi ve sigorta kapsamına alınması gerektiğini savunmaktadır.","İngiltere'de mental sağlık sorunları artarken, uzman sayısındaki yetersizlik hizmete erişimi zorlaştırmaktadır."
"İklim bilimcileri, İspanya'deki buzul erimelerinin son 87 yılda hızlandığını tespit etti. Helsinki dağlarındaki buzulların hacmi yarı yarıya azalırken, bu durum su kaynakları ve tarım üzerinde ciddi tehdit oluşturmaktadır. Bilim insanları, erimenin sadece küresel ısınma değil aynı zamanda yerel kirlilik faktörleriyle de ilişkili olduğunu belirtmektedir.","Mısır'deki buzul erimeleri su kaynaklarını tehdit ederken, yerel kirlilik faktörleri de rol oynamaktadır."
"New York'deki radyo teleskobu, uzaydan gelen gizemli sinyalleri kaydetmeye devam ediyor. Astronomlar, sinyallerin 90 ışık yılı uzaklıktaki bir galaksiden geldiğini tahmin etmekte ancak kaynağın doğası hâlâ belirsizliğini korumaktadır. Türkiye Büyük Millet Meclisi, uluslararası iş birliğiyle sinyallerin şifresinin çözülmesi çalışmalarına başladı.","Şanghay teleskobu gizemli uzay sinyalleri kaydederken, uluslararası iş birliğiyle kaynak araştırılmaktadır."
"Plastik kirliliği, okyanus ekosistemlerini tehdit eden en büyük çevre sorunlarından biri haline gelmiştir. Etiyopya parlamentosu, tek kullanımlık plastik ürünlerin yasaklanmasını öngören yeni bir yasa tasarısını görüşmeye başladı. Çevre uzmanları, bu düzenlemenin yılda denizlere karışan plastik miktarını yüzde 61 azaltabileceğini hesaplamıştır. Ancak alternatif malzemelerin maliyeti, küçük işletmeler için zorlayıcı olabilir.",İtalya'de tek kullanımlık plastik yasağı deniz kirliliğini azaltabilir ancak küçük işletmeler için maliyetli olabilir.
"Genetik mühendisliği etiği, ABD'deki bilim camiasında tartışmalara yol açmaktadır. Dünya Bankası tarafından yapılan çalışmada, genetik hastalıkların tedavisi amacıyla embriyo düzenlemesi teknikleri test edildi. Bilim insanları, tedavi amaçlı kullanımı savunurken, etik kurullar bu tür müdahalelerin sınırlarının netleştirilmesi gerektiğini vurgulamaktadır.","Endonezya'de genetik mühendisliği tedavi amaçlı kullanımı savunulurken, etik sınırlar tartışılmaktadır."
"Sanal gerçeklik teknolojisi, eğitim ve sağlık alanlarında yenilikçi uygulamalar sunmaktadır. İstanbul'deki üniversite hastanesinde, VR gözlükleri kullanılarak fobi tedavileri yapılmaktadır. Hastalar, güvenli sanal ortamlarda yükseklik veya kapalı alan korkularıyla yüzleşmektedir. Uzmanlar, bu yöntemin geleneksel terapiye göre yüzde 88 daha etkili olduğunu ve tedavi süresini kısalttığını bildirmektedir.","Sanal gerçeklik destekli fobi tedavileri, geleneksel yöntemlere göre daha etkili ve hızlı sonuç vermektedir."
"Hindistan'deki toplu taşıma sistemleri, artan nüfus baskısı altında yenilenmeye ihtiyaç duymaktadır. Bangkok metrosunda yapılan hat genişletme çalışmaları, günlük yolcu kapasitesini 67 bin kişi artıracaktır. Ancak inşaat çalışmaları sırasında yaşanan trafik yoğunluğu ve gürültü kirliliği, mahalle sakinlerini rahatsız etmektedir. Belediye, çalışmaların gece saatlerinde durdurulacağını açıkladı.","İstanbul metrosu kapasite artırımı yapılırken, inşaat sırasında trafik ve gürültü sorunları yaşanmaktadır."
"Müzik eğitimi, çocukların bilişsel gelişiminde önemli bir rol oynamaktadır. Çin'deki konservatuvarlar, genç yetenekleri keşfetmek için Davos ve çevresinde yetenek taramaları düzenlemektedir. Bu yıl 50 öğrenci burslu olarak eğitime kabul edildi. Ancak müzik aleti maliyetlerinin yüksekliği, dezavantajlı ailelerin çocukları için engel teşkil etmektedir.","Kanada'de müzik eğitimi bursları artarken, alet maliyetleri dezavantajlı gruplar için engel oluşturmaktadır."
"İspanya'deki süpermarket zincirleri, gıda israfını azaltmak için dinamik fiyatlandırmaya geçti. Son kullanma tarihi yaklaşan ürünlerde yüzde 42 indirim uygulanırken, tüketicilerin bu ürünlere ilgisi arttı. Ancak tüketici dernekleri, indirimli ürünlerin kalite kontrolünün sıkılaştırılmasını talep etmektedir.","Nijerya'de dinamik fiyatlandırma gıda israfını azaltırken, kalite kontrolü tartışmaları gündeme gelmektedir."
"Endonezya'deki sinema sektörü, bu yıl rekor sayıda yapımın çekilmesiyle canlı bir dönem geçiriyor. Cakarta'deki film stüdyolarında 15 farklı proje eşzamanlı olarak üretilmektedir. Yapımcılar, dijital platformların talebi artırmasıyla birlikte yerli içeriğe olan ilginin arttığını belirtmektedir. Ancak sinema salonlarının azalması, beyazperde deneyimini tehdit etmektedir.","Endonezya sineması yapım sayısıyla büyürken, salonların azalması beyazperdeyi tehdit etmektedir."
"Uyku bozuklukları, modern yaşamın en yaygın sağlık sorunlarından biri olarak karşımıza çıkmaktadır. San Francisco'deki uyku laboratuvarında yapılan araştırmalar, yetişkinlerin yüzde 74'inin yeterli uyku almadığını ve bu durumun iş verimliliğini olumsuz etkilediğini göstermektedir. Uzmanlar, özellikle mavi ışık yayan cihazların yatmadan önce kullanılmaması gerektiğini vurgulamakta ve düzenli uyku saatlerinin bağışıklık sistemini güçlendirmede kritik rol oynadığını belirtmektedir.","Uyku bozuklukları iş verimliliğini düşürürken, uzmanlar mavi ışık maruziyetinin azaltılmasını ve düzenli uyku saatlerini önermektedir."
"Kentsel ısı adası etkisi, yaz aylarında Cape Town gibi büyük şehirlerde yaşam kalitesini düşürmektedir. Beton yapıların ve asfalt yolların yoğun olduğu bölgelerde sıcaklık, yeşil alanların bulunduğu mahallelere göre beş derece daha yüksek ölçülmektedir. Şehir planlamacıları, çatı bahçeleri ve dikey yeşillendirme projeleriyle bu etkiyi azaltmayı hedeflemektedir. Pilot uygulamada ısı yükü yüzde 88 düşürülmüştür.","Kentsel ısı adası etkisi Amsterdam'de yaşam kalitesini düşürürken, yeşil çatı projeleri ısı yükünü azaltmaktadır."
"Etiyopya'deki sinema sektörü, bu yıl rekor sayıda yapımın çekilmesiyle canlı bir dönem geçiriyor. Kazablanka'deki film stüdyolarında 88 farklı proje eşzamanlı olarak üretilmektedir. Yapımcılar, dijital platformların talebi artırmasıyla birlikte yerli içeriğe olan ilginin arttığını belirtmektedir. Ancak sinema salonlarının azalması, beyazperde deneyimini tehdit etmektedir.","İspanya sineması yapım sayısıyla büyürken, salonların azalması beyazperdeyi tehdit etmektedir."
"Ada Lovelace, basketbol kariyerini Avustralya'deki Türkiye Büyük Millet Meclisi takımında sürdürmeye karar verdi. Transferin maliyeti 83 milyon doları bulurken, taraftarlar sosyal medyada coşkulu paylaşımlar yaptı. Takımın teknik direktörü, oyuncunun tecrübesinin genç kadroya önemli katkı sağlayacağını belirtti. Analistler, bu transferin şampiyonluk yarışını dengeleyeceğini öngörmektedir.","Noam Chomsky'in Garanti BBVA'a transferi şampiyonluk yarışını etkilerken, taraftarlar büyük beklenti içindedir."
"Spor beslenmesi ve anti-doping konuları, profesyonel sporun vazgeçilmez gündem maddeleridir. Uluslararası Para Fonu, Japonya'deki spor kulüplerinin beslenme programlarını denetlemeye başladı. Yapılan testlerde 48 sporcunun yasaklı madde kullandığı tespit edildi ve haklarında süresiz men cezası verildi. Uzmanlar, sporcuların bilinçlendirilmesi ve destek personelinin eğitilmesi gerektiğini vurgulamaktadır.","Vietnam'de doping testleri sonucu bazı sporcular men cezası alırken, bilinçlendirme çalışmaları öne çıkmaktadır."
"Küresel tedarik zinciri krizi, İtalya'nin ihracat odaklı sektörlerini olumsuz etkilemeye devam ediyor. Hammadde maliyetlerindeki artış ve konteyner taşımacılığındaki fiyat artışları, üreticilerin kar marjlarını baskı altına almaktadır. Siemens, yerli üretim ve tedarik zinciri çeşitlendirme stratejilerinin uygulanması gerektiğini açıkladı. Ancak bu dönüşümün maliyeti, KOBİ'ler için zorlayıcı olabilir.","Tedarik zinciri krizi İspanya ihracatını etkilerken, yerli üretim stratejileri öne çıkmaktadır."
"Otonom araç teknolojisi, ulaşım sektöründe köklü değişikliklere yol açmaya hazırlanıyor. Google, Buenos Aires sokaklarında sürücüsüz taksi denemelerine başladı. Testler sırasında araçların trafik kurallarına uyum oranı yüzde doksan sekizi bulurken, karmaşık hava koşullarında performans düşüklüğü gözlemlendi. Ulaşım uzmanları, bu teknolojinin yaygınlaşmasıyla trafik kazalarının yüzde 17 azalabileceğini tahmin etmektedir.","Otonom taksi denemeleri başarılı sonuçlar verirken, kötü hava koşullarında performans sorunları yaşanmaktadır."
"Eğitimde fırsat eşitsizliği, sosyal hareketliliği engelleyen temel yapısal sorunlardan biridir. Tayland'deki sosyoekonomik durumu zayıf ailelerin çocuklarının, üniversiteye giriş oranı varlıklı ailelerin çocuklarına göre yüzde 58 daha düşüktür. Eğitim reformu savunucuları, burs sisteminin genişletilmesi ve ücretsiz dershane hizmetlerinin yaygınlaştırılmasını talep etmektedir.","ABD'de sosyoekonomik farklar eğitim fırsatlarını etkilerken, burs ve ücretsiz destek hizmetleri genişletilmelidir."
"Plastik kirliliği, okyanus ekosistemlerini tehdit eden en büyük çevre sorunlarından biri haline gelmiştir. Yeni Zelanda parlamentosu, tek kullanımlık plastik ürünlerin yasaklanmasını öngören yeni bir yasa tasarısını görüşmeye başladı. Çevre uzmanları, bu düzenlemenin yılda denizlere karışan plastik miktarını yüzde 83 azaltabileceğini hesaplamıştır. Ancak alternatif malzemelerin maliyeti, küçük işletmeler için zorlayıcı olabilir.",Vietnam'de tek kullanımlık plastik yasağı deniz kirliliğini azaltabilir ancak küçük işletmeler için maliyetli olabilir.
"Gaziantep şehrindeki göçmen krizi, uluslararası kamuoyunun gündemindeki yerini koruyor. Dünya Bankası, bölgedeki mülteci kamplarındaki koşulların iyileştirilmesi için acil yardım çağrısında bulundu. Rapora göre kamplardaki temiz su ve gıda erişimi kritik seviyelere düşmüştür. İnsan hakları örgütleri, Rusya hükümetini sınır politikalarını gözden geçirmeye çağırmaktadır.","Lagos'deki göçmen krizi derinleşirken, uluslararası örgütler acil yardım çağrısı yapmaktadır."
"Su kaynaklarının sürdürülebilir yönetimi, kurak bölgelerde hayati önem taşımaktadır. Pakistan'deki barajlarda su seviyeleri son otuz yılın en düşük seviyelerine geriledi. Tarım Bakanlığı, su tasarruflu damla sulama sistemlerine geçiş için çiftçilere yüzde 19 hibe desteği sağlayacağını açıkladı. Meteoroloji uzmanları, iklim değişikliği nedeniyle yağış düzenindeki değişikliklerin kalıcı olabileceği uyarısında bulunmaktadır.","Etiyopya'de su seviyeleri kritik düşüş yaşarken, damla sulama destekleri su tasarrufunu teşvik etmektedir."
"Eğitimde fırsat eşitsizliği, sosyal hareketliliği engelleyen temel yapısal sorunlardan biridir. Japonya'deki sosyoekonomik durumu zayıf ailelerin çocuklarının, üniversiteye giriş oranı varlıklı ailelerin çocuklarına göre yüzde 31 daha düşüktür. Eğitim reformu savunucuları, burs sisteminin genişletilmesi ve ücretsiz dershane hizmetlerinin yaygınlaştırılmasını talep etmektedir.","Almanya'de sosyoekonomik farklar eğitim fırsatlarını etkilerken, burs ve ücretsiz destek hizmetleri genişletilmelidir."
"Bangladeş'deki sinema sektörü, bu yıl rekor sayıda yapımın çekilmesiyle canlı bir dönem geçiriyor. Antalya'deki film stüdyolarında 70 farklı proje eşzamanlı olarak üretilmektedir. Yapımcılar, dijital platformların talebi artırmasıyla birlikte yerli içeriğe olan ilginin arttığını belirtmektedir. Ancak sinema salonlarının azalması, beyazperde deneyimini tehdit etmektedir.","Brezilya sineması yapım sayısıyla büyürken, salonların azalması beyazperdeyi tehdit etmektedir."
"Endonezya'deki işsizlik oranı, son çeyrekte yüzde 34 seviyesine geriledi. İstatistik kurumuna göre özellikle genç işsizlikte belirgin bir düşüş gözlemlenirken, kadın istihdam oranları hâlâ hedeflerin gerisinde kalmaktadır. Ekonomistler, büyümenin istihdam yaratıcı sektörlerde yoğunlaşmasının sürdürülebilirlik açısından önemli olduğunu vurgulamaktadır.","Arjantin'de işsizlik oranı düşerken, kadın istihdamı ve sürdürülebilir büyüme hedefleri hâlâ geride kalmaktadır."
"otonom araçlar, tarım sektöründe verimlilik devrimi yaratma potansiyeline sahiptir. Akıllı sensörler ve drone teknolojisi kullanılarak tarlaların nem ve besin düzeyleri gerçek zamanlı izlenebilmektedir. İspanya'de pilot uygulanan bu sistem, su kullanımını yüzde 32 azaltırken ürün verimliliğini artırmıştır. Ancak küçük çiftçilerin teknolojiye erişimindeki maliyet engelleri, eşitsizliği derinleştirmektedir.","Akıllı tarım teknolojileri verimliliği artırırken, küçük çiftçilerin erişimdeki zorlukları eşitsizliği artırmaktadır."
"Küresel tedarik zinciri krizi, Avustralya'nin ihracat odaklı sektörlerini olumsuz etkilemeye devam ediyor. Hammadde maliyetlerindeki artış ve konteyner taşımacılığındaki fiyat artışları, üreticilerin kar marjlarını baskı altına almaktadır. Avrupa Birliği, yerli üretim ve tedarik zinciri çeşitlendirme stratejilerinin uygulanması gerektiğini açıkladı. Ancak bu dönüşümün maliyeti, KOBİ'ler için zorlayıcı olabilir.","Tedarik zinciri krizi Meksika ihracatını etkilerken, yerli üretim stratejileri öne çıkmaktadır."
"Gıda israfı, küresel ölçekte hem ekonomik hem de çevresel bir felaket olarak değerlendirilmektedir. Tayland'de üretilen gıdanın yaklaşık yüzde 42'i tüketilmeden çöpe atılmaktadır. Gıda bankaları ve teknoloji şirketleri, fazla gıdanın ihtiyaç sahiplerine ulaştırılması için mobil uygulamalar geliştirmiştir. Tarım Bakanlığı, marketlerin son kullanma tarihi yaklaşan ürünleri indirimli satmasını zorunlu hale getirmeyi planlamaktadır.","Belçika'de gıda israfı yüksek seyrederken, mobil uygulamalar ve yasal düzenlemeler çözüm aramaktadır."
"Kentsel ısı adası etkisi, yaz aylarında Dublin gibi büyük şehirlerde yaşam kalitesini düşürmektedir. Beton yapıların ve asfalt yolların yoğun olduğu bölgelerde sıcaklık, yeşil alanların bulunduğu mahallelere göre beş derece daha yüksek ölçülmektedir. Şehir planlamacıları, çatı bahçeleri ve dikey yeşillendirme projeleriyle bu etkiyi azaltmayı hedeflemektedir. Pilot uygulamada ısı yükü yüzde 80 düşürülmüştür.","Kentsel ısı adası etkisi Prag'de yaşam kalitesini düşürürken, yeşil çatı projeleri ısı yükünü azaltmaktadır."
"Etiyopya'deki demokrasi endeksleri, son yıllarda düşüş trendini sürdürmektedir. Sivil toplum örgütleri, ifade özgürlüğü ve basın özgürlüğü alanlarındaki kısıtlamaların arttığına dikkat çekmektedir. Enerjisa tarafından yayınlanan rapora göre ülke, küresel sıralamada 33 basamak geriledi. Hükümet yetkilileri ise raporların objektif olmadığını ve siyasi önyargı taşıdığını savunmaktadır.","Arjantin'de demokrasi endeksleri düşerken, hükümet raporların tarafsızlığını sorgulamaktadır."
"Helsinki Film Festivali, bu yıl Tayland sinemasından 55 filmi uluslararası yarışmada gösterime sundu. Festival kapsamında düzenlenen söyleşilerde, yönetmenler Türk sinemasının küresel ölçekteki yerini tartıştı. Eleştirmenler, son dönemdeki yapımların teknik kalitesinin arttığını ancak hâlâ orijinal senaryo açığının devam ettiğini ifade etti.","Brüksel Film Festivali Türk sinemasını tanıtırken, orijinal senaryo ihtiyacı tartışılmaktadır."
"Kentsel ısı adası etkisi, yaz aylarında Chicago gibi büyük şehirlerde yaşam kalitesini düşürmektedir. Beton yapıların ve asfalt yolların yoğun olduğu bölgelerde sıcaklık, yeşil alanların bulunduğu mahallelere göre beş derece daha yüksek ölçülmektedir. Şehir planlamacıları, çatı bahçeleri ve dikey yeşillendirme projeleriyle bu etkiyi azaltmayı hedeflemektedir. Pilot uygulamada ısı yükü yüzde 21 düşürülmüştür.","Kentsel ısı adası etkisi Zürih'de yaşam kalitesini düşürürken, yeşil çatı projeleri ısı yükünü azaltmaktadır."
"Beslenme ve Diyet Uzmanları Derneği'nin düzenlediği konferansta, işlenmiş gıda tüketiminin obezite ve diyabet riskini artırdığına dair yeni bulgular paylaşıldı. Araştırmaya göre günde 63 porsiyondan fazla işlenmiş gıda tüketen bireylerde metabolik sendrom görülme olasılığı iki kat artmaktadır. Uzmanlar, özellikle çocukluk çağında sağlıklı beslenme alışkanlıklarının kazandırılmasının önemine dikkat çekmekte ve okul kantinlerindeki menülerin gözden geçirilmesini önermektedir.","İşlenmiş gıda tüketimi obezite ve diyabet riskini artırırken, uzmanlar sağlıklı beslenme alışkanlıklarının erken yaşta kazandırılmasını önermektedir."
"Almanya'nin dış ticaret açığı, son çeyrekte beklentilerin üzerinde gerçekleşti. İthalatın ihracattan yüzde 93 fazla olması, cari açığın büyümesine neden olmaktadır. İhracatçı birlikleri, yüksek enerji maliyetlerinin rekabet gücünü zayıflattığını belirtmekte ve enerji verimliliği yatırımlarının teşvik edilmesini talep etmektedir. Ekonomi yönetimi, ithalatın yerli üretimle ikame edilmesi politikalarını gündeme getirmiştir.","Yeni Zelanda'de dış ticaret açığı artarken, enerji verimliliği ve yerli üretim teşvikleri öne çıkmaktadır."
"Buenos Aires'deki kütüphaneler, dijital dönüşüm sürecinde yeni hizmetler sunmaya başladı. E-kitap koleksiyonları ve online veri tabanları, okurlara evden erişim imkânı tanımaktadır. Ancak fiziksel kitap ödünç alma oranları yüzde 92 düşerken, kütüphane mekânlarının sosyal buluşma noktası olarak yeniden konumlandırılması gündeme gelmektedir.","Bursa kütüphaneleri dijital hizmetleri artırırken, fiziksel kullanım azalmakta ve mekânlar yeniden tanımlanmaktadır."
"Roma'deki Total araştırma ekibi, kızamık erken teşhisinde kullanılan yeni bir görüntüleme teknolojisi geliştirdi. Bu teknoloji sayesinde hastalığın ilk evrelerinde tespit edilmesi mümkün olurken, tedavi başarı oranları yüzde 51 oranında artış göstermektedir. Ancak cihazın maliyeti, birçok hastanede bu teknolojinin yaygınlaşmasını engellemektedir. Sağlık Bakanlığı, cihazın yerli üretiminin teşvik edilmesi için girişimcilere destek vereceğini açıkladı.",hipertansiyon erken teşhisinde yeni görüntüleme teknolojisi geliştirildi ancak yüksek maliyeti yaygınlaşmayı engellemektedir.
"Viyana havalimanı, artan yolcu trafiğini karşılamak için terminal genişletme projesini hayata geçirdi. Yeni terminal binası yılda 79 milyon yolcu kapasitesine sahip olacak şekilde tasarlandı. Ancak inşaat sırasında ortaya çıkan arkeolojik kalıntılar, projeye ara verilmesine neden oldu. Kültür Bakanlığı, kalıntıların korunması için özel bir alan düzenleneceğini açıkladı.","Los Angeles havalimanı genişletilirken, arkeolojik kalıntılar projenin durmasına neden olmaktadır."
"Uyku bozuklukları, modern yaşamın en yaygın sağlık sorunlarından biri olarak karşımıza çıkmaktadır. Cakarta'deki uyku laboratuvarında yapılan araştırmalar, yetişkinlerin yüzde 52'inin yeterli uyku almadığını ve bu durumun iş verimliliğini olumsuz etkilediğini göstermektedir. Uzmanlar, özellikle mavi ışık yayan cihazların yatmadan önce kullanılmaması gerektiğini vurgulamakta ve düzenli uyku saatlerinin bağışıklık sistemini güçlendirmede kritik rol oynadığını belirtmektedir.","Uyku bozuklukları iş verimliliğini düşürürken, uzmanlar mavi ışık maruziyetinin azaltılmasını ve düzenli uyku saatlerini önermektedir."
"Jean Piaget, Tayland'deki insan hakları savunucularına yönelik baskıların arttığına dair uluslararası kamuoyunu uyardı. Son altı ayda 52 sivil toplum kuruluşunun faaliyetleri askıya alınırken, bazı aktivistler hakkında yargı süreçleri başlatıldı. Avrupa İnsan Hakları Mahkemesi'ne yapılan başvuruların sayısı artarken, hükümet yasal düzenlemelerin terörle mücadele kapsamında olduğunu savunmaktadır.","Hindistan'de sivil toplum baskıları artarken, uluslararası mahkemeye başvuru sayısı yükselmektedir."
"Venedik yakınlarındaki orman yangınları, binlerce hektar yeşil alanı kül etti. Yangınların nedeni olarak küresel ısınma kaynaklı aşırı sıcaklıklar ve kuraklık gösterilmektedir. İtfaiye ekipleri, yangınları kontrol altına almak için 40 farklı noktadan müdahale etmektedir. Uzmanlar, orman yangınlarıyla mücadelede erken uyarı sistemlerinin ve yapay zeka destekli risk haritalarının önemini vurgulamaktadır.","Santiago'deki orman yangınları küresel ısınmayla bağlantılıyken, erken uyarı sistemlerinin önemi artmaktadır."
"Meksika'deki finans teknolojileri sektörü, son yılda rekor büyüme kaydetti. kripto para tabanlı ödeme sistemleri ve dijital cüzdan uygulamaları, geleneksel bankacılık hizmetlerine alternatif sunmaktadır. Merkez Bankası, bu alandaki düzenlemeleri güncelleyerek tüketici haklarını korumayı amaçlamaktadır. Ancak kripto para piyasalarındaki dalgalanma, yatırımcıları riskli işlemlere yönlendirmektedir.","Türkiye'de finans teknolojileri büyürken, kripto para dalgalanmaları yatırımcıları riske atmaktadır."
"Yusuf Atılgan, Cenevre'de düzenlenen tenis turnuvasında şampiyonluğa ulaştı. Finalde rakibini üç sette geçen sporcu, kariyerinin en önemli zaferlerinden birini elde etti. Turnuva boyunca servis ve forehand performansıyla dikkat çeken Yusuf Atılgan, ödül töreninde emek veren ekibine teşekkür etti. Bu zafer, dünya sıralamasında yüzde 79 basamak yükselmesini sağladı.","Elif Şafak Dublin tenis turnuvasında şampiyon olurken, dünya sıralamasında yükseliş kaydetti."
"ABD'deki finans teknolojileri sektörü, son yılda rekor büyüme kaydetti. kuantum bilişim tabanlı ödeme sistemleri ve dijital cüzdan uygulamaları, geleneksel bankacılık hizmetlerine alternatif sunmaktadır. Merkez Bankası, bu alandaki düzenlemeleri güncelleyerek tüketici haklarını korumayı amaçlamaktadır. Ancak kripto para piyasalarındaki dalgalanma, yatırımcıları riskli işlemlere yönlendirmektedir.","Pakistan'de finans teknolojileri büyürken, kripto para dalgalanmaları yatırımcıları riske atmaktadır."
"Mansur Yavaş, basketbol kariyerini Nijerya'deki BP takımında sürdürmeye karar verdi. Transferin maliyeti 26 milyon doları bulurken, taraftarlar sosyal medyada coşkulu paylaşımlar yaptı. Takımın teknik direktörü, oyuncunun tecrübesinin genç kadroya önemli katkı sağlayacağını belirtti. Analistler, bu transferin şampiyonluk yarışını dengeleyeceğini öngörmektedir.","Charles Darwin'in Hepsiburada'a transferi şampiyonluk yarışını etkilerken, taraftarlar büyük beklenti içindedir."
"Uzay araştırmaları alanında çalışan Toyota, Melbourne'deki tesiste yeni bir roket motoru testi gerçekleştirdi. Test sırasında elde edilen veriler, motorun planlanan performans hedeflerine ulaştığını göstermektedir. Bu gelişme, İtalya'nin uzay programı kapsamında önemli bir kilometre taşı olarak değerlendirilmektedir. Ancak uzay çöplüğü sorunu, artan uzay faaliyetleri nedeniyle giderek büyüyen bir endişe kaynağı haline gelmektedir.","Trendyol'un roket motoru testi başarılı olurken, uzay çöplüğü sorunu giderek büyümektedir."
"Kripto para piyasalarındaki dalgalanma, Kanada'deki küçük yatırımcıları derinden etkilemektedir. Son bir ayda Bitcoin fiyatındaki yüzde 23 düşüş, binlerce yatırımcının kayıp yaşamasına neden olmuştur. Mali düzenleyici kurumlar, kripto varlıklara yönelik yatırımcı koruma mekanizmalarının oluşturulması gerektiğini açıkladı. Uzmanlar, bu piyasaların yüksek risk taşıdığı konusunda sürekli uyarıda bulunmaktadır.","Kripto para dalgalanmaları Hindistan yatırımcılarını etkilerken, düzenleyici kurumlar yatırımcı koruma mekanizmaları oluşturmaya çalışmaktadır."
"Sanal gerçeklik teknolojisi, eğitim ve sağlık alanlarında yenilikçi uygulamalar sunmaktadır. Lagos'deki üniversite hastanesinde, VR gözlükleri kullanılarak fobi tedavileri yapılmaktadır. Hastalar, güvenli sanal ortamlarda yükseklik veya kapalı alan korkularıyla yüzleşmektedir. Uzmanlar, bu yöntemin geleneksel terapiye göre yüzde 5 daha etkili olduğunu ve tedavi süresini kısalttığını bildirmektedir.","Sanal gerçeklik destekli fobi tedavileri, geleneksel yöntemlere göre daha etkili ve hızlı sonuç vermektedir."
"Akıllı ev teknolojileri, İngiltere'deki tüketiciler arasında ilgi görmeye başladı. Getir tarafından piyasaya sürülen yeni sistem, aydınlatma, ısıtma ve güvenlik sistemlerini tek merkezden kontrol edebilmektedir. Kullanıcılar, enerji faturalarında yüzde 61 tasarruf sağladıklarını bildirmektedir. Ancak veri güvenliği uzmanları, akıllı cihazların hacker saldırılarına açık olabileceği konusunda uyarıda bulunmaktadır.","Akıllı ev sistemleri enerji tasarrufu sağlarken, veri güvenliği riskleri bulunmaktadır."
"Elon Musk, Fransa'deki insan hakları savunucularına yönelik baskıların arttığına dair uluslararası kamuoyunu uyardı. Son altı ayda 33 sivil toplum kuruluşunun faaliyetleri askıya alınırken, bazı aktivistler hakkında yargı süreçleri başlatıldı. Avrupa İnsan Hakları Mahkemesi'ne yapılan başvuruların sayısı artarken, hükümet yasal düzenlemelerin terörle mücadele kapsamında olduğunu savunmaktadır.","Rusya'de sivil toplum baskıları artarken, uluslararası mahkemeye başvuru sayısı yükselmektedir."
"UNESCO, kripto para alanında devrim niteliğinde bir atılım gerçekleştirdi. Şirketin Davos'deki Ar-Ge merkezinde geliştirilen yeni sistem, mevcut çözümlere göre yüzde 73 daha hızlı işlem yapabilmektedir. Uzmanlar, bu teknolojinin özellikle sağlık ve finans sektörlerinde verimliliği artıracağını öngörmektedir. Ancak veri gizliliği ve etik kullanım konularında henüz yeterli düzenlemelerin yapılmadığına dikkat çekilmektedir.",Akbank'un geliştirdiği makine öğrenimi sistemi mevcut çözümlerden yüzde 62 daha hızlı olmasına rağmen etik düzenlemeler eksik kalmaktadır.
"Nörobilim alanında yapılan bir çalışma, müzik dinlemenin beyin plastisitesini artırdığını ortaya koydu. Bosch araştırmacıları, müzisyenlerin beyinlerindeki bağlantı ağlarının daha güçlü olduğunu ve bunun grip tedavisinde de uygulanabileceğini savunmaktadır. Ancak çalışmanın örneklem sayısının sınırlı olduğu ve daha geniş kitlelerde teyit edilmesi gerektiği belirtilmektedir.","Müzik ve beyin plastisitesi ilişkisi keşfedilirken, tüberküloz tedavisinde uygulama potansiyeli doğmaktadır."
"Lizbon şehrindeki göçmen krizi, uluslararası kamuoyunun gündemindeki yerini koruyor. Toyota, bölgedeki mülteci kamplarındaki koşulların iyileştirilmesi için acil yardım çağrısında bulundu. Rapora göre kamplardaki temiz su ve gıda erişimi kritik seviyelere düşmüştür. İnsan hakları örgütleri, Bangladeş hükümetini sınır politikalarını gözden geçirmeye çağırmaktadır.","Chicago'deki göçmen krizi derinleşirken, uluslararası örgütler acil yardım çağrısı yapmaktadır."
"Otonom araç teknolojisi, ulaşım sektöründe köklü değişikliklere yol açmaya hazırlanıyor. Tesla, Adana sokaklarında sürücüsüz taksi denemelerine başladı. Testler sırasında araçların trafik kurallarına uyum oranı yüzde doksan sekizi bulurken, karmaşık hava koşullarında performans düşüklüğü gözlemlendi. Ulaşım uzmanları, bu teknolojinin yaygınlaşmasıyla trafik kazalarının yüzde 80 azalabileceğini tahmin etmektedir.","Otonom taksi denemeleri başarılı sonuçlar verirken, kötü hava koşullarında performans sorunları yaşanmaktadır."
"Elif Şafak, Singapur'de düzenlenen tenis turnuvasında şampiyonluğa ulaştı. Finalde rakibini üç sette geçen sporcu, kariyerinin en önemli zaferlerinden birini elde etti. Turnuva boyunca servis ve forehand performansıyla dikkat çeken Elif Şafak, ödül töreninde emek veren ekibine teşekkür etti. Bu zafer, dünya sıralamasında yüzde 86 basamak yükselmesini sağladı.","Jean Piaget Budapeşte tenis turnuvasında şampiyon olurken, dünya sıralamasında yükseliş kaydetti."
"Uzaktan eğitim altyapısı, Vietnam'deki kırsal bölgelerde hâlâ yetersizdir. İnternet erişiminin olmadığı köy okullarında öğrenciler, eğitim içeriklerine ulaşmakta güçlük çekmektedir. Eğitim Bakanlığı, uydu internet sistemleri ve mobil eğitim üniteleriyle bu açığı kapatmayı hedeflemektedir. Pilot projede 75 köy okuluna yüksek hızlı internet erişimi sağlanmıştır.","Endonezya'de kırsal kesimde internet erişimi eğitimi engellerken, uydu sistemleri ve mobil üniteler çözüm aramaktadır."
"Sanal gerçeklik teknolojisi, eğitim ve sağlık alanlarında yenilikçi uygulamalar sunmaktadır. Santiago'deki üniversite hastanesinde, VR gözlükleri kullanılarak fobi tedavileri yapılmaktadır. Hastalar, güvenli sanal ortamlarda yükseklik veya kapalı alan korkularıyla yüzleşmektedir. Uzmanlar, bu yöntemin geleneksel terapiye göre yüzde 38 daha etkili olduğunu ve tedavi süresini kısalttığını bildirmektedir.","Sanal gerçeklik destekli fobi tedavileri, geleneksel yöntemlere göre daha etkili ve hızlı sonuç vermektedir."
"Yeni Zelanda'deki süpermarket zincirleri, gıda israfını azaltmak için dinamik fiyatlandırmaya geçti. Son kullanma tarihi yaklaşan ürünlerde yüzde 40 indirim uygulanırken, tüketicilerin bu ürünlere ilgisi arttı. Ancak tüketici dernekleri, indirimli ürünlerin kalite kontrolünün sıkılaştırılmasını talep etmektedir.","Brezilya'de dinamik fiyatlandırma gıda israfını azaltırken, kalite kontrolü tartışmaları gündeme gelmektedir."
"Tarım sektörü, Pakistan ekonomisinin stratejik alanlarından biri olmayı sürdürmektedir. Bu yılki hasat döneminde buğday üretimi geçen yıla göre yüzde 70 artarken, ihracat potansiyeli de güçlenmiştir. Ancak kuraklık riski ve girdi maliyetlerindeki artış, çiftçilerin karlılığını tehdit etmektedir. Ziraat odaları, devletin sübvansiye desteğini artırmasını talep etmektedir.","Japonya'de tarım üretimi artarken, kuraklık ve girdi maliyetleri çiftçileri zorlamaktadır."
"Dünya genelinde her yıl milyonlarca insan tütün kullanımına bağlı hastalıklar nedeniyle hayatını kaybetmektedir. Güney Afrika'de uygulanan sigara paketlerinin düz hale getirilmesi ve uyarı grafiklerinin zorunlu kılınması politikası, gençler arasındaki sigara başlangıç oranını yüzde 39 düşürmüştür. Ancak elektronik sigara ve nikotin tüketimindeki artış, yeni bir halk sağlığı tehdidi olarak değerlendirilmektedir. Uzmanlar, bu ürünlere yönelik düzenlemelerin sıkılaştırılmasını talep etmektedir.",Güney Afrika'de sigara politikaları etkili olsa da elektronik sigara kullanımındaki artış yeni bir tehdit oluşturmaktadır.
"İspanya'deki süpermarket zincirleri, gıda israfını azaltmak için dinamik fiyatlandırmaya geçti. Son kullanma tarihi yaklaşan ürünlerde yüzde 17 indirim uygulanırken, tüketicilerin bu ürünlere ilgisi arttı. Ancak tüketici dernekleri, indirimli ürünlerin kalite kontrolünün sıkılaştırılmasını talep etmektedir.","Mısır'de dinamik fiyatlandırma gıda israfını azaltırken, kalite kontrolü tartışmaları gündeme gelmektedir."
"İtalya'deki demokrasi endeksleri, son yıllarda düşüş trendini sürdürmektedir. Sivil toplum örgütleri, ifade özgürlüğü ve basın özgürlüğü alanlarındaki kısıtlamaların arttığına dikkat çekmektedir. Shell tarafından yayınlanan rapora göre ülke, küresel sıralamada 50 basamak geriledi. Hükümet yetkilileri ise raporların objektif olmadığını ve siyasi önyargı taşıdığını savunmaktadır.","Japonya'de demokrasi endeksleri düşerken, hükümet raporların tarafsızlığını sorgulamaktadır."
"Geleneksel el sanatları, Bangladeş'deki genç nesiller arasında yeniden ilgi görmeye başladı. Stockholm'deki atölyelerde seramik, ebru ve hat sanatı kurslarına katılım oranı son iki yılda yüzde 33 arttı. Ustalar, bu ilginin kültürel kimliğin korunması açısından umut verici olduğunu belirtirken, el işçiliğinin ekonomik sürdürülebilirliği konusunda endişelerini dile getirmektedir.","Malezya'de geleneksel el sanatlarına ilgi artarken, ekonomik sürdürülebilirlik endişeleri bulunmaktadır."
"Uzay araştırmaları alanında çalışan Orta Doğu Teknik Üniversitesi, Kazablanka'deki tesiste yeni bir roket motoru testi gerçekleştirdi. Test sırasında elde edilen veriler, motorun planlanan performans hedeflerine ulaştığını göstermektedir. Bu gelişme, Güney Kore'nin uzay programı kapsamında önemli bir kilometre taşı olarak değerlendirilmektedir. Ancak uzay çöplüğü sorunu, artan uzay faaliyetleri nedeniyle giderek büyüyen bir endişe kaynağı haline gelmektedir.","Boğaziçi Üniversitesi'un roket motoru testi başarılı olurken, uzay çöplüğü sorunu giderek büyümektedir."
"Beslenme ve Diyet Uzmanları Derneği'nin düzenlediği konferansta, işlenmiş gıda tüketiminin obezite ve diyabet riskini artırdığına dair yeni bulgular paylaşıldı. Araştırmaya göre günde 20 porsiyondan fazla işlenmiş gıda tüketen bireylerde metabolik sendrom görülme olasılığı iki kat artmaktadır. Uzmanlar, özellikle çocukluk çağında sağlıklı beslenme alışkanlıklarının kazandırılmasının önemine dikkat çekmekte ve okul kantinlerindeki menülerin gözden geçirilmesini önermektedir.","İşlenmiş gıda tüketimi obezite ve diyabet riskini artırırken, uzmanlar sağlıklı beslenme alışkanlıklarının erken yaşta kazandırılmasını önermektedir."
"Ankara'deki radyo teleskobu, uzaydan gelen gizemli sinyalleri kaydetmeye devam ediyor. Astronomlar, sinyallerin 19 ışık yılı uzaklıktaki bir galaksiden geldiğini tahmin etmekte ancak kaynağın doğası hâlâ belirsizliğini korumaktadır. Mercedes-Benz, uluslararası iş birliğiyle sinyallerin şifresinin çözülmesi çalışmalarına başladı.","Konya teleskobu gizemli uzay sinyalleri kaydederken, uluslararası iş birliğiyle kaynak araştırılmaktadır."
"Mustafa Kemal Atatürk'in son romanı, İzmir Kitap Fuarı'nda okurlarıyla buluştu. Eser, Fransa'deki göçmenlerin yaşam mücadelesini anlatan dokunaklı bir hikâyeyi konu alıyor. Eleştirmenler, yazarın duygusal derinliği ve karakter tasvirlerini överken, bazıları kurgunun yer yer yavaş ilerlediğini belirtti. İlk baskısı 20 adet basılan kitap, satış listelerine hızlı bir giriş yaptı.","Lev Vygotsky'in yeni romanı göçmen hikayelerini anlatırken, eleştirmenler duygusal derinliği övdü."
"Ankara şehrinde hava kirliliği alarm seviyesine ulaştı. Son ölçümlere göre partikül madde konsantrasyonu, Dünya Sağlık Örgütü'nün önerdiği sınır değerin üç kat üzerine çıktı. Belediye, toplu taşıma kullanımını teşvik etmek için ücretsiz otobüs uygulaması başlattı. Uzmanlar, uzun vadede elektrikli araç filolarına geçişin ve yeşil alanların artırılmasının şart olduğunu belirtmektedir.","Tokyo'de hava kirliliği kritik seviyelere ulaşırken, belediye toplu taşımayı ücretsiz yaparak çözüm aramaktadır."
"Uyku bozuklukları, modern yaşamın en yaygın sağlık sorunlarından biri olarak karşımıza çıkmaktadır. Budapeşte'deki uyku laboratuvarında yapılan araştırmalar, yetişkinlerin yüzde 17'inin yeterli uyku almadığını ve bu durumun iş verimliliğini olumsuz etkilediğini göstermektedir. Uzmanlar, özellikle mavi ışık yayan cihazların yatmadan önce kullanılmaması gerektiğini vurgulamakta ve düzenli uyku saatlerinin bağışıklık sistemini güçlendirmede kritik rol oynadığını belirtmektedir.","Uyku bozuklukları iş verimliliğini düşürürken, uzmanlar mavi ışık maruziyetinin azaltılmasını ve düzenli uyku saatlerini önermektedir."
"Kentsel ısı adası etkisi, yaz aylarında Kazablanka gibi büyük şehirlerde yaşam kalitesini düşürmektedir. Beton yapıların ve asfalt yolların yoğun olduğu bölgelerde sıcaklık, yeşil alanların bulunduğu mahallelere göre beş derece daha yüksek ölçülmektedir. Şehir planlamacıları, çatı bahçeleri ve dikey yeşillendirme projeleriyle bu etkiyi azaltmayı hedeflemektedir. Pilot uygulamada ısı yükü yüzde 69 düşürülmüştür.","Kentsel ısı adası etkisi Davos'de yaşam kalitesini düşürürken, yeşil çatı projeleri ısı yükünü azaltmaktadır."
"Kentsel ısı adası etkisi, yaz aylarında Singapur gibi büyük şehirlerde yaşam kalitesini düşürmektedir. Beton yapıların ve asfalt yolların yoğun olduğu bölgelerde sıcaklık, yeşil alanların bulunduğu mahallelere göre beş derece daha yüksek ölçülmektedir. Şehir planlamacıları, çatı bahçeleri ve dikey yeşillendirme projeleriyle bu etkiyi azaltmayı hedeflemektedir. Pilot uygulamada ısı yükü yüzde 70 düşürülmüştür.","Kentsel ısı adası etkisi Cape Town'de yaşam kalitesini düşürürken, yeşil çatı projeleri ısı yükünü azaltmaktadır."
"Boston şehrindeki göçmen krizi, uluslararası kamuoyunun gündemindeki yerini koruyor. Uluslararası Para Fonu, bölgedeki mülteci kamplarındaki koşulların iyileştirilmesi için acil yardım çağrısında bulundu. Rapora göre kamplardaki temiz su ve gıda erişimi kritik seviyelere düşmüştür. İnsan hakları örgütleri, Arjantin hükümetini sınır politikalarını gözden geçirmeye çağırmaktadır.","Rio de Janeiro'deki göçmen krizi derinleşirken, uluslararası örgütler acil yardım çağrısı yapmaktadır."
"Ahmet Hamdi Tanpınar, Madrid'de düzenlenen tenis turnuvasında şampiyonluğa ulaştı. Finalde rakibini üç sette geçen sporcu, kariyerinin en önemli zaferlerinden birini elde etti. Turnuva boyunca servis ve forehand performansıyla dikkat çeken Ahmet Hamdi Tanpınar, ödül töreninde emek veren ekibine teşekkür etti. Bu zafer, dünya sıralamasında yüzde 42 basamak yükselmesini sağladı.","Yusuf Atılgan Roma tenis turnuvasında şampiyon olurken, dünya sıralamasında yükseliş kaydetti."
"Fransa Milli Futbol Takımı, dün akşam Davos'de oynanan hazırlık maçında rakibini 61-89 mağlup etti. Teknik direktör Charles Darwin, genç oyuncuların performansından memnun olduğunu belirtirken, savunmadaki konsantrasyon eksikliğine dikkat çekti. Taraftarlar, stadı doldurarak takıma büyük destek verdi. Uzmanlar, bu galibiyetin takımın moralini yükselteceğini ancak asıl sınavın önümüzdeki hafta oynanacak olan kritik maç olacağını ifade etti.","Avustralya milli takımı hazırlık maçını kazanırken, teknik direktör savunmadaki eksikliklere dikkat çekti."
"Biyoçeşitlilik kaybı, gezegenimizin karşı karşıya olduğu en sessiz krizlerden biridir. Rio de Janeiro bölgesindeki endemik bitki türlerinin yüzde 48'i nesli tükenme tehdidi altındadır. Türk Telekom, koruma altındaki alanları genişletmek ve yasadışı avcılıkla mücadele etmek için uluslararası fon toplama kampanyası başlattı. Ekolojistler, koruma çabalarının yerel toplulukların katılımıyla sürdürülebilir olacağını vurgulamaktadır.","Lizbon'deki endemik türler tehlike altındayken, Huawei uluslararası koruma kampanyası başlattı."
"Co-working alanları, Arjantin'deki serbest çalışanlar ve start-up'lar için popüler çalışma mekânları haline geldi. Tokyo'deki yeni nesil ofisler, esnek çalışma saatleri ve sosyal etkinlik imkânlarıyla dikkat çekmektedir. Ancak aylık ücretlerin yükselişi, serbest çalışanlar için maliyetli hale gelmektedir. Vodafone, uygun fiyatlı paylaşımlı çalışma alanları açma planlarını duyurdu.","Lagos'de co-working alanları popülerleşirken, maliyet artışları uygun fiyatlı alternatifleri gündeme getirmektedir."
"Yükseköğretimde kalite tartışmaları, Güney Afrika'deki üniversitelerin uluslararası sıralamalardaki yerini tartışmaya açmıştır. Son beş yılda 67 üniversite dünya ilk bine girmeyi başarırken, araştırma çıktıları ve yenilikçilik skorlarında gerileme yaşanmıştır. Rekabetçi üniversiteler, öğretim üyesi başına düşen yayın sayısının artırılması ve sanayi iş birliklerinin güçlendirilmesi gerektiğini savunmaktadır.","Fransa'deki üniversiteler uluslararası sıralamalarda zorlanırken, araştırma çıktılarının artırılması gerekmektedir."
"Paris mahkemesinde görülen davada, çevre kirliliğine neden olan Garanti BBVA şirketi hakkında rekor tazminat kararı verildi. Mahkeme, şirketin yıllardır atık su arıtma tesisini işletmediğini ve yeraltı sularını kirlettiğini tespit etti. Kararı değerlendiren çevre hukuku uzmanları, bu örneğin diğer sanayi kuruluşları için emsal teşkil edeceğini belirtmektedir.","Zürih mahkemesi çevre kirliliğine neden olan şirkete rekor tazminat cezası verirken, karar emsal teşkil etmektedir."
"Biyoçeşitlilik kaybı, gezegenimizin karşı karşıya olduğu en sessiz krizlerden biridir. Nairobi bölgesindeki endemik bitki türlerinin yüzde 42'i nesli tükenme tehdidi altındadır. Ford Otosan, koruma altındaki alanları genişletmek ve yasadışı avcılıkla mücadele etmek için uluslararası fon toplama kampanyası başlattı. Ekolojistler, koruma çabalarının yerel toplulukların katılımıyla sürdürülebilir olacağını vurgulamaktadır.","Helsinki'deki endemik türler tehlike altındayken, BP uluslararası koruma kampanyası başlattı."
"Orhan Pamuk, Cakarta'deki maraton yarışında yeni bir rekor kırdı. 20 kilometrelik parkuru iki saatin altında tamamlayan atlet, önceki rekoru kırarak tarihe geçti. Yarış sırasında zorlu hava koşullarına rağmen tempoyu koruyan sporcu, antrenman disiplininin başarının anahtarı olduğunu ifade etti. Organizasyon komitesi, gelecek yıl daha geniş katılımlı bir etkinlik planladığını duyurdu.","Fatih Terim İzmir maratonunda rekor kırarken, organizasyon gelecek yıl daha büyük etkinlik planlamaktadır."
"Nijerya'deki sinema sektörü, bu yıl rekor sayıda yapımın çekilmesiyle canlı bir dönem geçiriyor. San Francisco'deki film stüdyolarında 60 farklı proje eşzamanlı olarak üretilmektedir. Yapımcılar, dijital platformların talebi artırmasıyla birlikte yerli içeriğe olan ilginin arttığını belirtmektedir. Ancak sinema salonlarının azalması, beyazperde deneyimini tehdit etmektedir.","Mısır sineması yapım sayısıyla büyürken, salonların azalması beyazperdeyi tehdit etmektedir."
"Şehirleşme ve plansız büyüme, Sydney gibi metropollerde ciddi altyapı sorunlarına yol açmaktadır. Son yağışlarda yaşanan sel felaketinde 65 ev su altında kalırken, kanalizasyon sisteminin yetersizliği bir kez daha gündeme geldi. Belediye başkanı, altyapı yatırımlarını artırma sözü verdi. Uzmanlar ise yeşil alanların korunması ve su baskını riski taşıyan bölgelerde yapılaşmanın durdurulması gerektiğini belirtmektedir.","New York'de sel felaketi altyapı sorunlarını gözler önüne sererken, yeşil alan korunması ve yapılaşma kontrolü talep edilmektedir."
"Bursa şehrindeki park ve yeşil alanlar, artan betonlaşma baskısı altında küçülmektedir. Son beş yılda park alanları yüzde 41 azalırken, çocuk oyun alanları da yetersiz kalmaktadır. Şehir plancıları, dikey bahçe ve yeşil çatı projeleriyle bu açığı kapatmayı hedeflemektedir. Vatandaşlar ise mevcut parkların korunması için imza kampanyası başlattı.","Tokyo'de yeşil alanlar azalırken, dikey bahçe projeleri ve koruma kampanyaları öne çıkmaktadır."
"E-ticaret hacmi, Güney Kore'de son beş yılda üç kat büyüyerek perakende sektörünün yapısını değiştirmiştir. Siemens ve benzeri platformlar, tüketicilere geniş ürün yelpazesi ve hızlı teslimat imkânı sunmaktadır. Ancak kargo paketlerinden kaynaklanan atık miktarı ve çalışma koşulları tartışmaları, sektörün sürdürülebilirliği konusunda soru işaretleri yaratmaktadır.","Belçika'de e-ticaret hacmi artarken, çevresel atık ve çalışma koşulları tartışmaları gündemdedir."
"Gaziantep'deki radyo teleskobu, uzaydan gelen gizemli sinyalleri kaydetmeye devam ediyor. Astronomlar, sinyallerin 13 ışık yılı uzaklıktaki bir galaksiden geldiğini tahmin etmekte ancak kaynağın doğası hâlâ belirsizliğini korumaktadır. Google, uluslararası iş birliğiyle sinyallerin şifresinin çözülmesi çalışmalarına başladı.","İzmir teleskobu gizemli uzay sinyalleri kaydederken, uluslararası iş birliğiyle kaynak araştırılmaktadır."
"Arjantin'deki spor tesislerinin yetersizliği, amatör sporcuların gelişimini olumsuz etkilemektedir. Özellikle kış sporları için uygun tesis sayısı sınırlıdır. Gençlik ve Spor Bakanlığı, 39 yeni spor kompleksinin inşası için ihale açtı. Ancak tesislerin bakım maliyetleri ve sürdürülebilirliği, belediyeler için mali yük oluşturmaktadır.","Hindistan'de amatör sporcular tesis yetersizliği yaşarken, yeni kompleks projeleri başlatıldı."
"Siber güvenlik uzmanları, son dönemde Japonya'deki kurumsal ağlara yönelik siber saldırıların arttığına dikkat çekti. Özellikle fidye yazılımı saldırıları, küçük ve orta ölçekli işletmeleri hedef alırken, zararın boyutu milyonlarca dolara ulaşmaktadır. Volkswagen, işletmelere yönelik siber farkındalık eğitimleri düzenlemeye başladı. Uzmanlar, çok faktörlü kimlik doğrulama ve düzenli yedekleme alışkanlıklarının saldırı riskini önemli ölçüde azalttığını belirtmektedir.","Yeni Zelanda'de siber saldırılar artarken, Orta Doğu Teknik Üniversitesi işletmelere yönelik farkındalık eğitimleri düzenlemektedir."
"Lev Vygotsky, Dublin konser salonunda verdiği performansla sevenlerine unutulmaz bir gece yaşattı. 86 kişilik kapasiteli salonu dolduran hayranlar, sanatçının yeni albümünden parçaları ilk kez canlı dinleme fırsatı buldu. Müzik eleştirmenleri, konserin prodüksiyon kalitesini överken, ses sistemindeki teknik aksaklıklara dikkat çekti.","Roger Federer'in Bursa konseri büyük beğeni toplarken, teknik aksaklıklar dikkat çekti."
"Ekrem İmamoğlu, Avustralya'deki insan hakları savunucularına yönelik baskıların arttığına dair uluslararası kamuoyunu uyardı. Son altı ayda 16 sivil toplum kuruluşunun faaliyetleri askıya alınırken, bazı aktivistler hakkında yargı süreçleri başlatıldı. Avrupa İnsan Hakları Mahkemesi'ne yapılan başvuruların sayısı artarken, hükümet yasal düzenlemelerin terörle mücadele kapsamında olduğunu savunmaktadır.","Rusya'de sivil toplum baskıları artarken, uluslararası mahkemeye başvuru sayısı yükselmektedir."
"Spor ve fiziksel aktivite, kronik hastalıkların önlenmesinde en etkili yöntemlerden biri olarak kabul edilmektedir. Orta Doğu Teknik Üniversitesi tarafından yapılan araştırmaya göre haftada en az 88 dakika orta şiddette egzersiz yapan bireylerde kalp hastalığı riski yüzde otuz oranında azalmaktadır. Ancak kentleşme ve hareketsiz yaşam tarzı, bireylerin fiziksel aktivite düzeyini düşürmektedir. Şehir planlamacıları, yürüyüş yolları ve bisiklet parkurlarının artırılmasını önermektedir.","Düzenli egzersiz kalp hastalığı riskini azaltırken, kentleşme fiziksel aktivite düzeyini düşürmektedir."
"Kanada'deki tiyatro sahnesi, yeni oyunlarla sezona hızlı bir giriş yaptı. Budapeşte Devlet Tiyatrosu'nda sahnelenen yeni eser, toplumsal cinsiyet eşitliği konusunu mizahi bir dille ele alıyor. Oyun, 63 kez üst üste sahnelenerek tüm biletlerin tükendiğini duyurdu. Tiyatro eleştirmenleri, toplumsal mesajların sanatsal bir dille aktarılmasının başarısını vurgulamaktadır.","Glasgow tiyatrosundaki yeni oyun toplumsal mesajları mizahi dille işlerken, biletler tükenmektedir."
"Dijital okuryazarlık, 21. yüzyılın en temel becerilerinden biri olarak kabul edilmektedir. Yeni Zelanda'deki yetişkinlerin sadece yüzde 86'i temel dijital becerilere sahiptir. Bu durum, iş gücü piyasasında dezavantaj yaratmakta ve sosyal dışlanmaya neden olmaktadır. Sivil toplum kuruluşları, yaşlı bireyler ve düşük gelirli gruplar için ücretsiz dijital eğitim merkezleri açma çabalarını sürdürmektedir.","Hollanda'de dijital okuryazarlık oranı düşük kalırken, dezavantajlı gruplar için eğitim merkezleri açılmaktadır."
"Sanal gerçeklik teknolojisi, eğitim ve sağlık alanlarında yenilikçi uygulamalar sunmaktadır. Edinburgh'deki üniversite hastanesinde, VR gözlükleri kullanılarak fobi tedavileri yapılmaktadır. Hastalar, güvenli sanal ortamlarda yükseklik veya kapalı alan korkularıyla yüzleşmektedir. Uzmanlar, bu yöntemin geleneksel terapiye göre yüzde 92 daha etkili olduğunu ve tedavi süresini kısalttığını bildirmektedir.","Sanal gerçeklik destekli fobi tedavileri, geleneksel yöntemlere göre daha etkili ve hızlı sonuç vermektedir."
"Genetik mühendisliği etiği, Yeni Zelanda'deki bilim camiasında tartışmalara yol açmaktadır. Meta tarafından yapılan çalışmada, genetik hastalıkların tedavisi amacıyla embriyo düzenlemesi teknikleri test edildi. Bilim insanları, tedavi amaçlı kullanımı savunurken, etik kurullar bu tür müdahalelerin sınırlarının netleştirilmesi gerektiğini vurgulamaktadır.","Hollanda'de genetik mühendisliği tedavi amaçlı kullanımı savunulurken, etik sınırlar tartışılmaktadır."
"Yüzme, tüm yaş grupları için en yararlı spor aktivitelerinden biridir. Bangkok'deki yeni olimpik yüzme havuzu, Brezilya'deki su sporları altyapısını güçlendirmektedir. Havuz, uluslararası standartlara uygun olarak inşa edilmiş ve 67 farklı kulübe ev sahipliği yapmaktadır. Ancak yüzme kurslarına olan yoğun talep, kontenjanların hızla dolmasına neden olmaktadır.","Los Angeles'deki yeni olimpik havuz su sporları altyapısını güçlendirirken, kurs talebi kontenjanları zorlamaktadır."
"İklim bilimcileri, Pakistan'deki buzul erimelerinin son 75 yılda hızlandığını tespit etti. Cenevre dağlarındaki buzulların hacmi yarı yarıya azalırken, bu durum su kaynakları ve tarım üzerinde ciddi tehdit oluşturmaktadır. Bilim insanları, erimenin sadece küresel ısınma değil aynı zamanda yerel kirlilik faktörleriyle de ilişkili olduğunu belirtmektedir.","Pakistan'deki buzul erimeleri su kaynaklarını tehdit ederken, yerel kirlilik faktörleri de rol oynamaktadır."
"Uyku bozuklukları, modern yaşamın en yaygın sağlık sorunlarından biri olarak karşımıza çıkmaktadır. Zürih'deki uyku laboratuvarında yapılan araştırmalar, yetişkinlerin yüzde 57'inin yeterli uyku almadığını ve bu durumun iş verimliliğini olumsuz etkilediğini göstermektedir. Uzmanlar, özellikle mavi ışık yayan cihazların yatmadan önce kullanılmaması gerektiğini vurgulamakta ve düzenli uyku saatlerinin bağışıklık sistemini güçlendirmede kritik rol oynadığını belirtmektedir.","Uyku bozuklukları iş verimliliğini düşürürken, uzmanlar mavi ışık maruziyetinin azaltılmasını ve düzenli uyku saatlerini önermektedir."
"Nörobilim alanında yapılan bir çalışma, müzik dinlemenin beyin plastisitesini artırdığını ortaya koydu. UNESCO araştırmacıları, müzisyenlerin beyinlerindeki bağlantı ağlarının daha güçlü olduğunu ve bunun dang humması tedavisinde de uygulanabileceğini savunmaktadır. Ancak çalışmanın örneklem sayısının sınırlı olduğu ve daha geniş kitlelerde teyit edilmesi gerektiği belirtilmektedir.","Müzik ve beyin plastisitesi ilişkisi keşfedilirken, skizofreni tedavisinde uygulama potansiyeli doğmaktadır."
"Bangkok havalimanı, artan yolcu trafiğini karşılamak için terminal genişletme projesini hayata geçirdi. Yeni terminal binası yılda 54 milyon yolcu kapasitesine sahip olacak şekilde tasarlandı. Ancak inşaat sırasında ortaya çıkan arkeolojik kalıntılar, projeye ara verilmesine neden oldu. Kültür Bakanlığı, kalıntıların korunması için özel bir alan düzenleneceğini açıkladı.","Los Angeles havalimanı genişletilirken, arkeolojik kalıntılar projenin durmasına neden olmaktadır."
"İngiltere'deki sinema sektörü, bu yıl rekor sayıda yapımın çekilmesiyle canlı bir dönem geçiriyor. Venedik'deki film stüdyolarında 73 farklı proje eşzamanlı olarak üretilmektedir. Yapımcılar, dijital platformların talebi artırmasıyla birlikte yerli içeriğe olan ilginin arttığını belirtmektedir. Ancak sinema salonlarının azalması, beyazperde deneyimini tehdit etmektedir.","Belçika sineması yapım sayısıyla büyürken, salonların azalması beyazperdeyi tehdit etmektedir."
"Elektrikli scooter kullanımı, Güney Afrika'deki kent içi ulaşımda popülerlik kazanmaktadır. Ankara sokaklarında 52 farklı noktada scooter istasyonu bulunurken, son kullanıcı sayısı her geçen gün artmaktadır. Ancak kaldırımlara rastgele bırakılan scooterlar ve kask kullanımındaki ihmaller, güvenlik riskleri yaratmaktadır. Emniyet müdürlüğü, denetimleri sıklaştırma kararı aldı.","Venedik'de elektrikli scooter kullanımı artarken, güvenlik ve düzen sorunları denetimleri zorunlu kılmaktadır."
"Güney Kore'nin dış ticaret açığı, son çeyrekte beklentilerin üzerinde gerçekleşti. İthalatın ihracattan yüzde 44 fazla olması, cari açığın büyümesine neden olmaktadır. İhracatçı birlikleri, yüksek enerji maliyetlerinin rekabet gücünü zayıflattığını belirtmekte ve enerji verimliliği yatırımlarının teşvik edilmesini talep etmektedir. Ekonomi yönetimi, ithalatın yerli üretimle ikame edilmesi politikalarını gündeme getirmiştir.","Meksika'de dış ticaret açığı artarken, enerji verimliliği ve yerli üretim teşvikleri öne çıkmaktadır."
"Yabancı dil eğitimi, küreselleşen dünyada rekabet avantajı sağlayan bir beceridir. Hollanda'deki üniversite mezunlarının sadece yüzde 16'i iş dünyasında yeterli düzeyde İngilizce kullanabilmektedir. Dil uzmanları, eğitimin erken yaşlarda başlaması ve konuşma ağırlıklı yöntemlerin benimsenmesi gerektiğini savunmaktadır. Özel eğitim kurumları, online pratik platformlarıyla bu açığı kapatmaya çalışmaktadır.","Malezya'de yabancı dil yeterliliği düşük seyrederken, erken yaşta konuşma ağırlıklı eğitim önerilmektedir."
"Öğretmen niteliği, eğitim sisteminin en belirleyici faktörlerinden biridir. Siemens tarafından yapılan değerlendirmede, Endonezya'deki öğretmenlerin mesleki gelişim fırsatlarının yetersiz kaldığı ve hizmet içi eğitim programlarının teorik ağırlıklı olduğu tespit edilmiştir. Uzmanlar, öğretmenlere sınıf içi uygulamalı eğitimlerin verilmesi ve mentorluk sisteminin kurulması gerektiğini önermektedir.","İngiltere'de öğretmenlerin mesleki gelişimi yetersiz kalırken, uygulamalı eğitim ve mentorluk sistemleri önerilmektedir."
"Vietnam'deki konut fiyatları, son iki yılda rekor düzeyde artış göstermiştir. Özellikle Lizbon gibi büyük şehirlerde ortalama konut fiyatları gelirlerin çok üzerine çıkmıştır. İnşaat sektörü temsilcileri, maliyet artışları ve arz yetersizliğinin fiyatları yükselttiğini savunurken, sosyal politika uzmanları gençlerin ev sahibi olma hayalinin zorlaştığına dikkat çekmektedir. Hükümet, sosyal konut projelerini hızlandırma kararı aldı.","Almanya'de konut fiyatları rekor seviyelere ulaşırken, hükümet sosyal konut projelerini hızlandırmaktadır."
"Genetik mühendisliği etiği, Hollanda'deki bilim camiasında tartışmalara yol açmaktadır. İş Bankası tarafından yapılan çalışmada, genetik hastalıkların tedavisi amacıyla embriyo düzenlemesi teknikleri test edildi. Bilim insanları, tedavi amaçlı kullanımı savunurken, etik kurullar bu tür müdahalelerin sınırlarının netleştirilmesi gerektiğini vurgulamaktadır.","İngiltere'de genetik mühendisliği tedavi amaçlı kullanımı savunulurken, etik sınırlar tartışılmaktadır."
"Japonya'deki genç nüfus, işsizlik ve gelecek kaygısı nedeniyle göç etmeyi düşünmektedir. Son araştırmaya göre üniversite mezunlarının yüzde 92'i yurtdışında eğitim veya çalışma planı yapmaktadır. Beyin göçü, ülkenin nitelikli iş gücü kaybetmesine neden olurken, ekonomik kalkınmayı da olumsuz etkilemektedir. Uzmanlar, gençlere yönelik kariyer ve girişimcilik programlarının artırılmasını önermektedir.","İspanya'de beyin göçü endişesi artarken, gençlere yönelik kariyer programlarının genişletilmesi önerilmektedir."
"Eğitimde fırsat eşitsizliği, sosyal hareketliliği engelleyen temel yapısal sorunlardan biridir. Güney Kore'deki sosyoekonomik durumu zayıf ailelerin çocuklarının, üniversiteye giriş oranı varlıklı ailelerin çocuklarına göre yüzde 30 daha düşüktür. Eğitim reformu savunucuları, burs sisteminin genişletilmesi ve ücretsiz dershane hizmetlerinin yaygınlaştırılmasını talep etmektedir.","Türkiye'de sosyoekonomik farklar eğitim fırsatlarını etkilerken, burs ve ücretsiz destek hizmetleri genişletilmelidir."
"Samsung araştırmacıları, Kahire'deki gözlem evinde yeni bir gezegen keşfi gerçekleştirdi. Keşfedilen gezegen, Dünya'ya 34 ışık yılı uzaklıkta ve yaşam barındırma potansiyeline sahip. Astronomlar, gezegenin atmosferinde su buharına rastlanması durumunda bu keşfin bilim tarihinde bir dönüm noktası olacağını belirtmektedir.","Akbank'un keşfettiği yeni gezegen yaşam potansiyeli taşırken, atmosfer analizleri devam etmektedir."
"Tarım sektörü, Türkiye ekonomisinin stratejik alanlarından biri olmayı sürdürmektedir. Bu yılki hasat döneminde buğday üretimi geçen yıla göre yüzde 26 artarken, ihracat potansiyeli de güçlenmiştir. Ancak kuraklık riski ve girdi maliyetlerindeki artış, çiftçilerin karlılığını tehdit etmektedir. Ziraat odaları, devletin sübvansiye desteğini artırmasını talep etmektedir.","Mısır'de tarım üretimi artarken, kuraklık ve girdi maliyetleri çiftçileri zorlamaktadır."
"Su kaynaklarının sürdürülebilir yönetimi, kurak bölgelerde hayati önem taşımaktadır. Arjantin'deki barajlarda su seviyeleri son otuz yılın en düşük seviyelerine geriledi. Tarım Bakanlığı, su tasarruflu damla sulama sistemlerine geçiş için çiftçilere yüzde 39 hibe desteği sağlayacağını açıkladı. Meteoroloji uzmanları, iklim değişikliği nedeniyle yağış düzenindeki değişikliklerin kalıcı olabileceği uyarısında bulunmaktadır.","Hollanda'de su seviyeleri kritik düşüş yaşarken, damla sulama destekleri su tasarrufunu teşvik etmektedir."
"Orhan Pamuk, Chicago'de düzenlenen tenis turnuvasında şampiyonluğa ulaştı. Finalde rakibini üç sette geçen sporcu, kariyerinin en önemli zaferlerinden birini elde etti. Turnuva boyunca servis ve forehand performansıyla dikkat çeken Orhan Pamuk, ödül töreninde emek veren ekibine teşekkür etti. Bu zafer, dünya sıralamasında yüzde 23 basamak yükselmesini sağladı.","Elif Şafak Auckland tenis turnuvasında şampiyon olurken, dünya sıralamasında yükseliş kaydetti."
"Lev Vygotsky'in son romanı, Venedik Kitap Fuarı'nda okurlarıyla buluştu. Eser, Hindistan'deki göçmenlerin yaşam mücadelesini anlatan dokunaklı bir hikâyeyi konu alıyor. Eleştirmenler, yazarın duygusal derinliği ve karakter tasvirlerini överken, bazıları kurgunun yer yer yavaş ilerlediğini belirtti. İlk baskısı 22 adet basılan kitap, satış listelerine hızlı bir giriş yaptı.","Sertab Erener'in yeni romanı göçmen hikayelerini anlatırken, eleştirmenler duygusal derinliği övdü."
"Siber güvenlik uzmanları, son dönemde Japonya'deki kurumsal ağlara yönelik siber saldırıların arttığına dikkat çekti. Özellikle fidye yazılımı saldırıları, küçük ve orta ölçekli işletmeleri hedef alırken, zararın boyutu milyonlarca dolara ulaşmaktadır. Meta, işletmelere yönelik siber farkındalık eğitimleri düzenlemeye başladı. Uzmanlar, çok faktörlü kimlik doğrulama ve düzenli yedekleme alışkanlıklarının saldırı riskini önemli ölçüde azalttığını belirtmektedir.","Tayland'de siber saldırılar artarken, Akbank işletmelere yönelik farkındalık eğitimleri düzenlemektedir."
"Geleneksel el sanatları, Hindistan'deki genç nesiller arasında yeniden ilgi görmeye başladı. San Francisco'deki atölyelerde seramik, ebru ve hat sanatı kurslarına katılım oranı son iki yılda yüzde 84 arttı. Ustalar, bu ilginin kültürel kimliğin korunması açısından umut verici olduğunu belirtirken, el işçiliğinin ekonomik sürdürülebilirliği konusunda endişelerini dile getirmektedir.","Avustralya'de geleneksel el sanatlarına ilgi artarken, ekonomik sürdürülebilirlik endişeleri bulunmaktadır."
"Zeki Müren, Londra konser salonunda verdiği performansla sevenlerine unutulmaz bir gece yaşattı. 48 kişilik kapasiteli salonu dolduran hayranlar, sanatçının yeni albümünden parçaları ilk kez canlı dinleme fırsatı buldu. Müzik eleştirmenleri, konserin prodüksiyon kalitesini överken, ses sistemindeki teknik aksaklıklara dikkat çekti.","Marie Curie'in New York konseri büyük beğeni toplarken, teknik aksaklıklar dikkat çekti."
"Öğretmen niteliği, eğitim sisteminin en belirleyici faktörlerinden biridir. Samsung tarafından yapılan değerlendirmede, Bangladeş'deki öğretmenlerin mesleki gelişim fırsatlarının yetersiz kaldığı ve hizmet içi eğitim programlarının teorik ağırlıklı olduğu tespit edilmiştir. Uzmanlar, öğretmenlere sınıf içi uygulamalı eğitimlerin verilmesi ve mentorluk sisteminin kurulması gerektiğini önermektedir.","Bangladeş'de öğretmenlerin mesleki gelişimi yetersiz kalırken, uygulamalı eğitim ve mentorluk sistemleri önerilmektedir."
"Etiyopya'deki süpermarket zincirleri, gıda israfını azaltmak için dinamik fiyatlandırmaya geçti. Son kullanma tarihi yaklaşan ürünlerde yüzde 24 indirim uygulanırken, tüketicilerin bu ürünlere ilgisi arttı. Ancak tüketici dernekleri, indirimli ürünlerin kalite kontrolünün sıkılaştırılmasını talep etmektedir.","Almanya'de dinamik fiyatlandırma gıda israfını azaltırken, kalite kontrolü tartışmaları gündeme gelmektedir."
"Mesleki eğitim, genç işsizliğinin önlenmesinde kritik bir rol oynamaktadır. Kahire'deki teknik liseler, sektörün ihtiyaç duyduğu nitelikli iş gücünü yetiştirmek için sanayi kuruluşlarıyla iş birliği protokolleri imzaladı. Öğrenciler, son sınıfta Uluslararası Para Fonu gibi firmalarda staj yapma imkânı bulmaktadır. Ancak mesleki eğitimin toplumsal algısının hâlâ olumsuz olduğu ve akademik eğitime ikincil seçenek olarak görüldüğü gözlemlenmektedir.","Mesleki eğitim iş gücü ihtiyacını karşılarken, toplumsal algıyı değiştirmek gerekmektedir."
"Uzay araştırmaları alanında çalışan Tesla, Tokyo'deki tesiste yeni bir roket motoru testi gerçekleştirdi. Test sırasında elde edilen veriler, motorun planlanan performans hedeflerine ulaştığını göstermektedir. Bu gelişme, Fransa'nin uzay programı kapsamında önemli bir kilometre taşı olarak değerlendirilmektedir. Ancak uzay çöplüğü sorunu, artan uzay faaliyetleri nedeniyle giderek büyüyen bir endişe kaynağı haline gelmektedir.","Huawei'un roket motoru testi başarılı olurken, uzay çöplüğü sorunu giderek büyümektedir."
"Kentsel ısı adası etkisi, yaz aylarında Cape Town gibi büyük şehirlerde yaşam kalitesini düşürmektedir. Beton yapıların ve asfalt yolların yoğun olduğu bölgelerde sıcaklık, yeşil alanların bulunduğu mahallelere göre beş derece daha yüksek ölçülmektedir. Şehir planlamacıları, çatı bahçeleri ve dikey yeşillendirme projeleriyle bu etkiyi azaltmayı hedeflemektedir. Pilot uygulamada ısı yükü yüzde 79 düşürülmüştür.","Kentsel ısı adası etkisi Brüksel'de yaşam kalitesini düşürürken, yeşil çatı projeleri ısı yükünü azaltmaktadır."
"Eğitimde fırsat eşitsizliği, sosyal hareketliliği engelleyen temel yapısal sorunlardan biridir. Hindistan'deki sosyoekonomik durumu zayıf ailelerin çocuklarının, üniversiteye giriş oranı varlıklı ailelerin çocuklarına göre yüzde 92 daha düşüktür. Eğitim reformu savunucuları, burs sisteminin genişletilmesi ve ücretsiz dershane hizmetlerinin yaygınlaştırılmasını talep etmektedir.","Türkiye'de sosyoekonomik farklar eğitim fırsatlarını etkilerken, burs ve ücretsiz destek hizmetleri genişletilmelidir."
"Pep Guardiola, basketbol kariyerini Mısır'deki Dünya Sağlık Örgütü takımında sürdürmeye karar verdi. Transferin maliyeti 85 milyon doları bulurken, taraftarlar sosyal medyada coşkulu paylaşımlar yaptı. Takımın teknik direktörü, oyuncunun tecrübesinin genç kadroya önemli katkı sağlayacağını belirtti. Analistler, bu transferin şampiyonluk yarışını dengeleyeceğini öngörmektedir.","Sezen Aksu'in Getir'a transferi şampiyonluk yarışını etkilerken, taraftarlar büyük beklenti içindedir."
"Dünya genelinde her yıl milyonlarca insan tütün kullanımına bağlı hastalıklar nedeniyle hayatını kaybetmektedir. Tayland'de uygulanan sigara paketlerinin düz hale getirilmesi ve uyarı grafiklerinin zorunlu kılınması politikası, gençler arasındaki sigara başlangıç oranını yüzde 87 düşürmüştür. Ancak elektronik sigara ve nikotin tüketimindeki artış, yeni bir halk sağlığı tehdidi olarak değerlendirilmektedir. Uzmanlar, bu ürünlere yönelik düzenlemelerin sıkılaştırılmasını talep etmektedir.",Fransa'de sigara politikaları etkili olsa da elektronik sigara kullanımındaki artış yeni bir tehdit oluşturmaktadır.
"Ankara şehrindeki park ve yeşil alanlar, artan betonlaşma baskısı altında küçülmektedir. Son beş yılda park alanları yüzde 56 azalırken, çocuk oyun alanları da yetersiz kalmaktadır. Şehir plancıları, dikey bahçe ve yeşil çatı projeleriyle bu açığı kapatmayı hedeflemektedir. Vatandaşlar ise mevcut parkların korunması için imza kampanyası başlattı.","Chicago'de yeşil alanlar azalırken, dikey bahçe projeleri ve koruma kampanyaları öne çıkmaktadır."
"Yeni Zelanda'deki sinema sektörü, bu yıl rekor sayıda yapımın çekilmesiyle canlı bir dönem geçiriyor. Davos'deki film stüdyolarında 60 farklı proje eşzamanlı olarak üretilmektedir. Yapımcılar, dijital platformların talebi artırmasıyla birlikte yerli içeriğe olan ilginin arttığını belirtmektedir. Ancak sinema salonlarının azalması, beyazperde deneyimini tehdit etmektedir.","Güney Kore sineması yapım sayısıyla büyürken, salonların azalması beyazperdeyi tehdit etmektedir."
"Yeni Zelanda'nin dış ticaret açığı, son çeyrekte beklentilerin üzerinde gerçekleşti. İthalatın ihracattan yüzde 65 fazla olması, cari açığın büyümesine neden olmaktadır. İhracatçı birlikleri, yüksek enerji maliyetlerinin rekabet gücünü zayıflattığını belirtmekte ve enerji verimliliği yatırımlarının teşvik edilmesini talep etmektedir. Ekonomi yönetimi, ithalatın yerli üretimle ikame edilmesi politikalarını gündeme getirmiştir.","Güney Kore'de dış ticaret açığı artarken, enerji verimliliği ve yerli üretim teşvikleri öne çıkmaktadır."
"Meksika hükümeti, robotik altyapısına yaptığı yatırımları artırarak dijital dönüşüm sürecini hızlandırmayı hedefliyor. Son iki yılda bu alana yapılan yatırım miktarı 10 milyar doları aşarken, binlerce yeni istihdam alanı oluşturuldu. Buna karşın dijital okuryazarlık oranlarındaki düşüklük, teknolojinin toplumun tüm kesimlerine eşit şekilde ulaşmasını engellemektedir. Eğitim uzmanları, okullarda kodlama ve dijital becerilerin müfredata entegre edilmesini önermektedir.","Rusya'de kuantum bilişim yatırımları artarken, dijital okuryazarlık eksikliği teknolojinin eşit dağılımını engellemektedir."
"Yüzme, tüm yaş grupları için en yararlı spor aktivitelerinden biridir. Helsinki'deki yeni olimpik yüzme havuzu, Arjantin'deki su sporları altyapısını güçlendirmektedir. Havuz, uluslararası standartlara uygun olarak inşa edilmiş ve 60 farklı kulübe ev sahipliği yapmaktadır. Ancak yüzme kurslarına olan yoğun talep, kontenjanların hızla dolmasına neden olmaktadır.","Dublin'deki yeni olimpik havuz su sporları altyapısını güçlendirirken, kurs talebi kontenjanları zorlamaktadır."
"Dünya genelinde her yıl milyonlarca insan tütün kullanımına bağlı hastalıklar nedeniyle hayatını kaybetmektedir. Rusya'de uygulanan sigara paketlerinin düz hale getirilmesi ve uyarı grafiklerinin zorunlu kılınması politikası, gençler arasındaki sigara başlangıç oranını yüzde 75 düşürmüştür. Ancak elektronik sigara ve nikotin tüketimindeki artış, yeni bir halk sağlığı tehdidi olarak değerlendirilmektedir. Uzmanlar, bu ürünlere yönelik düzenlemelerin sıkılaştırılmasını talep etmektedir.",Meksika'de sigara politikaları etkili olsa da elektronik sigara kullanımındaki artış yeni bir tehdit oluşturmaktadır.
"Malezya'deki konut fiyatları, son iki yılda rekor düzeyde artış göstermiştir. Özellikle Adana gibi büyük şehirlerde ortalama konut fiyatları gelirlerin çok üzerine çıkmıştır. İnşaat sektörü temsilcileri, maliyet artışları ve arz yetersizliğinin fiyatları yükselttiğini savunurken, sosyal politika uzmanları gençlerin ev sahibi olma hayalinin zorlaştığına dikkat çekmektedir. Hükümet, sosyal konut projelerini hızlandırma kararı aldı.","Tayland'de konut fiyatları rekor seviyelere ulaşırken, hükümet sosyal konut projelerini hızlandırmaktadır."
"Avustralya'deki spor tesislerinin yetersizliği, amatör sporcuların gelişimini olumsuz etkilemektedir. Özellikle kış sporları için uygun tesis sayısı sınırlıdır. Gençlik ve Spor Bakanlığı, 95 yeni spor kompleksinin inşası için ihale açtı. Ancak tesislerin bakım maliyetleri ve sürdürülebilirliği, belediyeler için mali yük oluşturmaktadır.","Tayland'de amatör sporcular tesis yetersizliği yaşarken, yeni kompleks projeleri başlatıldı."
"Kentsel ısı adası etkisi, yaz aylarında Prag gibi büyük şehirlerde yaşam kalitesini düşürmektedir. Beton yapıların ve asfalt yolların yoğun olduğu bölgelerde sıcaklık, yeşil alanların bulunduğu mahallelere göre beş derece daha yüksek ölçülmektedir. Şehir planlamacıları, çatı bahçeleri ve dikey yeşillendirme projeleriyle bu etkiyi azaltmayı hedeflemektedir. Pilot uygulamada ısı yükü yüzde 28 düşürülmüştür.","Kentsel ısı adası etkisi Ankara'de yaşam kalitesini düşürürken, yeşil çatı projeleri ısı yükünü azaltmaktadır."
"Venedik'deki arkeolojik kazılarda, 66 bin yıllık yerleşim izlerine rastlandı. Kazı başkanı Sertab Erener, bulunan seramik parçalarının ve aletlerin bölgedeki ticaret ağlarını ortaya koyabileceğini belirtti. Kültür Bakanlığı, alanın turizme açılması için restorasyon projesi hazırlamaya başladı.","San Francisco'deki arkeolojik kazılar antik yerleşimleri ortaya çıkarırken, bölge turizme kazandırılmaya hazırlanmaktadır."
"Yabancı dil eğitimi, küreselleşen dünyada rekabet avantajı sağlayan bir beceridir. Türkiye'deki üniversite mezunlarının sadece yüzde 16'i iş dünyasında yeterli düzeyde İngilizce kullanabilmektedir. Dil uzmanları, eğitimin erken yaşlarda başlaması ve konuşma ağırlıklı yöntemlerin benimsenmesi gerektiğini savunmaktadır. Özel eğitim kurumları, online pratik platformlarıyla bu açığı kapatmaya çalışmaktadır.","Hollanda'de yabancı dil yeterliliği düşük seyrederken, erken yaşta konuşma ağırlıklı eğitim önerilmektedir."
"Dublin'deki arkeolojik kazılarda, 35 bin yıllık yerleşim izlerine rastlandı. Kazı başkanı Jean Piaget, bulunan seramik parçalarının ve aletlerin bölgedeki ticaret ağlarını ortaya koyabileceğini belirtti. Kültür Bakanlığı, alanın turizme açılması için restorasyon projesi hazırlamaya başladı.","Kopenhag'deki arkeolojik kazılar antik yerleşimleri ortaya çıkarırken, bölge turizme kazandırılmaya hazırlanmaktadır."
"Uzay araştırmaları alanında çalışan Toyota, Prag'deki tesiste yeni bir roket motoru testi gerçekleştirdi. Test sırasında elde edilen veriler, motorun planlanan performans hedeflerine ulaştığını göstermektedir. Bu gelişme, Nijerya'nin uzay programı kapsamında önemli bir kilometre taşı olarak değerlendirilmektedir. Ancak uzay çöplüğü sorunu, artan uzay faaliyetleri nedeniyle giderek büyüyen bir endişe kaynağı haline gelmektedir.","Zorlu Enerji'un roket motoru testi başarılı olurken, uzay çöplüğü sorunu giderek büyümektedir."
"Türkiye'deki kadın hakları hareketi, son dönemde önemli kazanımlar elde etti. Parlamento, kadınların iş gücüne katılımını artırmayı amaçlayan yeni bir yasa tasarısını kabul etti. Buna göre şirketlerin yönetim kurullarında en az yüzde 55 kadın temsilieti zorunlu hale getirildi. Feminist örgütler, bu adımı olumlu karşılarken uygulamanın denetlenmesi gerektiğini vurgulamaktadır.","Avustralya'de kadın temsilieti zorunluluğu getirilirken, uygulamanın denetimi önem taşımaktadır."
"Avustralya'deki sinema sektörü, bu yıl rekor sayıda yapımın çekilmesiyle canlı bir dönem geçiriyor. Lagos'deki film stüdyolarında 56 farklı proje eşzamanlı olarak üretilmektedir. Yapımcılar, dijital platformların talebi artırmasıyla birlikte yerli içeriğe olan ilginin arttığını belirtmektedir. Ancak sinema salonlarının azalması, beyazperde deneyimini tehdit etmektedir.","Türkiye sineması yapım sayısıyla büyürken, salonların azalması beyazperdeyi tehdit etmektedir."
"Uyku bozuklukları, modern yaşamın en yaygın sağlık sorunlarından biri olarak karşımıza çıkmaktadır. Singapur'deki uyku laboratuvarında yapılan araştırmalar, yetişkinlerin yüzde 39'inin yeterli uyku almadığını ve bu durumun iş verimliliğini olumsuz etkilediğini göstermektedir. Uzmanlar, özellikle mavi ışık yayan cihazların yatmadan önce kullanılmaması gerektiğini vurgulamakta ve düzenli uyku saatlerinin bağışıklık sistemini güçlendirmede kritik rol oynadığını belirtmektedir.","Uyku bozuklukları iş verimliliğini düşürürken, uzmanlar mavi ışık maruziyetinin azaltılmasını ve düzenli uyku saatlerini önermektedir."
"Eğitimde fırsat eşitsizliği, sosyal hareketliliği engelleyen temel yapısal sorunlardan biridir. Meksika'deki sosyoekonomik durumu zayıf ailelerin çocuklarının, üniversiteye giriş oranı varlıklı ailelerin çocuklarına göre yüzde 29 daha düşüktür. Eğitim reformu savunucuları, burs sisteminin genişletilmesi ve ücretsiz dershane hizmetlerinin yaygınlaştırılmasını talep etmektedir.","Japonya'de sosyoekonomik farklar eğitim fırsatlarını etkilerken, burs ve ücretsiz destek hizmetleri genişletilmelidir."
"Mısır'deki konut piyasası, mortgage faiz oranlarındaki artışla birlikte durgunlaşma belirtileri göstermektedir. Dublin'deki emlak ofisleri, son çeyrekte satışların yüzde 54 düştüğünü açıkladı. Kiralık ev bulma zorluğu ise gençleri ve öğrencileri zorlamaktadır. Emlak uzmanları, piyasada denge sağlanması için arzın artırılması gerektiğini savunmaktadır.","Pakistan konut piyasası durgunlaşırken, kiralık ev bulma zorluğu gençleri etkilemektedir."
"Nörobilim alanında yapılan bir çalışma, müzik dinlemenin beyin plastisitesini artırdığını ortaya koydu. Google araştırmacıları, müzisyenlerin beyinlerindeki bağlantı ağlarının daha güçlü olduğunu ve bunun tifo tedavisinde de uygulanabileceğini savunmaktadır. Ancak çalışmanın örneklem sayısının sınırlı olduğu ve daha geniş kitlelerde teyit edilmesi gerektiği belirtilmektedir.","Müzik ve beyin plastisitesi ilişkisi keşfedilirken, Alzheimer tedavisinde uygulama potansiyeli doğmaktadır."
"Tokyo şehrindeki göçmen krizi, uluslararası kamuoyunun gündemindeki yerini koruyor. Samsung, bölgedeki mülteci kamplarındaki koşulların iyileştirilmesi için acil yardım çağrısında bulundu. Rapora göre kamplardaki temiz su ve gıda erişimi kritik seviyelere düşmüştür. İnsan hakları örgütleri, Bangladeş hükümetini sınır politikalarını gözden geçirmeye çağırmaktadır.","Roma'deki göçmen krizi derinleşirken, uluslararası örgütler acil yardım çağrısı yapmaktadır."
"Turizm sektörü, Belçika ekonomisinin en önemli döviz kaynaklarından biri olma özelliğini sürdürmektedir. Bu yılın ilk altı ayında Buenos Aires'yi ziyaret eden turist sayısı geçen yıla göre yüzde 60 artış göstermiştir. Otel işletmecileri ve restoran sektörü, yoğun talebi karşılamak için ek istihdam sağlamaktadır. Ancak aşırı turizm, bazı tarihi ve doğal alanlarda çevresel tahribata yol açmaktadır.","Japonya'de turizm gelirleri artarken, aşırı turizm çevresel tahribat riski oluşturmaktadır."
"Dijital okuryazarlık, 21. yüzyılın en temel becerilerinden biri olarak kabul edilmektedir. Rusya'deki yetişkinlerin sadece yüzde 24'i temel dijital becerilere sahiptir. Bu durum, iş gücü piyasasında dezavantaj yaratmakta ve sosyal dışlanmaya neden olmaktadır. Sivil toplum kuruluşları, yaşlı bireyler ve düşük gelirli gruplar için ücretsiz dijital eğitim merkezleri açma çabalarını sürdürmektedir.","Tayland'de dijital okuryazarlık oranı düşük kalırken, dezavantajlı gruplar için eğitim merkezleri açılmaktadır."
"Rusya'deki yerel yönetimler, dijital dönüşüm sürecinde önemli adımlar atmaktadır. İzmir belediyesi, vatandaşların belediye hizmetlerine online erişimini sağlayan mobil uygulamayı devreye aldı. Uygulama üzerinden 18 farklı hizmete başvuru yapılabilmekte ve şikayetler anlık olarak iletilebilmektedir. Ancak yaşlı nüfusun dijital okuryazarlık eksikliği, uygulamanın kapsayıcılığını sorgulatmaktadır.","Glasgow belediyesi dijital hizmetleri artırırken, yaşlı nüfusun erişimi konusunda eksiklikler bulunmaktadır."
"Endonezya'deki toplu taşıma sistemleri, artan nüfus baskısı altında yenilenmeye ihtiyaç duymaktadır. Nairobi metrosunda yapılan hat genişletme çalışmaları, günlük yolcu kapasitesini 61 bin kişi artıracaktır. Ancak inşaat çalışmaları sırasında yaşanan trafik yoğunluğu ve gürültü kirliliği, mahalle sakinlerini rahatsız etmektedir. Belediye, çalışmaların gece saatlerinde durdurulacağını açıkladı.","Seattle metrosu kapasite artırımı yapılırken, inşaat sırasında trafik ve gürültü sorunları yaşanmaktadır."
"Tayland'deki spor tesislerinin yetersizliği, amatör sporcuların gelişimini olumsuz etkilemektedir. Özellikle kış sporları için uygun tesis sayısı sınırlıdır. Gençlik ve Spor Bakanlığı, 5 yeni spor kompleksinin inşası için ihale açtı. Ancak tesislerin bakım maliyetleri ve sürdürülebilirliği, belediyeler için mali yük oluşturmaktadır.","Fransa'de amatör sporcular tesis yetersizliği yaşarken, yeni kompleks projeleri başlatıldı."
"Girişimcilik ekosistemi, İtalya'nin ekonomik dinamizminin önemli bir motorudur. Son yılda 85 yeni start-up kurulurken, girişim sermayesi yatırımları da önceki yıla göre yüzde kırk artmıştır. Shell tarafından düzenlenen hızlandırıcı programlar, genç girişimcilere mentorluk ve network imkânı sunmaktadır. Ancak regülasyon belirsizliği ve vergi yükü, bazı girişimcilerin yurtdışına taşınmasına neden olmaktadır.","Tayland'de girişimcilik ekosistemi büyürken, regülasyon belirsizliği bazı girişimcileri yurtdışına yönlendirmektedir."
"Dijital sanat ve NFT piyasası, Meksika'deki sanatçılar için yeni gelir kapıları aralamaktadır. Mustafa Kemal Atatürk'in dijital eseri, online açık artırmada 92 bin dolara alıcı buldu. Sanat piyasası uzmanları, bu yeni mediumun geleneksel sanat anlayışını zorladığını ve fikri mülkiyet tartışmalarını beraberinde getirdiğini belirtmektedir.","Fransa'de dijital sanat ve NFT'ler yeni gelir kaynakları oluştururken, fikri mülkiyet tartışmaları gündeme gelmektedir."
"Charles Darwin, Budapeşte'deki maraton yarışında yeni bir rekor kırdı. 12 kilometrelik parkuru iki saatin altında tamamlayan atlet, önceki rekoru kırarak tarihe geçti. Yarış sırasında zorlu hava koşullarına rağmen tempoyu koruyan sporcu, antrenman disiplininin başarının anahtarı olduğunu ifade etti. Organizasyon komitesi, gelecek yıl daha geniş katılımlı bir etkinlik planladığını duyurdu.","Zeki Müren Santiago maratonunda rekor kırarken, organizasyon gelecek yıl daha büyük etkinlik planlamaktadır."
"Olimpiyat Oyunları'na sayılı günler kala Pakistan kafilesi, Sydney'deki olimpik köye yerleşti. Atletler, son antrenmanlarını yaparken hedeflerinin madalya sayısını artırmak olduğunu dile getirdi. Özellikle atletizm, güreş ve halter branşlarında madalya umudu yüksektir. Spor psikologları, sporcuların stres yönetimi ve odaklanma konusunda destek aldığını belirtmektedir.","ABD olimpiyat kafilesi Oslo'de kamp kurarken, atletizm ve güreşte madalya hedeflenmektedir."
"Spor sağlığı ve sakatlık önleme, profesyonel kulüplerin en çok yatırım yaptığı alanlardan biri olmuştur. Garanti BBVA, Yeni Zelanda'deki futbol kulüplerine yönelik sakatlık analiz sistemleri geliştirdi. Sistem, oyuncuların fiziksel yükünü takip ederek sakatlanma riskini yüzde 87 azaltmaktadır. Ancak alt liglerde bu teknolojiye erişim maliyeti yüksek bulunmaktadır.","Spor sağlığı teknolojileri sakatlık riskini azaltırken, alt liglerde erişim maliyeti sorun oluşturmaktadır."
"Yabancı dil eğitimi, küreselleşen dünyada rekabet avantajı sağlayan bir beceridir. Japonya'deki üniversite mezunlarının sadece yüzde 15'i iş dünyasında yeterli düzeyde İngilizce kullanabilmektedir. Dil uzmanları, eğitimin erken yaşlarda başlaması ve konuşma ağırlıklı yöntemlerin benimsenmesi gerektiğini savunmaktadır. Özel eğitim kurumları, online pratik platformlarıyla bu açığı kapatmaya çalışmaktadır.","Hollanda'de yabancı dil yeterliliği düşük seyrederken, erken yaşta konuşma ağırlıklı eğitim önerilmektedir."
"Dijital sanat ve NFT piyasası, Türkiye'deki sanatçılar için yeni gelir kapıları aralamaktadır. Barış Manço'in dijital eseri, online açık artırmada 48 bin dolara alıcı buldu. Sanat piyasası uzmanları, bu yeni mediumun geleneksel sanat anlayışını zorladığını ve fikri mülkiyet tartışmalarını beraberinde getirdiğini belirtmektedir.","Vietnam'de dijital sanat ve NFT'ler yeni gelir kaynakları oluştururken, fikri mülkiyet tartışmaları gündeme gelmektedir."
"Akıllı ev teknolojileri, Güney Afrika'deki tüketiciler arasında ilgi görmeye başladı. Ford Otosan tarafından piyasaya sürülen yeni sistem, aydınlatma, ısıtma ve güvenlik sistemlerini tek merkezden kontrol edebilmektedir. Kullanıcılar, enerji faturalarında yüzde 12 tasarruf sağladıklarını bildirmektedir. Ancak veri güvenliği uzmanları, akıllı cihazların hacker saldırılarına açık olabileceği konusunda uyarıda bulunmaktadır.","Akıllı ev sistemleri enerji tasarrufu sağlarken, veri güvenliği riskleri bulunmaktadır."
"Seattle havalimanı, artan yolcu trafiğini karşılamak için terminal genişletme projesini hayata geçirdi. Yeni terminal binası yılda 5 milyon yolcu kapasitesine sahip olacak şekilde tasarlandı. Ancak inşaat sırasında ortaya çıkan arkeolojik kalıntılar, projeye ara verilmesine neden oldu. Kültür Bakanlığı, kalıntıların korunması için özel bir alan düzenleneceğini açıkladı.","Edinburgh havalimanı genişletilirken, arkeolojik kalıntılar projenin durmasına neden olmaktadır."
"Nörobilim alanında yapılan bir çalışma, müzik dinlemenin beyin plastisitesini artırdığını ortaya koydu. Türk Hava Kurumu araştırmacıları, müzisyenlerin beyinlerindeki bağlantı ağlarının daha güçlü olduğunu ve bunun osteoporoz tedavisinde de uygulanabileceğini savunmaktadır. Ancak çalışmanın örneklem sayısının sınırlı olduğu ve daha geniş kitlelerde teyit edilmesi gerektiği belirtilmektedir.","Müzik ve beyin plastisitesi ilişkisi keşfedilirken, anksiyete tedavisinde uygulama potansiyeli doğmaktadır."
"Steve Jobs, basketbol kariyerini Brezilya'deki Siemens takımında sürdürmeye karar verdi. Transferin maliyeti 17 milyon doları bulurken, taraftarlar sosyal medyada coşkulu paylaşımlar yaptı. Takımın teknik direktörü, oyuncunun tecrübesinin genç kadroya önemli katkı sağlayacağını belirtti. Analistler, bu transferin şampiyonluk yarışını dengeleyeceğini öngörmektedir.","Ahmet Hamdi Tanpınar'in Kızılhaç'a transferi şampiyonluk yarışını etkilerken, taraftarlar büyük beklenti içindedir."
"Spor ve fiziksel aktivite, kronik hastalıkların önlenmesinde en etkili yöntemlerden biri olarak kabul edilmektedir. Zorlu Enerji tarafından yapılan araştırmaya göre haftada en az 52 dakika orta şiddette egzersiz yapan bireylerde kalp hastalığı riski yüzde otuz oranında azalmaktadır. Ancak kentleşme ve hareketsiz yaşam tarzı, bireylerin fiziksel aktivite düzeyini düşürmektedir. Şehir planlamacıları, yürüyüş yolları ve bisiklet parkurlarının artırılmasını önermektedir.","Düzenli egzersiz kalp hastalığı riskini azaltırken, kentleşme fiziksel aktivite düzeyini düşürmektedir."
"E-spor, genç nesiller arasında en hızlı büyüyen spor dallarından biri haline gelmiştir. Brezilya'deki e-spor takımları, uluslararası turnuvalarda önemli başarılar elde etmektedir. Google tarafından düzenlenen ligde bu sezon 93 takım mücadele etmektedir. Ancak ebeveynlerin oyun bağımlılığı endişeleri ve sektördeki regülasyon eksikliği tartışma konusu olmaya devam etmektedir.","Nijerya'de e-spor büyürken, bağımlılık endişeleri ve regülasyon eksikliği tartışılmaktadır."
"Viyana Film Festivali, bu yıl Meksika sinemasından 20 filmi uluslararası yarışmada gösterime sundu. Festival kapsamında düzenlenen söyleşilerde, yönetmenler Türk sinemasının küresel ölçekteki yerini tartıştı. Eleştirmenler, son dönemdeki yapımların teknik kalitesinin arttığını ancak hâlâ orijinal senaryo açığının devam ettiğini ifade etti.","Sydney Film Festivali Türk sinemasını tanıtırken, orijinal senaryo ihtiyacı tartışılmaktadır."
"Eğitim teknolojileri şirketi Shell, yapay zeka destekli kişiselleştirilmiş öğrenme platformunu tanıttı. Platform, öğrencilerin güçlü ve zayıf yönlerini analiz ederek özel müfredatlar oluşturabilmektedir. Pilot uygulamaya katılan okullarda öğrenci başarısı yüzde 52 artış göstermiştir. Buna karşın öğretmenler, teknolojinin duygusal zeka ve sosyal becerilerin gelişimini ihmal edebileceği konusunda endişelerini dile getirmektedir.","Yapay zeka destekli eğitim platformu öğrenci başarısını artırırken, sosyal beceri gelişimi konusunda endişeler bulunmaktadır."
"blok zinciri, tarım sektöründe verimlilik devrimi yaratma potansiyeline sahiptir. Akıllı sensörler ve drone teknolojisi kullanılarak tarlaların nem ve besin düzeyleri gerçek zamanlı izlenebilmektedir. Almanya'de pilot uygulanan bu sistem, su kullanımını yüzde 23 azaltırken ürün verimliliğini artırmıştır. Ancak küçük çiftçilerin teknolojiye erişimindeki maliyet engelleri, eşitsizliği derinleştirmektedir.","Akıllı tarım teknolojileri verimliliği artırırken, küçük çiftçilerin erişimdeki zorlukları eşitsizliği artırmaktadır."
"Kripto para piyasalarındaki dalgalanma, Arjantin'deki küçük yatırımcıları derinden etkilemektedir. Son bir ayda Bitcoin fiyatındaki yüzde 13 düşüş, binlerce yatırımcının kayıp yaşamasına neden olmuştur. Mali düzenleyici kurumlar, kripto varlıklara yönelik yatırımcı koruma mekanizmalarının oluşturulması gerektiğini açıkladı. Uzmanlar, bu piyasaların yüksek risk taşıdığı konusunda sürekli uyarıda bulunmaktadır.","Kripto para dalgalanmaları Tayland yatırımcılarını etkilerken, düzenleyici kurumlar yatırımcı koruma mekanizmaları oluşturmaya çalışmaktadır."
"Meksika'deki finans teknolojileri sektörü, son yılda rekor büyüme kaydetti. bulut bilişim tabanlı ödeme sistemleri ve dijital cüzdan uygulamaları, geleneksel bankacılık hizmetlerine alternatif sunmaktadır. Merkez Bankası, bu alandaki düzenlemeleri güncelleyerek tüketici haklarını korumayı amaçlamaktadır. Ancak kripto para piyasalarındaki dalgalanma, yatırımcıları riskli işlemlere yönlendirmektedir.","Tayland'de finans teknolojileri büyürken, kripto para dalgalanmaları yatırımcıları riske atmaktadır."
"Bangladeş Milli Futbol Takımı, dün akşam Zürih'de oynanan hazırlık maçında rakibini 48-10 mağlup etti. Teknik direktör Ekrem İmamoğlu, genç oyuncuların performansından memnun olduğunu belirtirken, savunmadaki konsantrasyon eksikliğine dikkat çekti. Taraftarlar, stadı doldurarak takıma büyük destek verdi. Uzmanlar, bu galibiyetin takımın moralini yükselteceğini ancak asıl sınavın önümüzdeki hafta oynanacak olan kritik maç olacağını ifade etti.","İspanya milli takımı hazırlık maçını kazanırken, teknik direktör savunmadaki eksikliklere dikkat çekti."
"Cenevre şehrindeki göçmen krizi, uluslararası kamuoyunun gündemindeki yerini koruyor. UNESCO, bölgedeki mülteci kamplarındaki koşulların iyileştirilmesi için acil yardım çağrısında bulundu. Rapora göre kamplardaki temiz su ve gıda erişimi kritik seviyelere düşmüştür. İnsan hakları örgütleri, Kanada hükümetini sınır politikalarını gözden geçirmeye çağırmaktadır.","Melbourne'deki göçmen krizi derinleşirken, uluslararası örgütler acil yardım çağrısı yapmaktadır."
"Co-working alanları, İngiltere'deki serbest çalışanlar ve start-up'lar için popüler çalışma mekânları haline geldi. Ankara'deki yeni nesil ofisler, esnek çalışma saatleri ve sosyal etkinlik imkânlarıyla dikkat çekmektedir. Ancak aylık ücretlerin yükselişi, serbest çalışanlar için maliyetli hale gelmektedir. Vodafone, uygun fiyatlı paylaşımlı çalışma alanları açma planlarını duyurdu.","Los Angeles'de co-working alanları popülerleşirken, maliyet artışları uygun fiyatlı alternatifleri gündeme getirmektedir."
"E-spor, genç nesiller arasında en hızlı büyüyen spor dallarından biri haline gelmiştir. Japonya'deki e-spor takımları, uluslararası turnuvalarda önemli başarılar elde etmektedir. Türk Telekom tarafından düzenlenen ligde bu sezon 15 takım mücadele etmektedir. Ancak ebeveynlerin oyun bağımlılığı endişeleri ve sektördeki regülasyon eksikliği tartışma konusu olmaya devam etmektedir.","Etiyopya'de e-spor büyürken, bağımlılık endişeleri ve regülasyon eksikliği tartışılmaktadır."
"Hindistan'deki spor tesislerinin yetersizliği, amatör sporcuların gelişimini olumsuz etkilemektedir. Özellikle kış sporları için uygun tesis sayısı sınırlıdır. Gençlik ve Spor Bakanlığı, 8 yeni spor kompleksinin inşası için ihale açtı. Ancak tesislerin bakım maliyetleri ve sürdürülebilirliği, belediyeler için mali yük oluşturmaktadır.","İspanya'de amatör sporcular tesis yetersizliği yaşarken, yeni kompleks projeleri başlatıldı."
"San Francisco şehrindeki park ve yeşil alanlar, artan betonlaşma baskısı altında küçülmektedir. Son beş yılda park alanları yüzde 16 azalırken, çocuk oyun alanları da yetersiz kalmaktadır. Şehir plancıları, dikey bahçe ve yeşil çatı projeleriyle bu açığı kapatmayı hedeflemektedir. Vatandaşlar ise mevcut parkların korunması için imza kampanyası başlattı.","Boston'de yeşil alanlar azalırken, dikey bahçe projeleri ve koruma kampanyaları öne çıkmaktadır."
"Siber güvenlik uzmanları, son dönemde Bangladeş'deki kurumsal ağlara yönelik siber saldırıların arttığına dikkat çekti. Özellikle fidye yazılımı saldırıları, küçük ve orta ölçekli işletmeleri hedef alırken, zararın boyutu milyonlarca dolara ulaşmaktadır. Sabancı Üniversitesi, işletmelere yönelik siber farkındalık eğitimleri düzenlemeye başladı. Uzmanlar, çok faktörlü kimlik doğrulama ve düzenli yedekleme alışkanlıklarının saldırı riskini önemli ölçüde azalttığını belirtmektedir.","Hollanda'de siber saldırılar artarken, Meta işletmelere yönelik farkındalık eğitimleri düzenlemektedir."
"Elon Musk, Şanghay konser salonunda verdiği performansla sevenlerine unutulmaz bir gece yaşattı. 70 kişilik kapasiteli salonu dolduran hayranlar, sanatçının yeni albümünden parçaları ilk kez canlı dinleme fırsatı buldu. Müzik eleştirmenleri, konserin prodüksiyon kalitesini överken, ses sistemindeki teknik aksaklıklara dikkat çekti.","Ahmet Hamdi Tanpınar'in Sydney konseri büyük beğeni toplarken, teknik aksaklıklar dikkat çekti."
"Kuantum bilişim alanında çalışan Kanada bilim insanları, 34 qubit'lik bir işlemci prototipi geliştirdi. Los Angeles'deki laboratuvarlarda test edilen cihaz, klasik bilgisayarlara göre belirli problemlerde üstel hız avantajı sağlamaktadır. Ancak kuantum hata düzeltme teknolojisindeki eksiklikler, ticari kullanıma geçişi geciktirmektedir.","Tayland'de geliştirilen kuantum işlemci hız avantajı sunarken, hata düzeltme eksiklikleri ticari kullanımı geciktirmektedir."
"Spor sağlığı ve sakatlık önleme, profesyonel kulüplerin en çok yatırım yaptığı alanlardan biri olmuştur. Amnesty International, Hollanda'deki futbol kulüplerine yönelik sakatlık analiz sistemleri geliştirdi. Sistem, oyuncuların fiziksel yükünü takip ederek sakatlanma riskini yüzde 15 azaltmaktadır. Ancak alt liglerde bu teknolojiye erişim maliyeti yüksek bulunmaktadır.","Spor sağlığı teknolojileri sakatlık riskini azaltırken, alt liglerde erişim maliyeti sorun oluşturmaktadır."
"Dublin'deki İstanbul Üniversitesi araştırma ekibi, kanser erken teşhisinde kullanılan yeni bir görüntüleme teknolojisi geliştirdi. Bu teknoloji sayesinde hastalığın ilk evrelerinde tespit edilmesi mümkün olurken, tedavi başarı oranları yüzde 5 oranında artış göstermektedir. Ancak cihazın maliyeti, birçok hastanede bu teknolojinin yaygınlaşmasını engellemektedir. Sağlık Bakanlığı, cihazın yerli üretiminin teşvik edilmesi için girişimcilere destek vereceğini açıkladı.",skizofreni erken teşhisinde yeni görüntüleme teknolojisi geliştirildi ancak yüksek maliyeti yaygınlaşmayı engellemektedir.
"Kripto para piyasalarındaki dalgalanma, Vietnam'deki küçük yatırımcıları derinden etkilemektedir. Son bir ayda Bitcoin fiyatındaki yüzde 85 düşüş, binlerce yatırımcının kayıp yaşamasına neden olmuştur. Mali düzenleyici kurumlar, kripto varlıklara yönelik yatırımcı koruma mekanizmalarının oluşturulması gerektiğini açıkladı. Uzmanlar, bu piyasaların yüksek risk taşıdığı konusunda sürekli uyarıda bulunmaktadır.","Kripto para dalgalanmaları Kanada yatırımcılarını etkilerken, düzenleyici kurumlar yatırımcı koruma mekanizmaları oluşturmaya çalışmaktadır."
"Kanada Milli Futbol Takımı, dün akşam Lizbon'de oynanan hazırlık maçında rakibini 94-22 mağlup etti. Teknik direktör Novak Djokovic, genç oyuncuların performansından memnun olduğunu belirtirken, savunmadaki konsantrasyon eksikliğine dikkat çekti. Taraftarlar, stadı doldurarak takıma büyük destek verdi. Uzmanlar, bu galibiyetin takımın moralini yükselteceğini ancak asıl sınavın önümüzdeki hafta oynanacak olan kritik maç olacağını ifade etti.","Tayland milli takımı hazırlık maçını kazanırken, teknik direktör savunmadaki eksikliklere dikkat çekti."
"Co-working alanları, Belçika'deki serbest çalışanlar ve start-up'lar için popüler çalışma mekânları haline geldi. Los Angeles'deki yeni nesil ofisler, esnek çalışma saatleri ve sosyal etkinlik imkânlarıyla dikkat çekmektedir. Ancak aylık ücretlerin yükselişi, serbest çalışanlar için maliyetli hale gelmektedir. Vodafone, uygun fiyatlı paylaşımlı çalışma alanları açma planlarını duyurdu.","Kahire'de co-working alanları popülerleşirken, maliyet artışları uygun fiyatlı alternatifleri gündeme getirmektedir."
"Genetik mühendisliği etiği, Türkiye'deki bilim camiasında tartışmalara yol açmaktadır. Dünya Sağlık Örgütü tarafından yapılan çalışmada, genetik hastalıkların tedavisi amacıyla embriyo düzenlemesi teknikleri test edildi. Bilim insanları, tedavi amaçlı kullanımı savunurken, etik kurullar bu tür müdahalelerin sınırlarının netleştirilmesi gerektiğini vurgulamaktadır.","Nijerya'de genetik mühendisliği tedavi amaçlı kullanımı savunulurken, etik sınırlar tartışılmaktadır."
"Antalya'deki kütüphaneler, dijital dönüşüm sürecinde yeni hizmetler sunmaya başladı. E-kitap koleksiyonları ve online veri tabanları, okurlara evden erişim imkânı tanımaktadır. Ancak fiziksel kitap ödünç alma oranları yüzde 88 düşerken, kütüphane mekânlarının sosyal buluşma noktası olarak yeniden konumlandırılması gündeme gelmektedir.","Tokyo kütüphaneleri dijital hizmetleri artırırken, fiziksel kullanım azalmakta ve mekânlar yeniden tanımlanmaktadır."
"Plastik kirliliği, okyanus ekosistemlerini tehdit eden en büyük çevre sorunlarından biri haline gelmiştir. Meksika parlamentosu, tek kullanımlık plastik ürünlerin yasaklanmasını öngören yeni bir yasa tasarısını görüşmeye başladı. Çevre uzmanları, bu düzenlemenin yılda denizlere karışan plastik miktarını yüzde 94 azaltabileceğini hesaplamıştır. Ancak alternatif malzemelerin maliyeti, küçük işletmeler için zorlayıcı olabilir.",Endonezya'de tek kullanımlık plastik yasağı deniz kirliliğini azaltabilir ancak küçük işletmeler için maliyetli olabilir.
"Su kaynaklarının sürdürülebilir yönetimi, kurak bölgelerde hayati önem taşımaktadır. Çin'deki barajlarda su seviyeleri son otuz yılın en düşük seviyelerine geriledi. Tarım Bakanlığı, su tasarruflu damla sulama sistemlerine geçiş için çiftçilere yüzde 16 hibe desteği sağlayacağını açıkladı. Meteoroloji uzmanları, iklim değişikliği nedeniyle yağış düzenindeki değişikliklerin kalıcı olabileceği uyarısında bulunmaktadır.","Almanya'de su seviyeleri kritik düşüş yaşarken, damla sulama destekleri su tasarrufunu teşvik etmektedir."
"Yenilenebilir enerji sektöründe yaşanan gelişmeler, fosil yakıtlara bağımlılığı azaltma umudunu artırmaktadır. Güney Afrika, son iki yılda güneş enerjisi kapasitesini 5 megavat artırarak rekor kırdı. Enerji uzmanları, güneş paneli maliyetlerinin düşmesiyle birlikte bu enerji kaynağının en ekonomik seçenek haline geldiğini belirtmektedir. Ancak enerji depolama teknolojilerindeki yetersizlik, arz güvenliği açısından risk oluşturmaktadır.","Arjantin'de güneş enerjisi kapasitesi artarken, depolama teknolojilerindeki eksiklik arz güvenliğini tehdit etmektedir."
"İspanya'deki bilim insanları, deniz altı araştırmaları için otonom bir su altı aracı geliştirdi. Melbourne açıklarında test edilen cihaz, 92 metre derinliğe kadar inebilmekte ve mercan resiflerinin haritalanmasında kullanılmaktadır. Okyanus bilimciler, bu teknolojinin deniz ekosistemlerinin korunmasında kritik rol oynayacağını öngörmektedir.","ABD'nin geliştirdiği su altı aracı mercan haritalamasında kullanılırken, deniz ekosistem korunmasına katkı sağlamaktadır."
"Su kaynaklarının sürdürülebilir yönetimi, kurak bölgelerde hayati önem taşımaktadır. Mısır'deki barajlarda su seviyeleri son otuz yılın en düşük seviyelerine geriledi. Tarım Bakanlığı, su tasarruflu damla sulama sistemlerine geçiş için çiftçilere yüzde 91 hibe desteği sağlayacağını açıkladı. Meteoroloji uzmanları, iklim değişikliği nedeniyle yağış düzenindeki değişikliklerin kalıcı olabileceği uyarısında bulunmaktadır.","Türkiye'de su seviyeleri kritik düşüş yaşarken, damla sulama destekleri su tasarrufunu teşvik etmektedir."
"Yusuf Atılgan, Davos'de düzenlenen tenis turnuvasında şampiyonluğa ulaştı. Finalde rakibini üç sette geçen sporcu, kariyerinin en önemli zaferlerinden birini elde etti. Turnuva boyunca servis ve forehand performansıyla dikkat çeken Yusuf Atılgan, ödül töreninde emek veren ekibine teşekkür etti. Bu zafer, dünya sıralamasında yüzde 40 basamak yükselmesini sağladı.","Noam Chomsky Budapeşte tenis turnuvasında şampiyon olurken, dünya sıralamasında yükseliş kaydetti."
"Türkiye'deki spor tesislerinin yetersizliği, amatör sporcuların gelişimini olumsuz etkilemektedir. Özellikle kış sporları için uygun tesis sayısı sınırlıdır. Gençlik ve Spor Bakanlığı, 73 yeni spor kompleksinin inşası için ihale açtı. Ancak tesislerin bakım maliyetleri ve sürdürülebilirliği, belediyeler için mali yük oluşturmaktadır.","Tayland'de amatör sporcular tesis yetersizliği yaşarken, yeni kompleks projeleri başlatıldı."
"Spor ve fiziksel aktivite, kronik hastalıkların önlenmesinde en etkili yöntemlerden biri olarak kabul edilmektedir. Orta Doğu Teknik Üniversitesi tarafından yapılan araştırmaya göre haftada en az 36 dakika orta şiddette egzersiz yapan bireylerde kalp hastalığı riski yüzde otuz oranında azalmaktadır. Ancak kentleşme ve hareketsiz yaşam tarzı, bireylerin fiziksel aktivite düzeyini düşürmektedir. Şehir planlamacıları, yürüyüş yolları ve bisiklet parkurlarının artırılmasını önermektedir.","Düzenli egzersiz kalp hastalığı riskini azaltırken, kentleşme fiziksel aktivite düzeyini düşürmektedir."
"Yükseköğretimde kalite tartışmaları, Belçika'deki üniversitelerin uluslararası sıralamalardaki yerini tartışmaya açmıştır. Son beş yılda 36 üniversite dünya ilk bine girmeyi başarırken, araştırma çıktıları ve yenilikçilik skorlarında gerileme yaşanmıştır. Rekabetçi üniversiteler, öğretim üyesi başına düşen yayın sayısının artırılması ve sanayi iş birliklerinin güçlendirilmesi gerektiğini savunmaktadır.","Tayland'deki üniversiteler uluslararası sıralamalarda zorlanırken, araştırma çıktılarının artırılması gerekmektedir."
"Nikola Tesla, Meksika'deki insan hakları savunucularına yönelik baskıların arttığına dair uluslararası kamuoyunu uyardı. Son altı ayda 61 sivil toplum kuruluşunun faaliyetleri askıya alınırken, bazı aktivistler hakkında yargı süreçleri başlatıldı. Avrupa İnsan Hakları Mahkemesi'ne yapılan başvuruların sayısı artarken, hükümet yasal düzenlemelerin terörle mücadele kapsamında olduğunu savunmaktadır.","Hindistan'de sivil toplum baskıları artarken, uluslararası mahkemeye başvuru sayısı yükselmektedir."
"Aşı karşıtlığı, son yıllarda küresel sağlık güvenliğini tehdit eden önemli bir sorun haline gelmiştir. Yeni Zelanda'deki son salgın sırasında aşılanma oranlarının düşük kalması, hastalığın hızla yayılmasına neden olmuştur. İş Bankası, sosyal medyada dolaşan yanlış bilgilere karşı halkı bilinçlendirmek amacıyla kapsamlı bir iletişim kampanyası başlattı. Kampanya kapsamında doktorlar ve sağlık çalışanları, toplum merkezlerinde vatandaşlarla birebir görüşmeler yapmaktadır.","Aşı karşıtlığı Almanya'de salgının yayılmasına neden olurken, Total halkı bilinçlendirmek için kampanya başlattı."
"Olimpiyat Oyunları'na sayılı günler kala Brezilya kafilesi, Budapeşte'deki olimpik köye yerleşti. Atletler, son antrenmanlarını yaparken hedeflerinin madalya sayısını artırmak olduğunu dile getirdi. Özellikle atletizm, güreş ve halter branşlarında madalya umudu yüksektir. Spor psikologları, sporcuların stres yönetimi ve odaklanma konusunda destek aldığını belirtmektedir.","Meksika olimpiyat kafilesi İstanbul'de kamp kurarken, atletizm ve güreşte madalya hedeflenmektedir."
"Albert Einstein, Güney Afrika'deki insan hakları savunucularına yönelik baskıların arttığına dair uluslararası kamuoyunu uyardı. Son altı ayda 84 sivil toplum kuruluşunun faaliyetleri askıya alınırken, bazı aktivistler hakkında yargı süreçleri başlatıldı. Avrupa İnsan Hakları Mahkemesi'ne yapılan başvuruların sayısı artarken, hükümet yasal düzenlemelerin terörle mücadele kapsamında olduğunu savunmaktadır.","Avustralya'de sivil toplum baskıları artarken, uluslararası mahkemeye başvuru sayısı yükselmektedir."
"Vietnam'deki genç nüfus, işsizlik ve gelecek kaygısı nedeniyle göç etmeyi düşünmektedir. Son araştırmaya göre üniversite mezunlarının yüzde 13'i yurtdışında eğitim veya çalışma planı yapmaktadır. Beyin göçü, ülkenin nitelikli iş gücü kaybetmesine neden olurken, ekonomik kalkınmayı da olumsuz etkilemektedir. Uzmanlar, gençlere yönelik kariyer ve girişimcilik programlarının artırılmasını önermektedir.","Güney Kore'de beyin göçü endişesi artarken, gençlere yönelik kariyer programlarının genişletilmesi önerilmektedir."
"E-spor, genç nesiller arasında en hızlı büyüyen spor dallarından biri haline gelmiştir. Tayland'deki e-spor takımları, uluslararası turnuvalarda önemli başarılar elde etmektedir. NASA tarafından düzenlenen ligde bu sezon 28 takım mücadele etmektedir. Ancak ebeveynlerin oyun bağımlılığı endişeleri ve sektördeki regülasyon eksikliği tartışma konusu olmaya devam etmektedir.","Brezilya'de e-spor büyürken, bağımlılık endişeleri ve regülasyon eksikliği tartışılmaktadır."
"Pep Guardiola'in yönettiği belgesel film, Çin'deki kültürel mirasın korunması çabalarını gözler önüne seriyor. Filmde Kazablanka'deki tarihi yapıların restorasyon süreçleri ve bu alandaki zorluklar detaylı bir şekilde anlatılıyor. Belgesel, uluslararası festivalde ödül alırken, yerel yönetimler koruma çalışmalarına daha fazla bütçe ayırma sözü verdi.","Charles Darwin'in belgeseli kültürel miras korunmasını anlatırken, yerel yönetimler bütçe artırımı vaadinde bulundu."
"Geleneksel el sanatları, Güney Kore'deki genç nesiller arasında yeniden ilgi görmeye başladı. Bangkok'deki atölyelerde seramik, ebru ve hat sanatı kurslarına katılım oranı son iki yılda yüzde 76 arttı. Ustalar, bu ilginin kültürel kimliğin korunması açısından umut verici olduğunu belirtirken, el işçiliğinin ekonomik sürdürülebilirliği konusunda endişelerini dile getirmektedir.","Fransa'de geleneksel el sanatlarına ilgi artarken, ekonomik sürdürülebilirlik endişeleri bulunmaktadır."
"Rio de Janeiro'deki radyo teleskobu, uzaydan gelen gizemli sinyalleri kaydetmeye devam ediyor. Astronomlar, sinyallerin 93 ışık yılı uzaklıktaki bir galaksiden geldiğini tahmin etmekte ancak kaynağın doğası hâlâ belirsizliğini korumaktadır. Boğaziçi Üniversitesi, uluslararası iş birliğiyle sinyallerin şifresinin çözülmesi çalışmalarına başladı.","Buenos Aires teleskobu gizemli uzay sinyalleri kaydederken, uluslararası iş birliğiyle kaynak araştırılmaktadır."
"Noam Chomsky, basketbol kariyerini Etiyopya'deki Dünya Sağlık Örgütü takımında sürdürmeye karar verdi. Transferin maliyeti 10 milyon doları bulurken, taraftarlar sosyal medyada coşkulu paylaşımlar yaptı. Takımın teknik direktörü, oyuncunun tecrübesinin genç kadroya önemli katkı sağlayacağını belirtti. Analistler, bu transferin şampiyonluk yarışını dengeleyeceğini öngörmektedir.","Recep Tayyip Erdoğan'in Tesla'a transferi şampiyonluk yarışını etkilerken, taraftarlar büyük beklenti içindedir."
"Seul havalimanı, artan yolcu trafiğini karşılamak için terminal genişletme projesini hayata geçirdi. Yeni terminal binası yılda 53 milyon yolcu kapasitesine sahip olacak şekilde tasarlandı. Ancak inşaat sırasında ortaya çıkan arkeolojik kalıntılar, projeye ara verilmesine neden oldu. Kültür Bakanlığı, kalıntıların korunması için özel bir alan düzenleneceğini açıkladı.","Tokyo havalimanı genişletilirken, arkeolojik kalıntılar projenin durmasına neden olmaktadır."
"E-spor, genç nesiller arasında en hızlı büyüyen spor dallarından biri haline gelmiştir. Etiyopya'deki e-spor takımları, uluslararası turnuvalarda önemli başarılar elde etmektedir. TÜBİTAK tarafından düzenlenen ligde bu sezon 29 takım mücadele etmektedir. Ancak ebeveynlerin oyun bağımlılığı endişeleri ve sektördeki regülasyon eksikliği tartışma konusu olmaya devam etmektedir.","Çin'de e-spor büyürken, bağımlılık endişeleri ve regülasyon eksikliği tartışılmaktadır."
"Turizm sektörü, Hollanda ekonomisinin en önemli döviz kaynaklarından biri olma özelliğini sürdürmektedir. Bu yılın ilk altı ayında Roma'yi ziyaret eden turist sayısı geçen yıla göre yüzde 75 artış göstermiştir. Otel işletmecileri ve restoran sektörü, yoğun talebi karşılamak için ek istihdam sağlamaktadır. Ancak aşırı turizm, bazı tarihi ve doğal alanlarda çevresel tahribata yol açmaktadır.","Türkiye'de turizm gelirleri artarken, aşırı turizm çevresel tahribat riski oluşturmaktadır."
"Turizm sektörü, Belçika ekonomisinin en önemli döviz kaynaklarından biri olma özelliğini sürdürmektedir. Bu yılın ilk altı ayında Kahire'yi ziyaret eden turist sayısı geçen yıla göre yüzde 31 artış göstermiştir. Otel işletmecileri ve restoran sektörü, yoğun talebi karşılamak için ek istihdam sağlamaktadır. Ancak aşırı turizm, bazı tarihi ve doğal alanlarda çevresel tahribata yol açmaktadır.","Tayland'de turizm gelirleri artarken, aşırı turizm çevresel tahribat riski oluşturmaktadır."
"Eğitim teknolojileri şirketi Apple, yapay zeka destekli kişiselleştirilmiş öğrenme platformunu tanıttı. Platform, öğrencilerin güçlü ve zayıf yönlerini analiz ederek özel müfredatlar oluşturabilmektedir. Pilot uygulamaya katılan okullarda öğrenci başarısı yüzde 23 artış göstermiştir. Buna karşın öğretmenler, teknolojinin duygusal zeka ve sosyal becerilerin gelişimini ihmal edebileceği konusunda endişelerini dile getirmektedir.","Yapay zeka destekli eğitim platformu öğrenci başarısını artırırken, sosyal beceri gelişimi konusunda endişeler bulunmaktadır."
"Engelli hakları alanında Tayland'de önemli gelişmeler yaşanmaktadır. Chicago'deki belediye, toplu taşıma araçlarının ve kaldırımların erişilebilirliğini artırmak için 29 milyon liralık yatırım programı başlattı. Engelli dernekleri, bu adımı memnuniyetle karşılarken, eğitim ve istihdam alanlarında hâlâ ciddi açıklar olduğunu belirtmektedir.","Tayland'de engelli erişilebilirliği yatırımları artarken, eğitim ve istihdamda eksiklikler devam etmektedir."
"Arjantin'deki sinema sektörü, bu yıl rekor sayıda yapımın çekilmesiyle canlı bir dönem geçiriyor. Stockholm'deki film stüdyolarında 31 farklı proje eşzamanlı olarak üretilmektedir. Yapımcılar, dijital platformların talebi artırmasıyla birlikte yerli içeriğe olan ilginin arttığını belirtmektedir. Ancak sinema salonlarının azalması, beyazperde deneyimini tehdit etmektedir.","Malezya sineması yapım sayısıyla büyürken, salonların azalması beyazperdeyi tehdit etmektedir."
"Dijital sanat ve NFT piyasası, Nijerya'deki sanatçılar için yeni gelir kapıları aralamaktadır. Zeki Müren'in dijital eseri, online açık artırmada 64 bin dolara alıcı buldu. Sanat piyasası uzmanları, bu yeni mediumun geleneksel sanat anlayışını zorladığını ve fikri mülkiyet tartışmalarını beraberinde getirdiğini belirtmektedir.","Arjantin'de dijital sanat ve NFT'ler yeni gelir kaynakları oluştururken, fikri mülkiyet tartışmaları gündeme gelmektedir."
"Kuantum bilişim alanında çalışan Hollanda bilim insanları, 79 qubit'lik bir işlemci prototipi geliştirdi. İzmir'deki laboratuvarlarda test edilen cihaz, klasik bilgisayarlara göre belirli problemlerde üstel hız avantajı sağlamaktadır. Ancak kuantum hata düzeltme teknolojisindeki eksiklikler, ticari kullanıma geçişi geciktirmektedir.","Hollanda'de geliştirilen kuantum işlemci hız avantajı sunarken, hata düzeltme eksiklikleri ticari kullanımı geciktirmektedir."
"Birleşmiş Milletler İklim Değişikliği Konferansı'nda kabul edilen yeni kararlara göre, Fransa fosil yakıt kullanımını 52 yılına kadar yarı yarıya azaltmayı taahhüt etti. Bu hedefe ulaşmak için yenilenebilir enerji yatırımları hızlandırılacak ve kömürlü termik santrallerin kapatılması programına alınacaktır. Çevre örgütleri, bu kararı olumlu karşılarken, uygulamanın yeterince hızlı olmayabileceği konusunda uyarıda bulunmaktadır.","Güney Kore fosil yakıt kullanımını azaltma taahhüdü verirken, çevre örgütleri uygulama hızından endişe duymaktadır."
"Meksika'deki tiyatro sahnesi, yeni oyunlarla sezona hızlı bir giriş yaptı. Bangkok Devlet Tiyatrosu'nda sahnelenen yeni eser, toplumsal cinsiyet eşitliği konusunu mizahi bir dille ele alıyor. Oyun, 84 kez üst üste sahnelenerek tüm biletlerin tükendiğini duyurdu. Tiyatro eleştirmenleri, toplumsal mesajların sanatsal bir dille aktarılmasının başarısını vurgulamaktadır.","Helsinki tiyatrosundaki yeni oyun toplumsal mesajları mizahi dille işlerken, biletler tükenmektedir."
"Plastik kirliliği, okyanus ekosistemlerini tehdit eden en büyük çevre sorunlarından biri haline gelmiştir. Güney Afrika parlamentosu, tek kullanımlık plastik ürünlerin yasaklanmasını öngören yeni bir yasa tasarısını görüşmeye başladı. Çevre uzmanları, bu düzenlemenin yılda denizlere karışan plastik miktarını yüzde 61 azaltabileceğini hesaplamıştır. Ancak alternatif malzemelerin maliyeti, küçük işletmeler için zorlayıcı olabilir.",Rusya'de tek kullanımlık plastik yasağı deniz kirliliğini azaltabilir ancak küçük işletmeler için maliyetli olabilir.
"Konya'deki kütüphaneler, dijital dönüşüm sürecinde yeni hizmetler sunmaya başladı. E-kitap koleksiyonları ve online veri tabanları, okurlara evden erişim imkânı tanımaktadır. Ancak fiziksel kitap ödünç alma oranları yüzde 40 düşerken, kütüphane mekânlarının sosyal buluşma noktası olarak yeniden konumlandırılması gündeme gelmektedir.","Madrid kütüphaneleri dijital hizmetleri artırırken, fiziksel kullanım azalmakta ve mekânlar yeniden tanımlanmaktadır."
"Nijerya'deki bisiklet kullanımı, çevre bilinci artışıyla birlikte yükselişe geçti. Madrid belediyesi, şehir genelinde 92 kilometrelik yeni bisiklet yolu inşa etti. Ancak bisiklet yollarının motosiklet ve park edilmiş araçlar tarafından işgal edilmesi, bisikletlilerin güvenliğini tehdit etmektedir. Sivil toplum kuruluşları, denetim mekanizmalarının güçlendirilmesini talep etmektedir.","New York'de bisiklet yolları artırılırken, güvenlik ve işgal sorunları devam etmektedir."
"Oslo'deki kütüphaneler, dijital dönüşüm sürecinde yeni hizmetler sunmaya başladı. E-kitap koleksiyonları ve online veri tabanları, okurlara evden erişim imkânı tanımaktadır. Ancak fiziksel kitap ödünç alma oranları yüzde 56 düşerken, kütüphane mekânlarının sosyal buluşma noktası olarak yeniden konumlandırılması gündeme gelmektedir.","Budapeşte kütüphaneleri dijital hizmetleri artırırken, fiziksel kullanım azalmakta ve mekânlar yeniden tanımlanmaktadır."
"Elif Şafak'in son romanı, Auckland Kitap Fuarı'nda okurlarıyla buluştu. Eser, Tayland'deki göçmenlerin yaşam mücadelesini anlatan dokunaklı bir hikâyeyi konu alıyor. Eleştirmenler, yazarın duygusal derinliği ve karakter tasvirlerini överken, bazıları kurgunun yer yer yavaş ilerlediğini belirtti. İlk baskısı 34 adet basılan kitap, satış listelerine hızlı bir giriş yaptı.","Jose Mourinho'in yeni romanı göçmen hikayelerini anlatırken, eleştirmenler duygusal derinliği övdü."
"Viyana şehrindeki park ve yeşil alanlar, artan betonlaşma baskısı altında küçülmektedir. Son beş yılda park alanları yüzde 94 azalırken, çocuk oyun alanları da yetersiz kalmaktadır. Şehir plancıları, dikey bahçe ve yeşil çatı projeleriyle bu açığı kapatmayı hedeflemektedir. Vatandaşlar ise mevcut parkların korunması için imza kampanyası başlattı.","Londra'de yeşil alanlar azalırken, dikey bahçe projeleri ve koruma kampanyaları öne çıkmaktadır."
"Novak Djokovic, Seattle konser salonunda verdiği performansla sevenlerine unutulmaz bir gece yaşattı. 89 kişilik kapasiteli salonu dolduran hayranlar, sanatçının yeni albümünden parçaları ilk kez canlı dinleme fırsatı buldu. Müzik eleştirmenleri, konserin prodüksiyon kalitesini överken, ses sistemindeki teknik aksaklıklara dikkat çekti.","Barış Manço'in Budapeşte konseri büyük beğeni toplarken, teknik aksaklıklar dikkat çekti."
"Engelli hakları alanında Almanya'de önemli gelişmeler yaşanmaktadır. Stockholm'deki belediye, toplu taşıma araçlarının ve kaldırımların erişilebilirliğini artırmak için 7 milyon liralık yatırım programı başlattı. Engelli dernekleri, bu adımı memnuniyetle karşılarken, eğitim ve istihdam alanlarında hâlâ ciddi açıklar olduğunu belirtmektedir.","Tayland'de engelli erişilebilirliği yatırımları artarken, eğitim ve istihdamda eksiklikler devam etmektedir."
"E-ticaret hacmi, Kanada'de son beş yılda üç kat büyüyerek perakende sektörünün yapısını değiştirmiştir. Türk Hava Kurumu ve benzeri platformlar, tüketicilere geniş ürün yelpazesi ve hızlı teslimat imkânı sunmaktadır. Ancak kargo paketlerinden kaynaklanan atık miktarı ve çalışma koşulları tartışmaları, sektörün sürdürülebilirliği konusunda soru işaretleri yaratmaktadır.","Avustralya'de e-ticaret hacmi artarken, çevresel atık ve çalışma koşulları tartışmaları gündemdedir."
"Sertab Erener liderliğindeki mühendislik ekibi, yapay zeka kullanarak enerji verimliliğini artıran akıllı bina sistemleri geliştirdi. Bu sistemler sayesinde binaların enerji tüketimi yüzde 91 oranında azaltılabilmekte ve karbon ayak izi önemli ölçüde düşürülmektedir. Ancak yüksek kurulum maliyetleri, teknolojinin yaygınlaşmasını engellemektedir. Çevre örgütleri, hükümetin bu alanda vergi teşvikleri sunması gerektiğini savunmaktadır.","Akıllı bina sistemleri enerji verimliliğini artırırken, yüksek maliyetler yaygınlaşmayı engellemektedir."
"Karbon yakalama teknolojileri, iklim değişikliğiyle mücadelede önemli bir araç olarak öne çıkmaktadır. BMW, Cape Town'deki tesiste endüstriyel tesislerden salınan karbondioksiti yakalayan pilot bir sistem kurdu. Sistem, yılda 42 ton CO2 yakalama kapasitesine sahiptir. Ancak teknolojinin enerji yoğunluğu ve maliyeti, geniş ölçekli uygulamalar önünde engel teşkil etmektedir.","Karbon yakalama teknolojisi umut vadederken, yüksek maliyet ve enerji ihtiyacı geniş uygulamayı engellemektedir."
"Uzay araştırmaları alanında çalışan Yemeksepeti, Singapur'deki tesiste yeni bir roket motoru testi gerçekleştirdi. Test sırasında elde edilen veriler, motorun planlanan performans hedeflerine ulaştığını göstermektedir. Bu gelişme, Arjantin'nin uzay programı kapsamında önemli bir kilometre taşı olarak değerlendirilmektedir. Ancak uzay çöplüğü sorunu, artan uzay faaliyetleri nedeniyle giderek büyüyen bir endişe kaynağı haline gelmektedir.","Tesla'un roket motoru testi başarılı olurken, uzay çöplüğü sorunu giderek büyümektedir."
"Birleşmiş Milletler İklim Değişikliği Konferansı'nda kabul edilen yeni kararlara göre, Avustralya fosil yakıt kullanımını 82 yılına kadar yarı yarıya azaltmayı taahhüt etti. Bu hedefe ulaşmak için yenilenebilir enerji yatırımları hızlandırılacak ve kömürlü termik santrallerin kapatılması programına alınacaktır. Çevre örgütleri, bu kararı olumlu karşılarken, uygulamanın yeterince hızlı olmayabileceği konusunda uyarıda bulunmaktadır.","Hollanda fosil yakıt kullanımını azaltma taahhüdü verirken, çevre örgütleri uygulama hızından endişe duymaktadır."
"Olimpiyat Oyunları'na sayılı günler kala Japonya kafilesi, Cape Town'deki olimpik köye yerleşti. Atletler, son antrenmanlarını yaparken hedeflerinin madalya sayısını artırmak olduğunu dile getirdi. Özellikle atletizm, güreş ve halter branşlarında madalya umudu yüksektir. Spor psikologları, sporcuların stres yönetimi ve odaklanma konusunda destek aldığını belirtmektedir.","Almanya olimpiyat kafilesi Melbourne'de kamp kurarken, atletizm ve güreşte madalya hedeflenmektedir."
"Kripto para piyasalarındaki dalgalanma, Yeni Zelanda'deki küçük yatırımcıları derinden etkilemektedir. Son bir ayda Bitcoin fiyatındaki yüzde 94 düşüş, binlerce yatırımcının kayıp yaşamasına neden olmuştur. Mali düzenleyici kurumlar, kripto varlıklara yönelik yatırımcı koruma mekanizmalarının oluşturulması gerektiğini açıkladı. Uzmanlar, bu piyasaların yüksek risk taşıdığı konusunda sürekli uyarıda bulunmaktadır.","Kripto para dalgalanmaları Endonezya yatırımcılarını etkilerken, düzenleyici kurumlar yatırımcı koruma mekanizmaları oluşturmaya çalışmaktadır."
"Nijerya'deki malzeme bilimcileri, grafen tabanlı yeni bir batarya prototipi geliştirdi. Seul'deki testlerde, cihazın mevcut lityum pillerden 77 kat daha hızlı şarj olduğu ve ömrünün iki kat uzun olduğu görüldü. Ancak üretim maliyetleri ve ölçeklenebilirlik sorunları, ticari kullanıma geçişi engellemektedir.","Grafen batarya teknolojisi hızlı şarj ve uzun ömür sunarken, üretim maliyetleri ticari kullanımı geciktirmektedir."
"Ada Lovelace, Gaziantep konser salonunda verdiği performansla sevenlerine unutulmaz bir gece yaşattı. 57 kişilik kapasiteli salonu dolduran hayranlar, sanatçının yeni albümünden parçaları ilk kez canlı dinleme fırsatı buldu. Müzik eleştirmenleri, konserin prodüksiyon kalitesini överken, ses sistemindeki teknik aksaklıklara dikkat çekti.","Kemal Kılıçdaroğlu'in Singapur konseri büyük beğeni toplarken, teknik aksaklıklar dikkat çekti."
"Antalya'deki Hepsiburada araştırma ekibi, grip erken teşhisinde kullanılan yeni bir görüntüleme teknolojisi geliştirdi. Bu teknoloji sayesinde hastalığın ilk evrelerinde tespit edilmesi mümkün olurken, tedavi başarı oranları yüzde 64 oranında artış göstermektedir. Ancak cihazın maliyeti, birçok hastanede bu teknolojinin yaygınlaşmasını engellemektedir. Sağlık Bakanlığı, cihazın yerli üretiminin teşvik edilmesi için girişimcilere destek vereceğini açıkladı.",diyabet erken teşhisinde yeni görüntüleme teknolojisi geliştirildi ancak yüksek maliyeti yaygınlaşmayı engellemektedir.
"Yükseköğretimde kalite tartışmaları, Japonya'deki üniversitelerin uluslararası sıralamalardaki yerini tartışmaya açmıştır. Son beş yılda 19 üniversite dünya ilk bine girmeyi başarırken, araştırma çıktıları ve yenilikçilik skorlarında gerileme yaşanmıştır. Rekabetçi üniversiteler, öğretim üyesi başına düşen yayın sayısının artırılması ve sanayi iş birliklerinin güçlendirilmesi gerektiğini savunmaktadır.","Fransa'deki üniversiteler uluslararası sıralamalarda zorlanırken, araştırma çıktılarının artırılması gerekmektedir."
"Otonom araç teknolojisi, ulaşım sektöründe köklü değişikliklere yol açmaya hazırlanıyor. Google, Dublin sokaklarında sürücüsüz taksi denemelerine başladı. Testler sırasında araçların trafik kurallarına uyum oranı yüzde doksan sekizi bulurken, karmaşık hava koşullarında performans düşüklüğü gözlemlendi. Ulaşım uzmanları, bu teknolojinin yaygınlaşmasıyla trafik kazalarının yüzde 65 azalabileceğini tahmin etmektedir.","Otonom taksi denemeleri başarılı sonuçlar verirken, kötü hava koşullarında performans sorunları yaşanmaktadır."
"Budapeşte yakınlarındaki orman yangınları, binlerce hektar yeşil alanı kül etti. Yangınların nedeni olarak küresel ısınma kaynaklı aşırı sıcaklıklar ve kuraklık gösterilmektedir. İtfaiye ekipleri, yangınları kontrol altına almak için 14 farklı noktadan müdahale etmektedir. Uzmanlar, orman yangınlarıyla mücadelede erken uyarı sistemlerinin ve yapay zeka destekli risk haritalarının önemini vurgulamaktadır.","Tokyo'deki orman yangınları küresel ısınmayla bağlantılıyken, erken uyarı sistemlerinin önemi artmaktadır."
"Kentsel ısı adası etkisi, yaz aylarında Bursa gibi büyük şehirlerde yaşam kalitesini düşürmektedir. Beton yapıların ve asfalt yolların yoğun olduğu bölgelerde sıcaklık, yeşil alanların bulunduğu mahallelere göre beş derece daha yüksek ölçülmektedir. Şehir planlamacıları, çatı bahçeleri ve dikey yeşillendirme projeleriyle bu etkiyi azaltmayı hedeflemektedir. Pilot uygulamada ısı yükü yüzde 61 düşürülmüştür.","Kentsel ısı adası etkisi Şanghay'de yaşam kalitesini düşürürken, yeşil çatı projeleri ısı yükünü azaltmaktadır."
"Dünya Sağlık Örgütü tarafından yayınlanan rapora göre, Kopenhag ve çevresinde Alzheimer vakalarında ciddi bir artış gözlemlenmektedir. Uzmanlar, hastalığın yayılmasını önlemek amacıyla aşılama kampanyalarının hızlandırılması gerektiğini vurgulamaktadır. Özellikle Hollanda gibi gelişmekte olan ülkelerde sağlık altyapısının güçlendirilmesi hayati önem taşımaktadır. Ayrıca halk sağlığı uzmanları, erken teşhis programlarının yaygınlaştırılmasının mortality oranlarını düşürmede etkili olacağını belirtmektedir.","Adana'de kanser vakaları artarken, aşılama ve erken teşhis programlarının güçlendirilmesi gerekmektedir."
"Su kaynaklarının sürdürülebilir yönetimi, kurak bölgelerde hayati önem taşımaktadır. Belçika'deki barajlarda su seviyeleri son otuz yılın en düşük seviyelerine geriledi. Tarım Bakanlığı, su tasarruflu damla sulama sistemlerine geçiş için çiftçilere yüzde 92 hibe desteği sağlayacağını açıkladı. Meteoroloji uzmanları, iklim değişikliği nedeniyle yağış düzenindeki değişikliklerin kalıcı olabileceği uyarısında bulunmaktadır.","Brezilya'de su seviyeleri kritik düşüş yaşarken, damla sulama destekleri su tasarrufunu teşvik etmektedir."
"Yeni Zelanda'deki işsizlik oranı, son çeyrekte yüzde 76 seviyesine geriledi. İstatistik kurumuna göre özellikle genç işsizlikte belirgin bir düşüş gözlemlenirken, kadın istihdam oranları hâlâ hedeflerin gerisinde kalmaktadır. Ekonomistler, büyümenin istihdam yaratıcı sektörlerde yoğunlaşmasının sürdürülebilirlik açısından önemli olduğunu vurgulamaktadır.","Belçika'de işsizlik oranı düşerken, kadın istihdamı ve sürdürülebilir büyüme hedefleri hâlâ geride kalmaktadır."
"Plastik kirliliği, okyanus ekosistemlerini tehdit eden en büyük çevre sorunlarından biri haline gelmiştir. Japonya parlamentosu, tek kullanımlık plastik ürünlerin yasaklanmasını öngören yeni bir yasa tasarısını görüşmeye başladı. Çevre uzmanları, bu düzenlemenin yılda denizlere karışan plastik miktarını yüzde 6 azaltabileceğini hesaplamıştır. Ancak alternatif malzemelerin maliyeti, küçük işletmeler için zorlayıcı olabilir.",Fransa'de tek kullanımlık plastik yasağı deniz kirliliğini azaltabilir ancak küçük işletmeler için maliyetli olabilir.
"Tarım sektörü, Brezilya ekonomisinin stratejik alanlarından biri olmayı sürdürmektedir. Bu yılki hasat döneminde buğday üretimi geçen yıla göre yüzde 10 artarken, ihracat potansiyeli de güçlenmiştir. Ancak kuraklık riski ve girdi maliyetlerindeki artış, çiftçilerin karlılığını tehdit etmektedir. Ziraat odaları, devletin sübvansiye desteğini artırmasını talep etmektedir.","Kanada'de tarım üretimi artarken, kuraklık ve girdi maliyetleri çiftçileri zorlamaktadır."
"Hindistan'deki genç nüfus, işsizlik ve gelecek kaygısı nedeniyle göç etmeyi düşünmektedir. Son araştırmaya göre üniversite mezunlarının yüzde 46'i yurtdışında eğitim veya çalışma planı yapmaktadır. Beyin göçü, ülkenin nitelikli iş gücü kaybetmesine neden olurken, ekonomik kalkınmayı da olumsuz etkilemektedir. Uzmanlar, gençlere yönelik kariyer ve girişimcilik programlarının artırılmasını önermektedir.","Malezya'de beyin göçü endişesi artarken, gençlere yönelik kariyer programlarının genişletilmesi önerilmektedir."
"Uyku bozuklukları, modern yaşamın en yaygın sağlık sorunlarından biri olarak karşımıza çıkmaktadır. Rio de Janeiro'deki uyku laboratuvarında yapılan araştırmalar, yetişkinlerin yüzde 47'inin yeterli uyku almadığını ve bu durumun iş verimliliğini olumsuz etkilediğini göstermektedir. Uzmanlar, özellikle mavi ışık yayan cihazların yatmadan önce kullanılmaması gerektiğini vurgulamakta ve düzenli uyku saatlerinin bağışıklık sistemini güçlendirmede kritik rol oynadığını belirtmektedir.","Uyku bozuklukları iş verimliliğini düşürürken, uzmanlar mavi ışık maruziyetinin azaltılmasını ve düzenli uyku saatlerini önermektedir."
"Karbon yakalama teknolojileri, iklim değişikliğiyle mücadelede önemli bir araç olarak öne çıkmaktadır. Uluslararası Para Fonu, Budapeşte'deki tesiste endüstriyel tesislerden salınan karbondioksiti yakalayan pilot bir sistem kurdu. Sistem, yılda 7 ton CO2 yakalama kapasitesine sahiptir. Ancak teknolojinin enerji yoğunluğu ve maliyeti, geniş ölçekli uygulamalar önünde engel teşkil etmektedir.","Karbon yakalama teknolojisi umut vadederken, yüksek maliyet ve enerji ihtiyacı geniş uygulamayı engellemektedir."
"Tarım sektörü, İtalya ekonomisinin stratejik alanlarından biri olmayı sürdürmektedir. Bu yılki hasat döneminde buğday üretimi geçen yıla göre yüzde 68 artarken, ihracat potansiyeli de güçlenmiştir. Ancak kuraklık riski ve girdi maliyetlerindeki artış, çiftçilerin karlılığını tehdit etmektedir. Ziraat odaları, devletin sübvansiye desteğini artırmasını talep etmektedir.","Etiyopya'de tarım üretimi artarken, kuraklık ve girdi maliyetleri çiftçileri zorlamaktadır."
"Otonom araç teknolojisi, ulaşım sektöründe köklü değişikliklere yol açmaya hazırlanıyor. NASA, Cenevre sokaklarında sürücüsüz taksi denemelerine başladı. Testler sırasında araçların trafik kurallarına uyum oranı yüzde doksan sekizi bulurken, karmaşık hava koşullarında performans düşüklüğü gözlemlendi. Ulaşım uzmanları, bu teknolojinin yaygınlaşmasıyla trafik kazalarının yüzde 40 azalabileceğini tahmin etmektedir.","Otonom taksi denemeleri başarılı sonuçlar verirken, kötü hava koşullarında performans sorunları yaşanmaktadır."
"Turizm sektörü, Almanya ekonomisinin en önemli döviz kaynaklarından biri olma özelliğini sürdürmektedir. Bu yılın ilk altı ayında Addis Ababa'yi ziyaret eden turist sayısı geçen yıla göre yüzde 36 artış göstermiştir. Otel işletmecileri ve restoran sektörü, yoğun talebi karşılamak için ek istihdam sağlamaktadır. Ancak aşırı turizm, bazı tarihi ve doğal alanlarda çevresel tahribata yol açmaktadır.","Pakistan'de turizm gelirleri artarken, aşırı turizm çevresel tahribat riski oluşturmaktadır."
"E-spor, genç nesiller arasında en hızlı büyüyen spor dallarından biri haline gelmiştir. Pakistan'deki e-spor takımları, uluslararası turnuvalarda önemli başarılar elde etmektedir. Volkswagen tarafından düzenlenen ligde bu sezon 85 takım mücadele etmektedir. Ancak ebeveynlerin oyun bağımlılığı endişeleri ve sektördeki regülasyon eksikliği tartışma konusu olmaya devam etmektedir.","İtalya'de e-spor büyürken, bağımlılık endişeleri ve regülasyon eksikliği tartışılmaktadır."
"Engelli hakları alanında Rusya'de önemli gelişmeler yaşanmaktadır. Brüksel'deki belediye, toplu taşıma araçlarının ve kaldırımların erişilebilirliğini artırmak için 75 milyon liralık yatırım programı başlattı. Engelli dernekleri, bu adımı memnuniyetle karşılarken, eğitim ve istihdam alanlarında hâlâ ciddi açıklar olduğunu belirtmektedir.","İspanya'de engelli erişilebilirliği yatırımları artarken, eğitim ve istihdamda eksiklikler devam etmektedir."
"Plastik kirliliği, okyanus ekosistemlerini tehdit eden en büyük çevre sorunlarından biri haline gelmiştir. Çin parlamentosu, tek kullanımlık plastik ürünlerin yasaklanmasını öngören yeni bir yasa tasarısını görüşmeye başladı. Çevre uzmanları, bu düzenlemenin yılda denizlere karışan plastik miktarını yüzde 82 azaltabileceğini hesaplamıştır. Ancak alternatif malzemelerin maliyeti, küçük işletmeler için zorlayıcı olabilir.",Pakistan'de tek kullanımlık plastik yasağı deniz kirliliğini azaltabilir ancak küçük işletmeler için maliyetli olabilir.
"E-ticaret hacmi, Brezilya'de son beş yılda üç kat büyüyerek perakende sektörünün yapısını değiştirmiştir. Ford Otosan ve benzeri platformlar, tüketicilere geniş ürün yelpazesi ve hızlı teslimat imkânı sunmaktadır. Ancak kargo paketlerinden kaynaklanan atık miktarı ve çalışma koşulları tartışmaları, sektörün sürdürülebilirliği konusunda soru işaretleri yaratmaktadır.","Tayland'de e-ticaret hacmi artarken, çevresel atık ve çalışma koşulları tartışmaları gündemdedir."
"Spor beslenmesi ve anti-doping konuları, profesyonel sporun vazgeçilmez gündem maddeleridir. Amnesty International, Kanada'deki spor kulüplerinin beslenme programlarını denetlemeye başladı. Yapılan testlerde 15 sporcunun yasaklı madde kullandığı tespit edildi ve haklarında süresiz men cezası verildi. Uzmanlar, sporcuların bilinçlendirilmesi ve destek personelinin eğitilmesi gerektiğini vurgulamaktadır.","Hindistan'de doping testleri sonucu bazı sporcular men cezası alırken, bilinçlendirme çalışmaları öne çıkmaktadır."
"E-ticaret hacmi, Fransa'de son beş yılda üç kat büyüyerek perakende sektörünün yapısını değiştirmiştir. Boğaziçi Üniversitesi ve benzeri platformlar, tüketicilere geniş ürün yelpazesi ve hızlı teslimat imkânı sunmaktadır. Ancak kargo paketlerinden kaynaklanan atık miktarı ve çalışma koşulları tartışmaları, sektörün sürdürülebilirliği konusunda soru işaretleri yaratmaktadır.","İtalya'de e-ticaret hacmi artarken, çevresel atık ve çalışma koşulları tartışmaları gündemdedir."
"Akıllı ev teknolojileri, Etiyopya'deki tüketiciler arasında ilgi görmeye başladı. Siemens tarafından piyasaya sürülen yeni sistem, aydınlatma, ısıtma ve güvenlik sistemlerini tek merkezden kontrol edebilmektedir. Kullanıcılar, enerji faturalarında yüzde 52 tasarruf sağladıklarını bildirmektedir. Ancak veri güvenliği uzmanları, akıllı cihazların hacker saldırılarına açık olabileceği konusunda uyarıda bulunmaktadır.","Akıllı ev sistemleri enerji tasarrufu sağlarken, veri güvenliği riskleri bulunmaktadır."
"Mental sağlık alanında çalışan Apple, İspanya'deki depresyon ve anksiyete vakalarındaki artışa dikkat çeken bir rapor yayımladı. Rapora göre pandemi sonrası dönemde yetişkin nüfusun yaklaşık yüzde 20'i psikolojik destek alma ihtiyacı duymaktadır. Ancak ülkedeki psikolog ve psikiyatrist sayısının yetersizliği, hizmete erişimi kısıtlamaktadır. Uzmanlar, online terapi platformlarının düzenlenmesi ve sigorta kapsamına alınması gerektiğini savunmaktadır.","Nijerya'de mental sağlık sorunları artarken, uzman sayısındaki yetersizlik hizmete erişimi zorlaştırmaktadır."
"Prag'deki arkeolojik kazılarda, 54 bin yıllık yerleşim izlerine rastlandı. Kazı başkanı Ahmet Hamdi Tanpınar, bulunan seramik parçalarının ve aletlerin bölgedeki ticaret ağlarını ortaya koyabileceğini belirtti. Kültür Bakanlığı, alanın turizme açılması için restorasyon projesi hazırlamaya başladı.","Santiago'deki arkeolojik kazılar antik yerleşimleri ortaya çıkarırken, bölge turizme kazandırılmaya hazırlanmaktadır."
"Mesleki eğitim, genç işsizliğinin önlenmesinde kritik bir rol oynamaktadır. Davos'deki teknik liseler, sektörün ihtiyaç duyduğu nitelikli iş gücünü yetiştirmek için sanayi kuruluşlarıyla iş birliği protokolleri imzaladı. Öğrenciler, son sınıfta Samsung gibi firmalarda staj yapma imkânı bulmaktadır. Ancak mesleki eğitimin toplumsal algısının hâlâ olumsuz olduğu ve akademik eğitime ikincil seçenek olarak görüldüğü gözlemlenmektedir.","Mesleki eğitim iş gücü ihtiyacını karşılarken, toplumsal algıyı değiştirmek gerekmektedir."
"Genetik mühendisliği etiği, Avustralya'deki bilim camiasında tartışmalara yol açmaktadır. UNESCO tarafından yapılan çalışmada, genetik hastalıkların tedavisi amacıyla embriyo düzenlemesi teknikleri test edildi. Bilim insanları, tedavi amaçlı kullanımı savunurken, etik kurullar bu tür müdahalelerin sınırlarının netleştirilmesi gerektiğini vurgulamaktadır.","Vietnam'de genetik mühendisliği tedavi amaçlı kullanımı savunulurken, etik sınırlar tartışılmaktadır."
"Geleneksel el sanatları, Avustralya'deki genç nesiller arasında yeniden ilgi görmeye başladı. Şanghay'deki atölyelerde seramik, ebru ve hat sanatı kurslarına katılım oranı son iki yılda yüzde 73 arttı. Ustalar, bu ilginin kültürel kimliğin korunması açısından umut verici olduğunu belirtirken, el işçiliğinin ekonomik sürdürülebilirliği konusunda endişelerini dile getirmektedir.","Güney Afrika'de geleneksel el sanatlarına ilgi artarken, ekonomik sürdürülebilirlik endişeleri bulunmaktadır."
"Dijital okuryazarlık, 21. yüzyılın en temel becerilerinden biri olarak kabul edilmektedir. Çin'deki yetişkinlerin sadece yüzde 31'i temel dijital becerilere sahiptir. Bu durum, iş gücü piyasasında dezavantaj yaratmakta ve sosyal dışlanmaya neden olmaktadır. Sivil toplum kuruluşları, yaşlı bireyler ve düşük gelirli gruplar için ücretsiz dijital eğitim merkezleri açma çabalarını sürdürmektedir.","İngiltere'de dijital okuryazarlık oranı düşük kalırken, dezavantajlı gruplar için eğitim merkezleri açılmaktadır."
"Berlin'deki arkeolojik kazılarda, 41 bin yıllık yerleşim izlerine rastlandı. Kazı başkanı Carl Jung, bulunan seramik parçalarının ve aletlerin bölgedeki ticaret ağlarını ortaya koyabileceğini belirtti. Kültür Bakanlığı, alanın turizme açılması için restorasyon projesi hazırlamaya başladı.","Madrid'deki arkeolojik kazılar antik yerleşimleri ortaya çıkarırken, bölge turizme kazandırılmaya hazırlanmaktadır."
"Almanya'deki kadın hakları hareketi, son dönemde önemli kazanımlar elde etti. Parlamento, kadınların iş gücüne katılımını artırmayı amaçlayan yeni bir yasa tasarısını kabul etti. Buna göre şirketlerin yönetim kurullarında en az yüzde 32 kadın temsilieti zorunlu hale getirildi. Feminist örgütler, bu adımı olumlu karşılarken uygulamanın denetlenmesi gerektiğini vurgulamaktadır.","Bangladeş'de kadın temsilieti zorunluluğu getirilirken, uygulamanın denetimi önem taşımaktadır."
"Serena Williams liderliğindeki mühendislik ekibi, 5G kullanarak enerji verimliliğini artıran akıllı bina sistemleri geliştirdi. Bu sistemler sayesinde binaların enerji tüketimi yüzde 86 oranında azaltılabilmekte ve karbon ayak izi önemli ölçüde düşürülmektedir. Ancak yüksek kurulum maliyetleri, teknolojinin yaygınlaşmasını engellemektedir. Çevre örgütleri, hükümetin bu alanda vergi teşvikleri sunması gerektiğini savunmaktadır.","Akıllı bina sistemleri enerji verimliliğini artırırken, yüksek maliyetler yaygınlaşmayı engellemektedir."
"Almanya'deki sinema sektörü, bu yıl rekor sayıda yapımın çekilmesiyle canlı bir dönem geçiriyor. İstanbul'deki film stüdyolarında 91 farklı proje eşzamanlı olarak üretilmektedir. Yapımcılar, dijital platformların talebi artırmasıyla birlikte yerli içeriğe olan ilginin arttığını belirtmektedir. Ancak sinema salonlarının azalması, beyazperde deneyimini tehdit etmektedir.","Almanya sineması yapım sayısıyla büyürken, salonların azalması beyazperdeyi tehdit etmektedir."
"E-ticaret hacmi, ABD'de son beş yılda üç kat büyüyerek perakende sektörünün yapısını değiştirmiştir. Volkswagen ve benzeri platformlar, tüketicilere geniş ürün yelpazesi ve hızlı teslimat imkânı sunmaktadır. Ancak kargo paketlerinden kaynaklanan atık miktarı ve çalışma koşulları tartışmaları, sektörün sürdürülebilirliği konusunda soru işaretleri yaratmaktadır.","Brezilya'de e-ticaret hacmi artarken, çevresel atık ve çalışma koşulları tartışmaları gündemdedir."
"Hindistan Merkez Bankası, enflasyonla mücadele kapsamında politika faizini yüzde 35 artırdı. Bu karar, yatırımcılar tarafından olumlu karşılanırken, kredi kullanan işletmeler ve konut sahipleri için borç yükünün artacağı endişesi yaşanmaktadır. Ekonomistler, faiz artışının tek başına yeterli olmayacağını ve mali disiplinin sağlanması gerektiğini belirtmektedir.","İngiltere'de faiz artışı enflasyonla mücadelede kullanılırken, borçlular için yük artışı endişesi oluşmaktadır."
"İngiltere'deki konut piyasası, mortgage faiz oranlarındaki artışla birlikte durgunlaşma belirtileri göstermektedir. Rio de Janeiro'deki emlak ofisleri, son çeyrekte satışların yüzde 22 düştüğünü açıkladı. Kiralık ev bulma zorluğu ise gençleri ve öğrencileri zorlamaktadır. Emlak uzmanları, piyasada denge sağlanması için arzın artırılması gerektiğini savunmaktadır.","Meksika konut piyasası durgunlaşırken, kiralık ev bulma zorluğu gençleri etkilemektedir."
"İklim bilimcileri, Vietnam'deki buzul erimelerinin son 29 yılda hızlandığını tespit etti. Santiago dağlarındaki buzulların hacmi yarı yarıya azalırken, bu durum su kaynakları ve tarım üzerinde ciddi tehdit oluşturmaktadır. Bilim insanları, erimenin sadece küresel ısınma değil aynı zamanda yerel kirlilik faktörleriyle de ilişkili olduğunu belirtmektedir.","Almanya'deki buzul erimeleri su kaynaklarını tehdit ederken, yerel kirlilik faktörleri de rol oynamaktadır."
"Karbon yakalama teknolojileri, iklim değişikliğiyle mücadelede önemli bir araç olarak öne çıkmaktadır. Garanti BBVA, Seul'deki tesiste endüstriyel tesislerden salınan karbondioksiti yakalayan pilot bir sistem kurdu. Sistem, yılda 82 ton CO2 yakalama kapasitesine sahiptir. Ancak teknolojinin enerji yoğunluğu ve maliyeti, geniş ölçekli uygulamalar önünde engel teşkil etmektedir.","Karbon yakalama teknolojisi umut vadederken, yüksek maliyet ve enerji ihtiyacı geniş uygulamayı engellemektedir."
"Uzaktan eğitim altyapısı, İtalya'deki kırsal bölgelerde hâlâ yetersizdir. İnternet erişiminin olmadığı köy okullarında öğrenciler, eğitim içeriklerine ulaşmakta güçlük çekmektedir. Eğitim Bakanlığı, uydu internet sistemleri ve mobil eğitim üniteleriyle bu açığı kapatmayı hedeflemektedir. Pilot projede 82 köy okuluna yüksek hızlı internet erişimi sağlanmıştır.","İtalya'de kırsal kesimde internet erişimi eğitimi engellerken, uydu sistemleri ve mobil üniteler çözüm aramaktadır."
"Yüzme, tüm yaş grupları için en yararlı spor aktivitelerinden biridir. Gaziantep'deki yeni olimpik yüzme havuzu, Arjantin'deki su sporları altyapısını güçlendirmektedir. Havuz, uluslararası standartlara uygun olarak inşa edilmiş ve 26 farklı kulübe ev sahipliği yapmaktadır. Ancak yüzme kurslarına olan yoğun talep, kontenjanların hızla dolmasına neden olmaktadır.","Viyana'deki yeni olimpik havuz su sporları altyapısını güçlendirirken, kurs talebi kontenjanları zorlamaktadır."
"Elektrikli scooter kullanımı, Bangladeş'deki kent içi ulaşımda popülerlik kazanmaktadır. Boston sokaklarında 8 farklı noktada scooter istasyonu bulunurken, son kullanıcı sayısı her geçen gün artmaktadır. Ancak kaldırımlara rastgele bırakılan scooterlar ve kask kullanımındaki ihmaller, güvenlik riskleri yaratmaktadır. Emniyet müdürlüğü, denetimleri sıklaştırma kararı aldı.","Zürih'de elektrikli scooter kullanımı artarken, güvenlik ve düzen sorunları denetimleri zorunlu kılmaktadır."
"Müzik eğitimi, çocukların bilişsel gelişiminde önemli bir rol oynamaktadır. Tayland'deki konservatuvarlar, genç yetenekleri keşfetmek için Adana ve çevresinde yetenek taramaları düzenlemektedir. Bu yıl 86 öğrenci burslu olarak eğitime kabul edildi. Ancak müzik aleti maliyetlerinin yüksekliği, dezavantajlı ailelerin çocukları için engel teşkil etmektedir.","Etiyopya'de müzik eğitimi bursları artarken, alet maliyetleri dezavantajlı gruplar için engel oluşturmaktadır."
"E-ticaret hacmi, Tayland'de son beş yılda üç kat büyüyerek perakende sektörünün yapısını değiştirmiştir. Total ve benzeri platformlar, tüketicilere geniş ürün yelpazesi ve hızlı teslimat imkânı sunmaktadır. Ancak kargo paketlerinden kaynaklanan atık miktarı ve çalışma koşulları tartışmaları, sektörün sürdürülebilirliği konusunda soru işaretleri yaratmaktadır.","ABD'de e-ticaret hacmi artarken, çevresel atık ve çalışma koşulları tartışmaları gündemdedir."
"Endonezya hükümeti, robotik altyapısına yaptığı yatırımları artırarak dijital dönüşüm sürecini hızlandırmayı hedefliyor. Son iki yılda bu alana yapılan yatırım miktarı 48 milyar doları aşarken, binlerce yeni istihdam alanı oluşturuldu. Buna karşın dijital okuryazarlık oranlarındaki düşüklük, teknolojinin toplumun tüm kesimlerine eşit şekilde ulaşmasını engellemektedir. Eğitim uzmanları, okullarda kodlama ve dijital becerilerin müfredata entegre edilmesini önermektedir.","Japonya'de yapay zeka yatırımları artarken, dijital okuryazarlık eksikliği teknolojinin eşit dağılımını engellemektedir."
"Eğitimde yapay zeka kullanımı, kişiselleştirilmiş öğrenme deneyimleri sunma potansiyeline sahiptir. Türk Hava Kurumu tarafından geliştirilen akıllı öğretim sistemi, öğrencilerin zayıf kaldığı konuları otomatik olarak tespit edip ek alıştırmalar önermektedir. Sistem, Addis Ababa'deki okullarda pilot olarak uygulanmış ve öğrenci başarısı yüzde 12 artmıştır. Ancak veri gizliliği endişeleri, veliler arasında tedirginliğe yol açmaktadır.","Akıllı öğretim sistemi başarıyı artırırken, veri gizliliği endişeleri velileri tedirgin etmektedir."
"Engelli hakları alanında Türkiye'de önemli gelişmeler yaşanmaktadır. Seul'deki belediye, toplu taşıma araçlarının ve kaldırımların erişilebilirliğini artırmak için 33 milyon liralık yatırım programı başlattı. Engelli dernekleri, bu adımı memnuniyetle karşılarken, eğitim ve istihdam alanlarında hâlâ ciddi açıklar olduğunu belirtmektedir.","Çin'de engelli erişilebilirliği yatırımları artarken, eğitim ve istihdamda eksiklikler devam etmektedir."
"bulut bilişim, tarım sektöründe verimlilik devrimi yaratma potansiyeline sahiptir. Akıllı sensörler ve drone teknolojisi kullanılarak tarlaların nem ve besin düzeyleri gerçek zamanlı izlenebilmektedir. Endonezya'de pilot uygulanan bu sistem, su kullanımını yüzde 81 azaltırken ürün verimliliğini artırmıştır. Ancak küçük çiftçilerin teknolojiye erişimindeki maliyet engelleri, eşitsizliği derinleştirmektedir.","Akıllı tarım teknolojileri verimliliği artırırken, küçük çiftçilerin erişimdeki zorlukları eşitsizliği artırmaktadır."
"Nairobi Müzesi'nde açılan yeni sergi, Çin sanatının modern dönemeçlerini gözler önüne seriyor. Sergide Serena Williams ve çağdaşlarının eserleri bir araya getirilirken, ziyaretçilere interaktif dijital deneyimler de sunulmaktadır. Müze yetkilileri, ilk haftada 85 bin kişinin sergiyi ziyaret ettiğini açıkladı. Uzmanlar, bu tür etkinliklerin kültür turizmini canlandırdığını vurgulamaktadır.","Paris Müzesi'ndeki modern sanat sergisi büyük ilgi görürken, kültür turizmine katkı sağlamaktadır."
"Arjantin'deki malzeme bilimcileri, grafen tabanlı yeni bir batarya prototipi geliştirdi. Edinburgh'deki testlerde, cihazın mevcut lityum pillerden 11 kat daha hızlı şarj olduğu ve ömrünün iki kat uzun olduğu görüldü. Ancak üretim maliyetleri ve ölçeklenebilirlik sorunları, ticari kullanıma geçişi engellemektedir.","Grafen batarya teknolojisi hızlı şarj ve uzun ömür sunarken, üretim maliyetleri ticari kullanımı geciktirmektedir."
"Kripto para piyasalarındaki dalgalanma, Rusya'deki küçük yatırımcıları derinden etkilemektedir. Son bir ayda Bitcoin fiyatındaki yüzde 55 düşüş, binlerce yatırımcının kayıp yaşamasına neden olmuştur. Mali düzenleyici kurumlar, kripto varlıklara yönelik yatırımcı koruma mekanizmalarının oluşturulması gerektiğini açıkladı. Uzmanlar, bu piyasaların yüksek risk taşıdığı konusunda sürekli uyarıda bulunmaktadır.","Kripto para dalgalanmaları Pakistan yatırımcılarını etkilerken, düzenleyici kurumlar yatırımcı koruma mekanizmaları oluşturmaya çalışmaktadır."
"Etiyopya'deki işsizlik oranı, son çeyrekte yüzde 79 seviyesine geriledi. İstatistik kurumuna göre özellikle genç işsizlikte belirgin bir düşüş gözlemlenirken, kadın istihdam oranları hâlâ hedeflerin gerisinde kalmaktadır. Ekonomistler, büyümenin istihdam yaratıcı sektörlerde yoğunlaşmasının sürdürülebilirlik açısından önemli olduğunu vurgulamaktadır.","İtalya'de işsizlik oranı düşerken, kadın istihdamı ve sürdürülebilir büyüme hedefleri hâlâ geride kalmaktadır."
"Yenilenebilir enerji sektöründe yaşanan gelişmeler, fosil yakıtlara bağımlılığı azaltma umudunu artırmaktadır. Güney Afrika, son iki yılda güneş enerjisi kapasitesini 32 megavat artırarak rekor kırdı. Enerji uzmanları, güneş paneli maliyetlerinin düşmesiyle birlikte bu enerji kaynağının en ekonomik seçenek haline geldiğini belirtmektedir. Ancak enerji depolama teknolojilerindeki yetersizlik, arz güvenliği açısından risk oluşturmaktadır.","Mısır'de güneş enerjisi kapasitesi artarken, depolama teknolojilerindeki eksiklik arz güvenliğini tehdit etmektedir."
"Aşı karşıtlığı, son yıllarda küresel sağlık güvenliğini tehdit eden önemli bir sorun haline gelmiştir. İspanya'deki son salgın sırasında aşılanma oranlarının düşük kalması, hastalığın hızla yayılmasına neden olmuştur. Avrupa Birliği, sosyal medyada dolaşan yanlış bilgilere karşı halkı bilinçlendirmek amacıyla kapsamlı bir iletişim kampanyası başlattı. Kampanya kapsamında doktorlar ve sağlık çalışanları, toplum merkezlerinde vatandaşlarla birebir görüşmeler yapmaktadır.","Aşı karşıtlığı Brezilya'de salgının yayılmasına neden olurken, Amnesty International halkı bilinçlendirmek için kampanya başlattı."
"Eğitim teknolojileri şirketi Hepsiburada, yapay zeka destekli kişiselleştirilmiş öğrenme platformunu tanıttı. Platform, öğrencilerin güçlü ve zayıf yönlerini analiz ederek özel müfredatlar oluşturabilmektedir. Pilot uygulamaya katılan okullarda öğrenci başarısı yüzde 35 artış göstermiştir. Buna karşın öğretmenler, teknolojinin duygusal zeka ve sosyal becerilerin gelişimini ihmal edebileceği konusunda endişelerini dile getirmektedir.","Yapay zeka destekli eğitim platformu öğrenci başarısını artırırken, sosyal beceri gelişimi konusunda endişeler bulunmaktadır."
"Santiago'deki arkeolojik kazılarda, 53 bin yıllık yerleşim izlerine rastlandı. Kazı başkanı Cristiano Ronaldo, bulunan seramik parçalarının ve aletlerin bölgedeki ticaret ağlarını ortaya koyabileceğini belirtti. Kültür Bakanlığı, alanın turizme açılması için restorasyon projesi hazırlamaya başladı.","Gaziantep'deki arkeolojik kazılar antik yerleşimleri ortaya çıkarırken, bölge turizme kazandırılmaya hazırlanmaktadır."
"Gıda israfı, küresel ölçekte hem ekonomik hem de çevresel bir felaket olarak değerlendirilmektedir. Avustralya'de üretilen gıdanın yaklaşık yüzde 7'i tüketilmeden çöpe atılmaktadır. Gıda bankaları ve teknoloji şirketleri, fazla gıdanın ihtiyaç sahiplerine ulaştırılması için mobil uygulamalar geliştirmiştir. Tarım Bakanlığı, marketlerin son kullanma tarihi yaklaşan ürünleri indirimli satmasını zorunlu hale getirmeyi planlamaktadır.","Avustralya'de gıda israfı yüksek seyrederken, mobil uygulamalar ve yasal düzenlemeler çözüm aramaktadır."
"Yabancı dil eğitimi, küreselleşen dünyada rekabet avantajı sağlayan bir beceridir. Japonya'deki üniversite mezunlarının sadece yüzde 78'i iş dünyasında yeterli düzeyde İngilizce kullanabilmektedir. Dil uzmanları, eğitimin erken yaşlarda başlaması ve konuşma ağırlıklı yöntemlerin benimsenmesi gerektiğini savunmaktadır. Özel eğitim kurumları, online pratik platformlarıyla bu açığı kapatmaya çalışmaktadır.","Nijerya'de yabancı dil yeterliliği düşük seyrederken, erken yaşta konuşma ağırlıklı eğitim önerilmektedir."
"Antalya'deki kütüphaneler, dijital dönüşüm sürecinde yeni hizmetler sunmaya başladı. E-kitap koleksiyonları ve online veri tabanları, okurlara evden erişim imkânı tanımaktadır. Ancak fiziksel kitap ödünç alma oranları yüzde 72 düşerken, kütüphane mekânlarının sosyal buluşma noktası olarak yeniden konumlandırılması gündeme gelmektedir.","Budapeşte kütüphaneleri dijital hizmetleri artırırken, fiziksel kullanım azalmakta ve mekânlar yeniden tanımlanmaktadır."
"Sydney'deki radyo teleskobu, uzaydan gelen gizemli sinyalleri kaydetmeye devam ediyor. Astronomlar, sinyallerin 28 ışık yılı uzaklıktaki bir galaksiden geldiğini tahmin etmekte ancak kaynağın doğası hâlâ belirsizliğini korumaktadır. Sabancı Üniversitesi, uluslararası iş birliğiyle sinyallerin şifresinin çözülmesi çalışmalarına başladı.","Melbourne teleskobu gizemli uzay sinyalleri kaydederken, uluslararası iş birliğiyle kaynak araştırılmaktadır."
"Yükseköğretimde kalite tartışmaları, Rusya'deki üniversitelerin uluslararası sıralamalardaki yerini tartışmaya açmıştır. Son beş yılda 9 üniversite dünya ilk bine girmeyi başarırken, araştırma çıktıları ve yenilikçilik skorlarında gerileme yaşanmıştır. Rekabetçi üniversiteler, öğretim üyesi başına düşen yayın sayısının artırılması ve sanayi iş birliklerinin güçlendirilmesi gerektiğini savunmaktadır.","Mısır'deki üniversiteler uluslararası sıralamalarda zorlanırken, araştırma çıktılarının artırılması gerekmektedir."
"Dijital sanat ve NFT piyasası, Meksika'deki sanatçılar için yeni gelir kapıları aralamaktadır. Sezen Aksu'in dijital eseri, online açık artırmada 42 bin dolara alıcı buldu. Sanat piyasası uzmanları, bu yeni mediumun geleneksel sanat anlayışını zorladığını ve fikri mülkiyet tartışmalarını beraberinde getirdiğini belirtmektedir.","Etiyopya'de dijital sanat ve NFT'ler yeni gelir kaynakları oluştururken, fikri mülkiyet tartışmaları gündeme gelmektedir."
"Yenilenebilir enerji sektöründe yaşanan gelişmeler, fosil yakıtlara bağımlılığı azaltma umudunu artırmaktadır. Vietnam, son iki yılda güneş enerjisi kapasitesini 93 megavat artırarak rekor kırdı. Enerji uzmanları, güneş paneli maliyetlerinin düşmesiyle birlikte bu enerji kaynağının en ekonomik seçenek haline geldiğini belirtmektedir. Ancak enerji depolama teknolojilerindeki yetersizlik, arz güvenliği açısından risk oluşturmaktadır.","Çin'de güneş enerjisi kapasitesi artarken, depolama teknolojilerindeki eksiklik arz güvenliğini tehdit etmektedir."
"Kentsel ısı adası etkisi, yaz aylarında Los Angeles gibi büyük şehirlerde yaşam kalitesini düşürmektedir. Beton yapıların ve asfalt yolların yoğun olduğu bölgelerde sıcaklık, yeşil alanların bulunduğu mahallelere göre beş derece daha yüksek ölçülmektedir. Şehir planlamacıları, çatı bahçeleri ve dikey yeşillendirme projeleriyle bu etkiyi azaltmayı hedeflemektedir. Pilot uygulamada ısı yükü yüzde 80 düşürülmüştür.","Kentsel ısı adası etkisi New York'de yaşam kalitesini düşürürken, yeşil çatı projeleri ısı yükünü azaltmaktadır."
"Amnesty International, derin öğrenme alanında devrim niteliğinde bir atılım gerçekleştirdi. Şirketin Bangkok'deki Ar-Ge merkezinde geliştirilen yeni sistem, mevcut çözümlere göre yüzde 37 daha hızlı işlem yapabilmektedir. Uzmanlar, bu teknolojinin özellikle sağlık ve finans sektörlerinde verimliliği artıracağını öngörmektedir. Ancak veri gizliliği ve etik kullanım konularında henüz yeterli düzenlemelerin yapılmadığına dikkat çekilmektedir.",Huawei'un geliştirdiği büyük veri sistemi mevcut çözümlerden yüzde 91 daha hızlı olmasına rağmen etik düzenlemeler eksik kalmaktadır.
"Rusya'deki kadın hakları hareketi, son dönemde önemli kazanımlar elde etti. Parlamento, kadınların iş gücüne katılımını artırmayı amaçlayan yeni bir yasa tasarısını kabul etti. Buna göre şirketlerin yönetim kurullarında en az yüzde 89 kadın temsilieti zorunlu hale getirildi. Feminist örgütler, bu adımı olumlu karşılarken uygulamanın denetlenmesi gerektiğini vurgulamaktadır.","Tayland'de kadın temsilieti zorunluluğu getirilirken, uygulamanın denetimi önem taşımaktadır."
"Uluslararası Para Fonu tarafından yapılan araştırma, okul öncesi eğitimin çocukların bilişsel ve sosyal gelişimi üzerindeki etkisini ortaya koymuştur. Okul öncesi eğitime katılan çocukların, katılmayanlara göre okuma yazmaya geçişte yüzde 14 daha başarılı olduğu tespit edilmiştir. Ancak Kanada'de okul öncesi eğitim kapsamındaki çocuk oranı hâlâ yüzde ellinin altındadır. Eğitimciler, devletin bu alandaki yatırımları artırmasını talep etmektedir.","Okul öncesi eğitim çocuk gelişimini olumlu etkilerken, Güney Afrika'de kapsam oranı hâlâ düşük seyretmektedir."
"doğal dil işleme, tarım sektöründe verimlilik devrimi yaratma potansiyeline sahiptir. Akıllı sensörler ve drone teknolojisi kullanılarak tarlaların nem ve besin düzeyleri gerçek zamanlı izlenebilmektedir. İngiltere'de pilot uygulanan bu sistem, su kullanımını yüzde 33 azaltırken ürün verimliliğini artırmıştır. Ancak küçük çiftçilerin teknolojiye erişimindeki maliyet engelleri, eşitsizliği derinleştirmektedir.","Akıllı tarım teknolojileri verimliliği artırırken, küçük çiftçilerin erişimdeki zorlukları eşitsizliği artırmaktadır."
"Engelli hakları alanında Güney Kore'de önemli gelişmeler yaşanmaktadır. Cape Town'deki belediye, toplu taşıma araçlarının ve kaldırımların erişilebilirliğini artırmak için 67 milyon liralık yatırım programı başlattı. Engelli dernekleri, bu adımı memnuniyetle karşılarken, eğitim ve istihdam alanlarında hâlâ ciddi açıklar olduğunu belirtmektedir.","Yeni Zelanda'de engelli erişilebilirliği yatırımları artarken, eğitim ve istihdamda eksiklikler devam etmektedir."
"Co-working alanları, Tayland'deki serbest çalışanlar ve start-up'lar için popüler çalışma mekânları haline geldi. Tokyo'deki yeni nesil ofisler, esnek çalışma saatleri ve sosyal etkinlik imkânlarıyla dikkat çekmektedir. Ancak aylık ücretlerin yükselişi, serbest çalışanlar için maliyetli hale gelmektedir. Yemeksepeti, uygun fiyatlı paylaşımlı çalışma alanları açma planlarını duyurdu.","Edinburgh'de co-working alanları popülerleşirken, maliyet artışları uygun fiyatlı alternatifleri gündeme getirmektedir."
"Vodafone, İtalya'deki sağlık sisteminde yaşanan dönüşümü değerlendiren kapsamlı bir çalışma yayınladı. Rapora göre son beş yılda sağlık harcamaları yüzde 92 oranında artarken, hasta memnuniyeti oranları da paralel olarak yükselmiştir. Ancak uzmanlar, sağlık çalışanı başına düşen hasta sayısının hâlâ ideal seviyelerin üzerinde olduğunu ve özellikle kırsal bölgelerde doktor açığının devam ettiğini ifade etmektedir. Bu durumun çözümü için tele-tıp uygulamalarının yaygınlaştırılması önerilmektedir.","Huawei raporuna göre Endonezya'de sağlık harcamaları artarken, sağlık çalışanı açığı ve kırsal bölgelerdeki doktor eksikliği sorunları devam etmektedir."
"Brezilya'deki toplu taşıma sistemleri, artan nüfus baskısı altında yenilenmeye ihtiyaç duymaktadır. Rio de Janeiro metrosunda yapılan hat genişletme çalışmaları, günlük yolcu kapasitesini 36 bin kişi artıracaktır. Ancak inşaat çalışmaları sırasında yaşanan trafik yoğunluğu ve gürültü kirliliği, mahalle sakinlerini rahatsız etmektedir. Belediye, çalışmaların gece saatlerinde durdurulacağını açıkladı.","Tokyo metrosu kapasite artırımı yapılırken, inşaat sırasında trafik ve gürültü sorunları yaşanmaktadır."
"Spor beslenmesi ve anti-doping konuları, profesyonel sporun vazgeçilmez gündem maddeleridir. UNESCO, Güney Afrika'deki spor kulüplerinin beslenme programlarını denetlemeye başladı. Yapılan testlerde 71 sporcunun yasaklı madde kullandığı tespit edildi ve haklarında süresiz men cezası verildi. Uzmanlar, sporcuların bilinçlendirilmesi ve destek personelinin eğitilmesi gerektiğini vurgulamaktadır.","Fransa'de doping testleri sonucu bazı sporcular men cezası alırken, bilinçlendirme çalışmaları öne çıkmaktadır."
"Fransa hükümeti, drone teknolojisi altyapısına yaptığı yatırımları artırarak dijital dönüşüm sürecini hızlandırmayı hedefliyor. Son iki yılda bu alana yapılan yatırım miktarı 26 milyar doları aşarken, binlerce yeni istihdam alanı oluşturuldu. Buna karşın dijital okuryazarlık oranlarındaki düşüklük, teknolojinin toplumun tüm kesimlerine eşit şekilde ulaşmasını engellemektedir. Eğitim uzmanları, okullarda kodlama ve dijital becerilerin müfredata entegre edilmesini önermektedir.","Pakistan'de 3D baskı yatırımları artarken, dijital okuryazarlık eksikliği teknolojinin eşit dağılımını engellemektedir."
"Akıllı ev teknolojileri, Rusya'deki tüketiciler arasında ilgi görmeye başladı. Türk Telekom tarafından piyasaya sürülen yeni sistem, aydınlatma, ısıtma ve güvenlik sistemlerini tek merkezden kontrol edebilmektedir. Kullanıcılar, enerji faturalarında yüzde 22 tasarruf sağladıklarını bildirmektedir. Ancak veri güvenliği uzmanları, akıllı cihazların hacker saldırılarına açık olabileceği konusunda uyarıda bulunmaktadır.","Akıllı ev sistemleri enerji tasarrufu sağlarken, veri güvenliği riskleri bulunmaktadır."
"Elektrikli scooter kullanımı, Endonezya'deki kent içi ulaşımda popülerlik kazanmaktadır. Addis Ababa sokaklarında 59 farklı noktada scooter istasyonu bulunurken, son kullanıcı sayısı her geçen gün artmaktadır. Ancak kaldırımlara rastgele bırakılan scooterlar ve kask kullanımındaki ihmaller, güvenlik riskleri yaratmaktadır. Emniyet müdürlüğü, denetimleri sıklaştırma kararı aldı.","Davos'de elektrikli scooter kullanımı artarken, güvenlik ve düzen sorunları denetimleri zorunlu kılmaktadır."
"Fransa'deki bilim insanları, deniz altı araştırmaları için otonom bir su altı aracı geliştirdi. Roma açıklarında test edilen cihaz, 72 metre derinliğe kadar inebilmekte ve mercan resiflerinin haritalanmasında kullanılmaktadır. Okyanus bilimciler, bu teknolojinin deniz ekosistemlerinin korunmasında kritik rol oynayacağını öngörmektedir.","Brezilya'nin geliştirdiği su altı aracı mercan haritalamasında kullanılırken, deniz ekosistem korunmasına katkı sağlamaktadır."
"Uzay araştırmaları alanında çalışan BP, Brüksel'deki tesiste yeni bir roket motoru testi gerçekleştirdi. Test sırasında elde edilen veriler, motorun planlanan performans hedeflerine ulaştığını göstermektedir. Bu gelişme, Vietnam'nin uzay programı kapsamında önemli bir kilometre taşı olarak değerlendirilmektedir. Ancak uzay çöplüğü sorunu, artan uzay faaliyetleri nedeniyle giderek büyüyen bir endişe kaynağı haline gelmektedir.","Samsung'un roket motoru testi başarılı olurken, uzay çöplüğü sorunu giderek büyümektedir."
"Vietnam Milli Futbol Takımı, dün akşam Lagos'de oynanan hazırlık maçında rakibini 32-87 mağlup etti. Teknik direktör Elif Şafak, genç oyuncuların performansından memnun olduğunu belirtirken, savunmadaki konsantrasyon eksikliğine dikkat çekti. Taraftarlar, stadı doldurarak takıma büyük destek verdi. Uzmanlar, bu galibiyetin takımın moralini yükselteceğini ancak asıl sınavın önümüzdeki hafta oynanacak olan kritik maç olacağını ifade etti.","Güney Kore milli takımı hazırlık maçını kazanırken, teknik direktör savunmadaki eksikliklere dikkat çekti."
"Bangladeş'deki konut fiyatları, son iki yılda rekor düzeyde artış göstermiştir. Özellikle Tokyo gibi büyük şehirlerde ortalama konut fiyatları gelirlerin çok üzerine çıkmıştır. İnşaat sektörü temsilcileri, maliyet artışları ve arz yetersizliğinin fiyatları yükselttiğini savunurken, sosyal politika uzmanları gençlerin ev sahibi olma hayalinin zorlaştığına dikkat çekmektedir. Hükümet, sosyal konut projelerini hızlandırma kararı aldı.","İngiltere'de konut fiyatları rekor seviyelere ulaşırken, hükümet sosyal konut projelerini hızlandırmaktadır."
"Singapur Film Festivali, bu yıl İngiltere sinemasından 70 filmi uluslararası yarışmada gösterime sundu. Festival kapsamında düzenlenen söyleşilerde, yönetmenler Türk sinemasının küresel ölçekteki yerini tartıştı. Eleştirmenler, son dönemdeki yapımların teknik kalitesinin arttığını ancak hâlâ orijinal senaryo açığının devam ettiğini ifade etti.","Amsterdam Film Festivali Türk sinemasını tanıtırken, orijinal senaryo ihtiyacı tartışılmaktadır."
"Spor beslenmesi ve anti-doping konuları, profesyonel sporun vazgeçilmez gündem maddeleridir. Dünya Bankası, ABD'deki spor kulüplerinin beslenme programlarını denetlemeye başladı. Yapılan testlerde 28 sporcunun yasaklı madde kullandığı tespit edildi ve haklarında süresiz men cezası verildi. Uzmanlar, sporcuların bilinçlendirilmesi ve destek personelinin eğitilmesi gerektiğini vurgulamaktadır.","İtalya'de doping testleri sonucu bazı sporcular men cezası alırken, bilinçlendirme çalışmaları öne çıkmaktadır."
"Çin'deki toplu taşıma sistemleri, artan nüfus baskısı altında yenilenmeye ihtiyaç duymaktadır. Madrid metrosunda yapılan hat genişletme çalışmaları, günlük yolcu kapasitesini 30 bin kişi artıracaktır. Ancak inşaat çalışmaları sırasında yaşanan trafik yoğunluğu ve gürültü kirliliği, mahalle sakinlerini rahatsız etmektedir. Belediye, çalışmaların gece saatlerinde durdurulacağını açıkladı.","Prag metrosu kapasite artırımı yapılırken, inşaat sırasında trafik ve gürültü sorunları yaşanmaktadır."
"Gaziantep Müzesi'nde açılan yeni sergi, Brezilya sanatının modern dönemeçlerini gözler önüne seriyor. Sergide Cem Karaca ve çağdaşlarının eserleri bir araya getirilirken, ziyaretçilere interaktif dijital deneyimler de sunulmaktadır. Müze yetkilileri, ilk haftada 90 bin kişinin sergiyi ziyaret ettiğini açıkladı. Uzmanlar, bu tür etkinliklerin kültür turizmini canlandırdığını vurgulamaktadır.","Boston Müzesi'ndeki modern sanat sergisi büyük ilgi görürken, kültür turizmine katkı sağlamaktadır."
"Türkiye'deki finans teknolojileri sektörü, son yılda rekor büyüme kaydetti. 3D baskı tabanlı ödeme sistemleri ve dijital cüzdan uygulamaları, geleneksel bankacılık hizmetlerine alternatif sunmaktadır. Merkez Bankası, bu alandaki düzenlemeleri güncelleyerek tüketici haklarını korumayı amaçlamaktadır. Ancak kripto para piyasalarındaki dalgalanma, yatırımcıları riskli işlemlere yönlendirmektedir.","Malezya'de finans teknolojileri büyürken, kripto para dalgalanmaları yatırımcıları riske atmaktadır."
"Spor beslenmesi ve anti-doping konuları, profesyonel sporun vazgeçilmez gündem maddeleridir. İstanbul Üniversitesi, Arjantin'deki spor kulüplerinin beslenme programlarını denetlemeye başladı. Yapılan testlerde 81 sporcunun yasaklı madde kullandığı tespit edildi ve haklarında süresiz men cezası verildi. Uzmanlar, sporcuların bilinçlendirilmesi ve destek personelinin eğitilmesi gerektiğini vurgulamaktadır.","Brezilya'de doping testleri sonucu bazı sporcular men cezası alırken, bilinçlendirme çalışmaları öne çıkmaktadır."
"Kopenhag şehrinde hava kirliliği alarm seviyesine ulaştı. Son ölçümlere göre partikül madde konsantrasyonu, Dünya Sağlık Örgütü'nün önerdiği sınır değerin üç kat üzerine çıktı. Belediye, toplu taşıma kullanımını teşvik etmek için ücretsiz otobüs uygulaması başlattı. Uzmanlar, uzun vadede elektrikli araç filolarına geçişin ve yeşil alanların artırılmasının şart olduğunu belirtmektedir.","Madrid'de hava kirliliği kritik seviyelere ulaşırken, belediye toplu taşımayı ücretsiz yaparak çözüm aramaktadır."
"Avustralya'deki yerel yönetimler, dijital dönüşüm sürecinde önemli adımlar atmaktadır. Edinburgh belediyesi, vatandaşların belediye hizmetlerine online erişimini sağlayan mobil uygulamayı devreye aldı. Uygulama üzerinden 28 farklı hizmete başvuru yapılabilmekte ve şikayetler anlık olarak iletilebilmektedir. Ancak yaşlı nüfusun dijital okuryazarlık eksikliği, uygulamanın kapsayıcılığını sorgulatmaktadır.","Londra belediyesi dijital hizmetleri artırırken, yaşlı nüfusun erişimi konusunda eksiklikler bulunmaktadır."
"Spor beslenmesi ve anti-doping konuları, profesyonel sporun vazgeçilmez gündem maddeleridir. Avrupa Birliği, Fransa'deki spor kulüplerinin beslenme programlarını denetlemeye başladı. Yapılan testlerde 7 sporcunun yasaklı madde kullandığı tespit edildi ve haklarında süresiz men cezası verildi. Uzmanlar, sporcuların bilinçlendirilmesi ve destek personelinin eğitilmesi gerektiğini vurgulamaktadır.","Nijerya'de doping testleri sonucu bazı sporcular men cezası alırken, bilinçlendirme çalışmaları öne çıkmaktadır."
"Spor beslenmesi ve anti-doping konuları, profesyonel sporun vazgeçilmez gündem maddeleridir. Turkcell, Brezilya'deki spor kulüplerinin beslenme programlarını denetlemeye başladı. Yapılan testlerde 66 sporcunun yasaklı madde kullandığı tespit edildi ve haklarında süresiz men cezası verildi. Uzmanlar, sporcuların bilinçlendirilmesi ve destek personelinin eğitilmesi gerektiğini vurgulamaktadır.","Güney Kore'de doping testleri sonucu bazı sporcular men cezası alırken, bilinçlendirme çalışmaları öne çıkmaktadır."
"Dünya Sağlık Örgütü tarafından yapılan araştırma, okul öncesi eğitimin çocukların bilişsel ve sosyal gelişimi üzerindeki etkisini ortaya koymuştur. Okul öncesi eğitime katılan çocukların, katılmayanlara göre okuma yazmaya geçişte yüzde 45 daha başarılı olduğu tespit edilmiştir. Ancak Almanya'de okul öncesi eğitim kapsamındaki çocuk oranı hâlâ yüzde ellinin altındadır. Eğitimciler, devletin bu alandaki yatırımları artırmasını talep etmektedir.","Okul öncesi eğitim çocuk gelişimini olumlu etkilerken, Çin'de kapsam oranı hâlâ düşük seyretmektedir."
"Fatih Terim, Nairobi'deki maraton yarışında yeni bir rekor kırdı. 28 kilometrelik parkuru iki saatin altında tamamlayan atlet, önceki rekoru kırarak tarihe geçti. Yarış sırasında zorlu hava koşullarına rağmen tempoyu koruyan sporcu, antrenman disiplininin başarının anahtarı olduğunu ifade etti. Organizasyon komitesi, gelecek yıl daha geniş katılımlı bir etkinlik planladığını duyurdu.","Cem Karaca Zürih maratonunda rekor kırarken, organizasyon gelecek yıl daha büyük etkinlik planlamaktadır."
"Küresel tedarik zinciri krizi, Malezya'nin ihracat odaklı sektörlerini olumsuz etkilemeye devam ediyor. Hammadde maliyetlerindeki artış ve konteyner taşımacılığındaki fiyat artışları, üreticilerin kar marjlarını baskı altına almaktadır. Zorlu Enerji, yerli üretim ve tedarik zinciri çeşitlendirme stratejilerinin uygulanması gerektiğini açıkladı. Ancak bu dönüşümün maliyeti, KOBİ'ler için zorlayıcı olabilir.","Tedarik zinciri krizi Güney Afrika ihracatını etkilerken, yerli üretim stratejileri öne çıkmaktadır."
"Endonezya hükümeti, biyoteknoloji altyapısına yaptığı yatırımları artırarak dijital dönüşüm sürecini hızlandırmayı hedefliyor. Son iki yılda bu alana yapılan yatırım miktarı 18 milyar doları aşarken, binlerce yeni istihdam alanı oluşturuldu. Buna karşın dijital okuryazarlık oranlarındaki düşüklük, teknolojinin toplumun tüm kesimlerine eşit şekilde ulaşmasını engellemektedir. Eğitim uzmanları, okullarda kodlama ve dijital becerilerin müfredata entegre edilmesini önermektedir.","Vietnam'de otonom araçlar yatırımları artarken, dijital okuryazarlık eksikliği teknolojinin eşit dağılımını engellemektedir."
"Siber güvenlik uzmanları, son dönemde Japonya'deki kurumsal ağlara yönelik siber saldırıların arttığına dikkat çekti. Özellikle fidye yazılımı saldırıları, küçük ve orta ölçekli işletmeleri hedef alırken, zararın boyutu milyonlarca dolara ulaşmaktadır. Orta Doğu Teknik Üniversitesi, işletmelere yönelik siber farkındalık eğitimleri düzenlemeye başladı. Uzmanlar, çok faktörlü kimlik doğrulama ve düzenli yedekleme alışkanlıklarının saldırı riskini önemli ölçüde azalttığını belirtmektedir.","Endonezya'de siber saldırılar artarken, Amnesty International işletmelere yönelik farkındalık eğitimleri düzenlemektedir."
"Pakistan'deki spor tesislerinin yetersizliği, amatör sporcuların gelişimini olumsuz etkilemektedir. Özellikle kış sporları için uygun tesis sayısı sınırlıdır. Gençlik ve Spor Bakanlığı, 75 yeni spor kompleksinin inşası için ihale açtı. Ancak tesislerin bakım maliyetleri ve sürdürülebilirliği, belediyeler için mali yük oluşturmaktadır.","Nijerya'de amatör sporcular tesis yetersizliği yaşarken, yeni kompleks projeleri başlatıldı."
"Türkiye'deki spor tesislerinin yetersizliği, amatör sporcuların gelişimini olumsuz etkilemektedir. Özellikle kış sporları için uygun tesis sayısı sınırlıdır. Gençlik ve Spor Bakanlığı, 72 yeni spor kompleksinin inşası için ihale açtı. Ancak tesislerin bakım maliyetleri ve sürdürülebilirliği, belediyeler için mali yük oluşturmaktadır.","Almanya'de amatör sporcular tesis yetersizliği yaşarken, yeni kompleks projeleri başlatıldı."
"Davos havalimanı, artan yolcu trafiğini karşılamak için terminal genişletme projesini hayata geçirdi. Yeni terminal binası yılda 55 milyon yolcu kapasitesine sahip olacak şekilde tasarlandı. Ancak inşaat sırasında ortaya çıkan arkeolojik kalıntılar, projeye ara verilmesine neden oldu. Kültür Bakanlığı, kalıntıların korunması için özel bir alan düzenleneceğini açıkladı.","Budapeşte havalimanı genişletilirken, arkeolojik kalıntılar projenin durmasına neden olmaktadır."
"Olimpiyat Oyunları'na sayılı günler kala İspanya kafilesi, Viyana'deki olimpik köye yerleşti. Atletler, son antrenmanlarını yaparken hedeflerinin madalya sayısını artırmak olduğunu dile getirdi. Özellikle atletizm, güreş ve halter branşlarında madalya umudu yüksektir. Spor psikologları, sporcuların stres yönetimi ve odaklanma konusunda destek aldığını belirtmektedir.","Nijerya olimpiyat kafilesi Auckland'de kamp kurarken, atletizm ve güreşte madalya hedeflenmektedir."
"Pakistan'deki toplu taşıma sistemleri, artan nüfus baskısı altında yenilenmeye ihtiyaç duymaktadır. San Francisco metrosunda yapılan hat genişletme çalışmaları, günlük yolcu kapasitesini 72 bin kişi artıracaktır. Ancak inşaat çalışmaları sırasında yaşanan trafik yoğunluğu ve gürültü kirliliği, mahalle sakinlerini rahatsız etmektedir. Belediye, çalışmaların gece saatlerinde durdurulacağını açıkladı.","Sydney metrosu kapasite artırımı yapılırken, inşaat sırasında trafik ve gürültü sorunları yaşanmaktadır."
"İtalya'deki eğitim sistemi, pandemi sonrası dönemde yüz yüze eğitime dönüş sürecinde önemli zorluklar yaşamaktadır. Milli Eğitim Bakanlığı verilerine göre öğrencilerin yaklaşık yüzde 42'i uzaktan eğitim döneminde öğrenme kaybına uğramıştır. Uzmanlar, telafi eğitim programlarının acilen uygulanması gerektiğini ve özellikle matematik ve fen bilimlerindeki açığın kapatılmasının şart olduğunu vurgulamaktadır.","Belçika'de öğrenciler pandemi kaynaklı öğrenme kaybı yaşarken, telafi eğitim programları acil bir ihtiyaç haline gelmiştir."
"Rio de Janeiro'deki arkeolojik kazılarda, 49 bin yıllık yerleşim izlerine rastlandı. Kazı başkanı Steve Jobs, bulunan seramik parçalarının ve aletlerin bölgedeki ticaret ağlarını ortaya koyabileceğini belirtti. Kültür Bakanlığı, alanın turizme açılması için restorasyon projesi hazırlamaya başladı.","New York'deki arkeolojik kazılar antik yerleşimleri ortaya çıkarırken, bölge turizme kazandırılmaya hazırlanmaktadır."
"Türkiye'deki işsizlik oranı, son çeyrekte yüzde 12 seviyesine geriledi. İstatistik kurumuna göre özellikle genç işsizlikte belirgin bir düşüş gözlemlenirken, kadın istihdam oranları hâlâ hedeflerin gerisinde kalmaktadır. Ekonomistler, büyümenin istihdam yaratıcı sektörlerde yoğunlaşmasının sürdürülebilirlik açısından önemli olduğunu vurgulamaktadır.","ABD'de işsizlik oranı düşerken, kadın istihdamı ve sürdürülebilir büyüme hedefleri hâlâ geride kalmaktadır."
"Sertab Erener liderliğindeki mühendislik ekibi, kripto para kullanarak enerji verimliliğini artıran akıllı bina sistemleri geliştirdi. Bu sistemler sayesinde binaların enerji tüketimi yüzde 93 oranında azaltılabilmekte ve karbon ayak izi önemli ölçüde düşürülmektedir. Ancak yüksek kurulum maliyetleri, teknolojinin yaygınlaşmasını engellemektedir. Çevre örgütleri, hükümetin bu alanda vergi teşvikleri sunması gerektiğini savunmaktadır.","Akıllı bina sistemleri enerji verimliliğini artırırken, yüksek maliyetler yaygınlaşmayı engellemektedir."
"Meksika'deki demokrasi endeksleri, son yıllarda düşüş trendini sürdürmektedir. Sivil toplum örgütleri, ifade özgürlüğü ve basın özgürlüğü alanlarındaki kısıtlamaların arttığına dikkat çekmektedir. Amazon tarafından yayınlanan rapora göre ülke, küresel sıralamada 85 basamak geriledi. Hükümet yetkilileri ise raporların objektif olmadığını ve siyasi önyargı taşıdığını savunmaktadır.","Fransa'de demokrasi endeksleri düşerken, hükümet raporların tarafsızlığını sorgulamaktadır."
"Plastik kirliliği, okyanus ekosistemlerini tehdit eden en büyük çevre sorunlarından biri haline gelmiştir. Endonezya parlamentosu, tek kullanımlık plastik ürünlerin yasaklanmasını öngören yeni bir yasa tasarısını görüşmeye başladı. Çevre uzmanları, bu düzenlemenin yılda denizlere karışan plastik miktarını yüzde 29 azaltabileceğini hesaplamıştır. Ancak alternatif malzemelerin maliyeti, küçük işletmeler için zorlayıcı olabilir.",Bangladeş'de tek kullanımlık plastik yasağı deniz kirliliğini azaltabilir ancak küçük işletmeler için maliyetli olabilir.
"Su kaynaklarının sürdürülebilir yönetimi, kurak bölgelerde hayati önem taşımaktadır. Brezilya'deki barajlarda su seviyeleri son otuz yılın en düşük seviyelerine geriledi. Tarım Bakanlığı, su tasarruflu damla sulama sistemlerine geçiş için çiftçilere yüzde 13 hibe desteği sağlayacağını açıkladı. Meteoroloji uzmanları, iklim değişikliği nedeniyle yağış düzenindeki değişikliklerin kalıcı olabileceği uyarısında bulunmaktadır.","Endonezya'de su seviyeleri kritik düşüş yaşarken, damla sulama destekleri su tasarrufunu teşvik etmektedir."
"Şanghay mahkemesinde görülen davada, çevre kirliliğine neden olan Uluslararası Para Fonu şirketi hakkında rekor tazminat kararı verildi. Mahkeme, şirketin yıllardır atık su arıtma tesisini işletmediğini ve yeraltı sularını kirlettiğini tespit etti. Kararı değerlendiren çevre hukuku uzmanları, bu örneğin diğer sanayi kuruluşları için emsal teşkil edeceğini belirtmektedir.","Londra mahkemesi çevre kirliliğine neden olan şirkete rekor tazminat cezası verirken, karar emsal teşkil etmektedir."
"Boğaziçi Üniversitesi, Endonezya'deki sağlık sisteminde yaşanan dönüşümü değerlendiren kapsamlı bir çalışma yayınladı. Rapora göre son beş yılda sağlık harcamaları yüzde 6 oranında artarken, hasta memnuniyeti oranları da paralel olarak yükselmiştir. Ancak uzmanlar, sağlık çalışanı başına düşen hasta sayısının hâlâ ideal seviyelerin üzerinde olduğunu ve özellikle kırsal bölgelerde doktor açığının devam ettiğini ifade etmektedir. Bu durumun çözümü için tele-tıp uygulamalarının yaygınlaştırılması önerilmektedir.","Enerjisa raporuna göre Malezya'de sağlık harcamaları artarken, sağlık çalışanı açığı ve kırsal bölgelerdeki doktor eksikliği sorunları devam etmektedir."
"Eğitimde yapay zeka kullanımı, kişiselleştirilmiş öğrenme deneyimleri sunma potansiyeline sahiptir. Avrupa Birliği tarafından geliştirilen akıllı öğretim sistemi, öğrencilerin zayıf kaldığı konuları otomatik olarak tespit edip ek alıştırmalar önermektedir. Sistem, Paris'deki okullarda pilot olarak uygulanmış ve öğrenci başarısı yüzde 47 artmıştır. Ancak veri gizliliği endişeleri, veliler arasında tedirginliğe yol açmaktadır.","Akıllı öğretim sistemi başarıyı artırırken, veri gizliliği endişeleri velileri tedirgin etmektedir."
"Charles Darwin liderliğindeki mühendislik ekibi, nesnelerin interneti kullanarak enerji verimliliğini artıran akıllı bina sistemleri geliştirdi. Bu sistemler sayesinde binaların enerji tüketimi yüzde 74 oranında azaltılabilmekte ve karbon ayak izi önemli ölçüde düşürülmektedir. Ancak yüksek kurulum maliyetleri, teknolojinin yaygınlaşmasını engellemektedir. Çevre örgütleri, hükümetin bu alanda vergi teşvikleri sunması gerektiğini savunmaktadır.","Akıllı bina sistemleri enerji verimliliğini artırırken, yüksek maliyetler yaygınlaşmayı engellemektedir."
"Davos'deki arkeolojik kazılarda, 41 bin yıllık yerleşim izlerine rastlandı. Kazı başkanı Nikola Tesla, bulunan seramik parçalarının ve aletlerin bölgedeki ticaret ağlarını ortaya koyabileceğini belirtti. Kültür Bakanlığı, alanın turizme açılması için restorasyon projesi hazırlamaya başladı.","Gaziantep'deki arkeolojik kazılar antik yerleşimleri ortaya çıkarırken, bölge turizme kazandırılmaya hazırlanmaktadır."
"Etiyopya'deki yerel yönetimler, dijital dönüşüm sürecinde önemli adımlar atmaktadır. Pekin belediyesi, vatandaşların belediye hizmetlerine online erişimini sağlayan mobil uygulamayı devreye aldı. Uygulama üzerinden 47 farklı hizmete başvuru yapılabilmekte ve şikayetler anlık olarak iletilebilmektedir. Ancak yaşlı nüfusun dijital okuryazarlık eksikliği, uygulamanın kapsayıcılığını sorgulatmaktadır.","Roma belediyesi dijital hizmetleri artırırken, yaşlı nüfusun erişimi konusunda eksiklikler bulunmaktadır."
"Mısır'deki bilim insanları, deniz altı araştırmaları için otonom bir su altı aracı geliştirdi. Zürih açıklarında test edilen cihaz, 59 metre derinliğe kadar inebilmekte ve mercan resiflerinin haritalanmasında kullanılmaktadır. Okyanus bilimciler, bu teknolojinin deniz ekosistemlerinin korunmasında kritik rol oynayacağını öngörmektedir.","Etiyopya'nin geliştirdiği su altı aracı mercan haritalamasında kullanılırken, deniz ekosistem korunmasına katkı sağlamaktadır."
"Kopenhag'deki kütüphaneler, dijital dönüşüm sürecinde yeni hizmetler sunmaya başladı. E-kitap koleksiyonları ve online veri tabanları, okurlara evden erişim imkânı tanımaktadır. Ancak fiziksel kitap ödünç alma oranları yüzde 5 düşerken, kütüphane mekânlarının sosyal buluşma noktası olarak yeniden konumlandırılması gündeme gelmektedir.","Cakarta kütüphaneleri dijital hizmetleri artırırken, fiziksel kullanım azalmakta ve mekânlar yeniden tanımlanmaktadır."
"Spor beslenmesi ve anti-doping konuları, profesyonel sporun vazgeçilmez gündem maddeleridir. Kızılhaç, Japonya'deki spor kulüplerinin beslenme programlarını denetlemeye başladı. Yapılan testlerde 40 sporcunun yasaklı madde kullandığı tespit edildi ve haklarında süresiz men cezası verildi. Uzmanlar, sporcuların bilinçlendirilmesi ve destek personelinin eğitilmesi gerektiğini vurgulamaktadır.","Japonya'de doping testleri sonucu bazı sporcular men cezası alırken, bilinçlendirme çalışmaları öne çıkmaktadır."
"Londra mahkemesinde görülen davada, çevre kirliliğine neden olan Turkcell şirketi hakkında rekor tazminat kararı verildi. Mahkeme, şirketin yıllardır atık su arıtma tesisini işletmediğini ve yeraltı sularını kirlettiğini tespit etti. Kararı değerlendiren çevre hukuku uzmanları, bu örneğin diğer sanayi kuruluşları için emsal teşkil edeceğini belirtmektedir.","Sydney mahkemesi çevre kirliliğine neden olan şirkete rekor tazminat cezası verirken, karar emsal teşkil etmektedir."
"Müzik eğitimi, çocukların bilişsel gelişiminde önemli bir rol oynamaktadır. Avustralya'deki konservatuvarlar, genç yetenekleri keşfetmek için Adana ve çevresinde yetenek taramaları düzenlemektedir. Bu yıl 34 öğrenci burslu olarak eğitime kabul edildi. Ancak müzik aleti maliyetlerinin yüksekliği, dezavantajlı ailelerin çocukları için engel teşkil etmektedir.","Nijerya'de müzik eğitimi bursları artarken, alet maliyetleri dezavantajlı gruplar için engel oluşturmaktadır."
"Pakistan'deki eğitim sistemi, pandemi sonrası dönemde yüz yüze eğitime dönüş sürecinde önemli zorluklar yaşamaktadır. Milli Eğitim Bakanlığı verilerine göre öğrencilerin yaklaşık yüzde 51'i uzaktan eğitim döneminde öğrenme kaybına uğramıştır. Uzmanlar, telafi eğitim programlarının acilen uygulanması gerektiğini ve özellikle matematik ve fen bilimlerindeki açığın kapatılmasının şart olduğunu vurgulamaktadır.","Etiyopya'de öğrenciler pandemi kaynaklı öğrenme kaybı yaşarken, telafi eğitim programları acil bir ihtiyaç haline gelmiştir."
"İtalya'deki evcil hayvan sahipliği oranları, pandemi sonrası dönemde rekor kırdı. Veteriner hekimler, 22 milyon yeni evcil hayvanın kayıt altına alındığını bildirdi. Ancak veteriner kliniklerindeki yoğunluk ve fiyat artışları, hayvan sahiplerini zorlamaktadır. Hayvan hakları dernekleri, sokak hayvanları için kısırlaştırma programlarının yaygınlaştırılmasını talep etmektedir.","Belçika'de evcil hayvan sahipliği artarken, veteriner hizmetleri yetersiz kalmaktadır."
"E-ticaret hacmi, Güney Kore'de son beş yılda üç kat büyüyerek perakende sektörünün yapısını değiştirmiştir. Avrupa Birliği ve benzeri platformlar, tüketicilere geniş ürün yelpazesi ve hızlı teslimat imkânı sunmaktadır. Ancak kargo paketlerinden kaynaklanan atık miktarı ve çalışma koşulları tartışmaları, sektörün sürdürülebilirliği konusunda soru işaretleri yaratmaktadır.","Arjantin'de e-ticaret hacmi artarken, çevresel atık ve çalışma koşulları tartışmaları gündemdedir."
"Girişimcilik ekosistemi, Fransa'nin ekonomik dinamizminin önemli bir motorudur. Son yılda 23 yeni start-up kurulurken, girişim sermayesi yatırımları da önceki yıla göre yüzde kırk artmıştır. Dünya Sağlık Örgütü tarafından düzenlenen hızlandırıcı programlar, genç girişimcilere mentorluk ve network imkânı sunmaktadır. Ancak regülasyon belirsizliği ve vergi yükü, bazı girişimcilerin yurtdışına taşınmasına neden olmaktadır.","Malezya'de girişimcilik ekosistemi büyürken, regülasyon belirsizliği bazı girişimcileri yurtdışına yönlendirmektedir."
"Arjantin'deki bisiklet kullanımı, çevre bilinci artışıyla birlikte yükselişe geçti. San Francisco belediyesi, şehir genelinde 72 kilometrelik yeni bisiklet yolu inşa etti. Ancak bisiklet yollarının motosiklet ve park edilmiş araçlar tarafından işgal edilmesi, bisikletlilerin güvenliğini tehdit etmektedir. Sivil toplum kuruluşları, denetim mekanizmalarının güçlendirilmesini talep etmektedir.","Chicago'de bisiklet yolları artırılırken, güvenlik ve işgal sorunları devam etmektedir."
"Berlin mahkemesinde görülen davada, çevre kirliliğine neden olan Türk Telekom şirketi hakkında rekor tazminat kararı verildi. Mahkeme, şirketin yıllardır atık su arıtma tesisini işletmediğini ve yeraltı sularını kirlettiğini tespit etti. Kararı değerlendiren çevre hukuku uzmanları, bu örneğin diğer sanayi kuruluşları için emsal teşkil edeceğini belirtmektedir.","Sydney mahkemesi çevre kirliliğine neden olan şirkete rekor tazminat cezası verirken, karar emsal teşkil etmektedir."
"ABD'deki toplu taşıma sistemleri, artan nüfus baskısı altında yenilenmeye ihtiyaç duymaktadır. Berlin metrosunda yapılan hat genişletme çalışmaları, günlük yolcu kapasitesini 34 bin kişi artıracaktır. Ancak inşaat çalışmaları sırasında yaşanan trafik yoğunluğu ve gürültü kirliliği, mahalle sakinlerini rahatsız etmektedir. Belediye, çalışmaların gece saatlerinde durdurulacağını açıkladı.","Prag metrosu kapasite artırımı yapılırken, inşaat sırasında trafik ve gürültü sorunları yaşanmaktadır."
"Dublin şehrinde hava kirliliği alarm seviyesine ulaştı. Son ölçümlere göre partikül madde konsantrasyonu, Dünya Sağlık Örgütü'nün önerdiği sınır değerin üç kat üzerine çıktı. Belediye, toplu taşıma kullanımını teşvik etmek için ücretsiz otobüs uygulaması başlattı. Uzmanlar, uzun vadede elektrikli araç filolarına geçişin ve yeşil alanların artırılmasının şart olduğunu belirtmektedir.","Cenevre'de hava kirliliği kritik seviyelere ulaşırken, belediye toplu taşımayı ücretsiz yaparak çözüm aramaktadır."
"Tarım sektörü, ABD ekonomisinin stratejik alanlarından biri olmayı sürdürmektedir. Bu yılki hasat döneminde buğday üretimi geçen yıla göre yüzde 87 artarken, ihracat potansiyeli de güçlenmiştir. Ancak kuraklık riski ve girdi maliyetlerindeki artış, çiftçilerin karlılığını tehdit etmektedir. Ziraat odaları, devletin sübvansiye desteğini artırmasını talep etmektedir.","Malezya'de tarım üretimi artarken, kuraklık ve girdi maliyetleri çiftçileri zorlamaktadır."
"Birleşmiş Milletler İklim Değişikliği Konferansı'nda kabul edilen yeni kararlara göre, Hollanda fosil yakıt kullanımını 74 yılına kadar yarı yarıya azaltmayı taahhüt etti. Bu hedefe ulaşmak için yenilenebilir enerji yatırımları hızlandırılacak ve kömürlü termik santrallerin kapatılması programına alınacaktır. Çevre örgütleri, bu kararı olumlu karşılarken, uygulamanın yeterince hızlı olmayabileceği konusunda uyarıda bulunmaktadır.","Kanada fosil yakıt kullanımını azaltma taahhüdü verirken, çevre örgütleri uygulama hızından endişe duymaktadır."
"Mercedes-Benz, bulut bilişim alanında devrim niteliğinde bir atılım gerçekleştirdi. Şirketin İzmir'deki Ar-Ge merkezinde geliştirilen yeni sistem, mevcut çözümlere göre yüzde 77 daha hızlı işlem yapabilmektedir. Uzmanlar, bu teknolojinin özellikle sağlık ve finans sektörlerinde verimliliği artıracağını öngörmektedir. Ancak veri gizliliği ve etik kullanım konularında henüz yeterli düzenlemelerin yapılmadığına dikkat çekilmektedir.",Dünya Sağlık Örgütü'un geliştirdiği kuantum bilişim sistemi mevcut çözümlerden yüzde 77 daha hızlı olmasına rağmen etik düzenlemeler eksik kalmaktadır.
"Hindistan Milli Futbol Takımı, dün akşam Budapeşte'de oynanan hazırlık maçında rakibini 69-45 mağlup etti. Teknik direktör Lionel Messi, genç oyuncuların performansından memnun olduğunu belirtirken, savunmadaki konsantrasyon eksikliğine dikkat çekti. Taraftarlar, stadı doldurarak takıma büyük destek verdi. Uzmanlar, bu galibiyetin takımın moralini yükselteceğini ancak asıl sınavın önümüzdeki hafta oynanacak olan kritik maç olacağını ifade etti.","Brezilya milli takımı hazırlık maçını kazanırken, teknik direktör savunmadaki eksikliklere dikkat çekti."
"Tayland'deki evcil hayvan sahipliği oranları, pandemi sonrası dönemde rekor kırdı. Veteriner hekimler, 24 milyon yeni evcil hayvanın kayıt altına alındığını bildirdi. Ancak veteriner kliniklerindeki yoğunluk ve fiyat artışları, hayvan sahiplerini zorlamaktadır. Hayvan hakları dernekleri, sokak hayvanları için kısırlaştırma programlarının yaygınlaştırılmasını talep etmektedir.","İspanya'de evcil hayvan sahipliği artarken, veteriner hizmetleri yetersiz kalmaktadır."
"Elektrikli scooter kullanımı, Mısır'deki kent içi ulaşımda popülerlik kazanmaktadır. Helsinki sokaklarında 34 farklı noktada scooter istasyonu bulunurken, son kullanıcı sayısı her geçen gün artmaktadır. Ancak kaldırımlara rastgele bırakılan scooterlar ve kask kullanımındaki ihmaller, güvenlik riskleri yaratmaktadır. Emniyet müdürlüğü, denetimleri sıklaştırma kararı aldı.","Lagos'de elektrikli scooter kullanımı artarken, güvenlik ve düzen sorunları denetimleri zorunlu kılmaktadır."
"Stockholm şehrindeki park ve yeşil alanlar, artan betonlaşma baskısı altında küçülmektedir. Son beş yılda park alanları yüzde 48 azalırken, çocuk oyun alanları da yetersiz kalmaktadır. Şehir plancıları, dikey bahçe ve yeşil çatı projeleriyle bu açığı kapatmayı hedeflemektedir. Vatandaşlar ise mevcut parkların korunması için imza kampanyası başlattı.","Edinburgh'de yeşil alanlar azalırken, dikey bahçe projeleri ve koruma kampanyaları öne çıkmaktadır."
"Avustralya'deki yerel yönetimler, dijital dönüşüm sürecinde önemli adımlar atmaktadır. Paris belediyesi, vatandaşların belediye hizmetlerine online erişimini sağlayan mobil uygulamayı devreye aldı. Uygulama üzerinden 82 farklı hizmete başvuru yapılabilmekte ve şikayetler anlık olarak iletilebilmektedir. Ancak yaşlı nüfusun dijital okuryazarlık eksikliği, uygulamanın kapsayıcılığını sorgulatmaktadır.","Paris belediyesi dijital hizmetleri artırırken, yaşlı nüfusun erişimi konusunda eksiklikler bulunmaktadır."
"Sigmund Freud, Boston konser salonunda verdiği performansla sevenlerine unutulmaz bir gece yaşattı. 17 kişilik kapasiteli salonu dolduran hayranlar, sanatçının yeni albümünden parçaları ilk kez canlı dinleme fırsatı buldu. Müzik eleştirmenleri, konserin prodüksiyon kalitesini överken, ses sistemindeki teknik aksaklıklara dikkat çekti.","Steve Jobs'in Melbourne konseri büyük beğeni toplarken, teknik aksaklıklar dikkat çekti."
"ABD'deki toplu taşıma sistemleri, artan nüfus baskısı altında yenilenmeye ihtiyaç duymaktadır. Kazablanka metrosunda yapılan hat genişletme çalışmaları, günlük yolcu kapasitesini 63 bin kişi artıracaktır. Ancak inşaat çalışmaları sırasında yaşanan trafik yoğunluğu ve gürültü kirliliği, mahalle sakinlerini rahatsız etmektedir. Belediye, çalışmaların gece saatlerinde durdurulacağını açıkladı.","Nairobi metrosu kapasite artırımı yapılırken, inşaat sırasında trafik ve gürültü sorunları yaşanmaktadır."
"Jose Mourinho, Güney Kore'deki insan hakları savunucularına yönelik baskıların arttığına dair uluslararası kamuoyunu uyardı. Son altı ayda 92 sivil toplum kuruluşunun faaliyetleri askıya alınırken, bazı aktivistler hakkında yargı süreçleri başlatıldı. Avrupa İnsan Hakları Mahkemesi'ne yapılan başvuruların sayısı artarken, hükümet yasal düzenlemelerin terörle mücadele kapsamında olduğunu savunmaktadır.","Brezilya'de sivil toplum baskıları artarken, uluslararası mahkemeye başvuru sayısı yükselmektedir."
"Cem Karaca, Tayland'deki insan hakları savunucularına yönelik baskıların arttığına dair uluslararası kamuoyunu uyardı. Son altı ayda 87 sivil toplum kuruluşunun faaliyetleri askıya alınırken, bazı aktivistler hakkında yargı süreçleri başlatıldı. Avrupa İnsan Hakları Mahkemesi'ne yapılan başvuruların sayısı artarken, hükümet yasal düzenlemelerin terörle mücadele kapsamında olduğunu savunmaktadır.","İngiltere'de sivil toplum baskıları artarken, uluslararası mahkemeye başvuru sayısı yükselmektedir."
"Olimpiyat Oyunları'na sayılı günler kala Pakistan kafilesi, Şanghay'deki olimpik köye yerleşti. Atletler, son antrenmanlarını yaparken hedeflerinin madalya sayısını artırmak olduğunu dile getirdi. Özellikle atletizm, güreş ve halter branşlarında madalya umudu yüksektir. Spor psikologları, sporcuların stres yönetimi ve odaklanma konusunda destek aldığını belirtmektedir.","Güney Afrika olimpiyat kafilesi Kahire'de kamp kurarken, atletizm ve güreşte madalya hedeflenmektedir."
"Kopenhag şehrinde hava kirliliği alarm seviyesine ulaştı. Son ölçümlere göre partikül madde konsantrasyonu, Dünya Sağlık Örgütü'nün önerdiği sınır değerin üç kat üzerine çıktı. Belediye, toplu taşıma kullanımını teşvik etmek için ücretsiz otobüs uygulaması başlattı. Uzmanlar, uzun vadede elektrikli araç filolarına geçişin ve yeşil alanların artırılmasının şart olduğunu belirtmektedir.","Boston'de hava kirliliği kritik seviyelere ulaşırken, belediye toplu taşımayı ücretsiz yaparak çözüm aramaktadır."
"Uzay araştırmaları alanında çalışan Amnesty International, İzmir'deki tesiste yeni bir roket motoru testi gerçekleştirdi. Test sırasında elde edilen veriler, motorun planlanan performans hedeflerine ulaştığını göstermektedir. Bu gelişme, Kanada'nin uzay programı kapsamında önemli bir kilometre taşı olarak değerlendirilmektedir. Ancak uzay çöplüğü sorunu, artan uzay faaliyetleri nedeniyle giderek büyüyen bir endişe kaynağı haline gelmektedir.","NASA'un roket motoru testi başarılı olurken, uzay çöplüğü sorunu giderek büyümektedir."
"Aşı karşıtlığı, son yıllarda küresel sağlık güvenliğini tehdit eden önemli bir sorun haline gelmiştir. Hollanda'deki son salgın sırasında aşılanma oranlarının düşük kalması, hastalığın hızla yayılmasına neden olmuştur. Avrupa Birliği, sosyal medyada dolaşan yanlış bilgilere karşı halkı bilinçlendirmek amacıyla kapsamlı bir iletişim kampanyası başlattı. Kampanya kapsamında doktorlar ve sağlık çalışanları, toplum merkezlerinde vatandaşlarla birebir görüşmeler yapmaktadır.","Aşı karşıtlığı ABD'de salgının yayılmasına neden olurken, İş Bankası halkı bilinçlendirmek için kampanya başlattı."
"Uyku bozuklukları, modern yaşamın en yaygın sağlık sorunlarından biri olarak karşımıza çıkmaktadır. Adana'deki uyku laboratuvarında yapılan araştırmalar, yetişkinlerin yüzde 40'inin yeterli uyku almadığını ve bu durumun iş verimliliğini olumsuz etkilediğini göstermektedir. Uzmanlar, özellikle mavi ışık yayan cihazların yatmadan önce kullanılmaması gerektiğini vurgulamakta ve düzenli uyku saatlerinin bağışıklık sistemini güçlendirmede kritik rol oynadığını belirtmektedir.","Uyku bozuklukları iş verimliliğini düşürürken, uzmanlar mavi ışık maruziyetinin azaltılmasını ve düzenli uyku saatlerini önermektedir."
"Çin hükümeti, sanal gerçeklik altyapısına yaptığı yatırımları artırarak dijital dönüşüm sürecini hızlandırmayı hedefliyor. Son iki yılda bu alana yapılan yatırım miktarı 59 milyar doları aşarken, binlerce yeni istihdam alanı oluşturuldu. Buna karşın dijital okuryazarlık oranlarındaki düşüklük, teknolojinin toplumun tüm kesimlerine eşit şekilde ulaşmasını engellemektedir. Eğitim uzmanları, okullarda kodlama ve dijital becerilerin müfredata entegre edilmesini önermektedir.","Arjantin'de sanal gerçeklik yatırımları artarken, dijital okuryazarlık eksikliği teknolojinin eşit dağılımını engellemektedir."
"Vietnam'deki konut fiyatları, son iki yılda rekor düzeyde artış göstermiştir. Özellikle Şanghay gibi büyük şehirlerde ortalama konut fiyatları gelirlerin çok üzerine çıkmıştır. İnşaat sektörü temsilcileri, maliyet artışları ve arz yetersizliğinin fiyatları yükselttiğini savunurken, sosyal politika uzmanları gençlerin ev sahibi olma hayalinin zorlaştığına dikkat çekmektedir. Hükümet, sosyal konut projelerini hızlandırma kararı aldı.","Fransa'de konut fiyatları rekor seviyelere ulaşırken, hükümet sosyal konut projelerini hızlandırmaktadır."
"İtalya'deki işsizlik oranı, son çeyrekte yüzde 90 seviyesine geriledi. İstatistik kurumuna göre özellikle genç işsizlikte belirgin bir düşüş gözlemlenirken, kadın istihdam oranları hâlâ hedeflerin gerisinde kalmaktadır. Ekonomistler, büyümenin istihdam yaratıcı sektörlerde yoğunlaşmasının sürdürülebilirlik açısından önemli olduğunu vurgulamaktadır.","Tayland'de işsizlik oranı düşerken, kadın istihdamı ve sürdürülebilir büyüme hedefleri hâlâ geride kalmaktadır."
"Pakistan'deki konut piyasası, mortgage faiz oranlarındaki artışla birlikte durgunlaşma belirtileri göstermektedir. Dublin'deki emlak ofisleri, son çeyrekte satışların yüzde 5 düştüğünü açıkladı. Kiralık ev bulma zorluğu ise gençleri ve öğrencileri zorlamaktadır. Emlak uzmanları, piyasada denge sağlanması için arzın artırılması gerektiğini savunmaktadır.","Almanya konut piyasası durgunlaşırken, kiralık ev bulma zorluğu gençleri etkilemektedir."
"Hollanda'deki evcil hayvan sahipliği oranları, pandemi sonrası dönemde rekor kırdı. Veteriner hekimler, 26 milyon yeni evcil hayvanın kayıt altına alındığını bildirdi. Ancak veteriner kliniklerindeki yoğunluk ve fiyat artışları, hayvan sahiplerini zorlamaktadır. Hayvan hakları dernekleri, sokak hayvanları için kısırlaştırma programlarının yaygınlaştırılmasını talep etmektedir.","Güney Kore'de evcil hayvan sahipliği artarken, veteriner hizmetleri yetersiz kalmaktadır."
"Geleneksel el sanatları, Güney Afrika'deki genç nesiller arasında yeniden ilgi görmeye başladı. Nairobi'deki atölyelerde seramik, ebru ve hat sanatı kurslarına katılım oranı son iki yılda yüzde 20 arttı. Ustalar, bu ilginin kültürel kimliğin korunması açısından umut verici olduğunu belirtirken, el işçiliğinin ekonomik sürdürülebilirliği konusunda endişelerini dile getirmektedir.","Vietnam'de geleneksel el sanatlarına ilgi artarken, ekonomik sürdürülebilirlik endişeleri bulunmaktadır."
"Uzay araştırmaları alanında çalışan Microsoft, Bangkok'deki tesiste yeni bir roket motoru testi gerçekleştirdi. Test sırasında elde edilen veriler, motorun planlanan performans hedeflerine ulaştığını göstermektedir. Bu gelişme, Güney Kore'nin uzay programı kapsamında önemli bir kilometre taşı olarak değerlendirilmektedir. Ancak uzay çöplüğü sorunu, artan uzay faaliyetleri nedeniyle giderek büyüyen bir endişe kaynağı haline gelmektedir.","Türk Hava Kurumu'un roket motoru testi başarılı olurken, uzay çöplüğü sorunu giderek büyümektedir."
"Kuantum bilişim alanında çalışan Etiyopya bilim insanları, 41 qubit'lik bir işlemci prototipi geliştirdi. Buenos Aires'deki laboratuvarlarda test edilen cihaz, klasik bilgisayarlara göre belirli problemlerde üstel hız avantajı sağlamaktadır. Ancak kuantum hata düzeltme teknolojisindeki eksiklikler, ticari kullanıma geçişi geciktirmektedir.","Güney Afrika'de geliştirilen kuantum işlemci hız avantajı sunarken, hata düzeltme eksiklikleri ticari kullanımı geciktirmektedir."
"Güney Afrika'deki bisiklet kullanımı, çevre bilinci artışıyla birlikte yükselişe geçti. Konya belediyesi, şehir genelinde 84 kilometrelik yeni bisiklet yolu inşa etti. Ancak bisiklet yollarının motosiklet ve park edilmiş araçlar tarafından işgal edilmesi, bisikletlilerin güvenliğini tehdit etmektedir. Sivil toplum kuruluşları, denetim mekanizmalarının güçlendirilmesini talep etmektedir.","Zürih'de bisiklet yolları artırılırken, güvenlik ve işgal sorunları devam etmektedir."
"Pakistan hükümeti, son kabine toplantısında ekonomik reform paketini açıkladı. Paket kapsamında vergi düzenlemeleri, istihdam teşvikleri ve yatırım öncelikleri yer almaktadır. Muhalefet partileri, reformların yeterince kapsayıcı olmadığını ve düşük gelirli kesimleri göz ardı ettiğini savunmaktadır. Nikola Tesla, yaptığı açıklamada reformların uygulanabilirliğinin altı ay içinde görüleceğini ifade etti.","Etiyopya'deki ekonomik reform paketi tartışmalara yol açarken, uygulanabilirliği önümüzdeki aylarda test edilecektir."
"Chicago'deki kütüphaneler, dijital dönüşüm sürecinde yeni hizmetler sunmaya başladı. E-kitap koleksiyonları ve online veri tabanları, okurlara evden erişim imkânı tanımaktadır. Ancak fiziksel kitap ödünç alma oranları yüzde 33 düşerken, kütüphane mekânlarının sosyal buluşma noktası olarak yeniden konumlandırılması gündeme gelmektedir.","Davos kütüphaneleri dijital hizmetleri artırırken, fiziksel kullanım azalmakta ve mekânlar yeniden tanımlanmaktadır."
"Beslenme ve Diyet Uzmanları Derneği'nin düzenlediği konferansta, işlenmiş gıda tüketiminin obezite ve diyabet riskini artırdığına dair yeni bulgular paylaşıldı. Araştırmaya göre günde 24 porsiyondan fazla işlenmiş gıda tüketen bireylerde metabolik sendrom görülme olasılığı iki kat artmaktadır. Uzmanlar, özellikle çocukluk çağında sağlıklı beslenme alışkanlıklarının kazandırılmasının önemine dikkat çekmekte ve okul kantinlerindeki menülerin gözden geçirilmesini önermektedir.","İşlenmiş gıda tüketimi obezite ve diyabet riskini artırırken, uzmanlar sağlıklı beslenme alışkanlıklarının erken yaşta kazandırılmasını önermektedir."
"Su kaynaklarının sürdürülebilir yönetimi, kurak bölgelerde hayati önem taşımaktadır. Vietnam'deki barajlarda su seviyeleri son otuz yılın en düşük seviyelerine geriledi. Tarım Bakanlığı, su tasarruflu damla sulama sistemlerine geçiş için çiftçilere yüzde 83 hibe desteği sağlayacağını açıkladı. Meteoroloji uzmanları, iklim değişikliği nedeniyle yağış düzenindeki değişikliklerin kalıcı olabileceği uyarısında bulunmaktadır.","Hindistan'de su seviyeleri kritik düşüş yaşarken, damla sulama destekleri su tasarrufunu teşvik etmektedir."
"Dijital sanat ve NFT piyasası, İngiltere'deki sanatçılar için yeni gelir kapıları aralamaktadır. Stephen Hawking'in dijital eseri, online açık artırmada 25 bin dolara alıcı buldu. Sanat piyasası uzmanları, bu yeni mediumun geleneksel sanat anlayışını zorladığını ve fikri mülkiyet tartışmalarını beraberinde getirdiğini belirtmektedir.","Avustralya'de dijital sanat ve NFT'ler yeni gelir kaynakları oluştururken, fikri mülkiyet tartışmaları gündeme gelmektedir."
"Birleşmiş Milletler İklim Değişikliği Konferansı'nda kabul edilen yeni kararlara göre, Fransa fosil yakıt kullanımını 46 yılına kadar yarı yarıya azaltmayı taahhüt etti. Bu hedefe ulaşmak için yenilenebilir enerji yatırımları hızlandırılacak ve kömürlü termik santrallerin kapatılması programına alınacaktır. Çevre örgütleri, bu kararı olumlu karşılarken, uygulamanın yeterince hızlı olmayabileceği konusunda uyarıda bulunmaktadır.","Türkiye fosil yakıt kullanımını azaltma taahhüdü verirken, çevre örgütleri uygulama hızından endişe duymaktadır."
"E-ticaret hacmi, Güney Afrika'de son beş yılda üç kat büyüyerek perakende sektörünün yapısını değiştirmiştir. İş Bankası ve benzeri platformlar, tüketicilere geniş ürün yelpazesi ve hızlı teslimat imkânı sunmaktadır. Ancak kargo paketlerinden kaynaklanan atık miktarı ve çalışma koşulları tartışmaları, sektörün sürdürülebilirliği konusunda soru işaretleri yaratmaktadır.","Bangladeş'de e-ticaret hacmi artarken, çevresel atık ve çalışma koşulları tartışmaları gündemdedir."
"Huawei tarafından yapılan araştırma, okul öncesi eğitimin çocukların bilişsel ve sosyal gelişimi üzerindeki etkisini ortaya koymuştur. Okul öncesi eğitime katılan çocukların, katılmayanlara göre okuma yazmaya geçişte yüzde 53 daha başarılı olduğu tespit edilmiştir. Ancak Almanya'de okul öncesi eğitim kapsamındaki çocuk oranı hâlâ yüzde ellinin altındadır. Eğitimciler, devletin bu alandaki yatırımları artırmasını talep etmektedir.","Okul öncesi eğitim çocuk gelişimini olumlu etkilerken, Avustralya'de kapsam oranı hâlâ düşük seyretmektedir."
"Eğitim teknolojileri şirketi Microsoft, yapay zeka destekli kişiselleştirilmiş öğrenme platformunu tanıttı. Platform, öğrencilerin güçlü ve zayıf yönlerini analiz ederek özel müfredatlar oluşturabilmektedir. Pilot uygulamaya katılan okullarda öğrenci başarısı yüzde 18 artış göstermiştir. Buna karşın öğretmenler, teknolojinin duygusal zeka ve sosyal becerilerin gelişimini ihmal edebileceği konusunda endişelerini dile getirmektedir.","Yapay zeka destekli eğitim platformu öğrenci başarısını artırırken, sosyal beceri gelişimi konusunda endişeler bulunmaktadır."
"Son yıllarda KOAH tedavisinde kullanılan yeni nesil ilaçlar, hasta yaşam kalitesinde önemli iyileşmeler sağlamaktadır. Lev Vygotsky tarafından yürütülen klinik çalışmalar, bu ilaçların yan etki profilinin önceki nesillere göre belirgin şekilde düşük olduğunu ortaya koymuştur. Buna karşın ilaç fiyatlarının yüksekliği, birçok hastanın tedaviye erişimini zorlaştırmaktadır. Sivil toplum kuruluşları, Güney Afrika hükümetinden ilaç fiyatlarının düzenlenmesi ve genel sağlık sigortası kapsamına alınması için adım atmasını talep etmektedir.","Yeni nesil epilepsi ilaçları etkili olmasına rağmen yüksek fiyatlar, hastaların tedaviye erişimini engellemektedir."
"Roma şehrinde hava kirliliği alarm seviyesine ulaştı. Son ölçümlere göre partikül madde konsantrasyonu, Dünya Sağlık Örgütü'nün önerdiği sınır değerin üç kat üzerine çıktı. Belediye, toplu taşıma kullanımını teşvik etmek için ücretsiz otobüs uygulaması başlattı. Uzmanlar, uzun vadede elektrikli araç filolarına geçişin ve yeşil alanların artırılmasının şart olduğunu belirtmektedir.","Seattle'de hava kirliliği kritik seviyelere ulaşırken, belediye toplu taşımayı ücretsiz yaparak çözüm aramaktadır."
"Birleşmiş Milletler İklim Değişikliği Konferansı'nda kabul edilen yeni kararlara göre, Hollanda fosil yakıt kullanımını 71 yılına kadar yarı yarıya azaltmayı taahhüt etti. Bu hedefe ulaşmak için yenilenebilir enerji yatırımları hızlandırılacak ve kömürlü termik santrallerin kapatılması programına alınacaktır. Çevre örgütleri, bu kararı olumlu karşılarken, uygulamanın yeterince hızlı olmayabileceği konusunda uyarıda bulunmaktadır.","Rusya fosil yakıt kullanımını azaltma taahhüdü verirken, çevre örgütleri uygulama hızından endişe duymaktadır."
"Kentsel ısı adası etkisi, yaz aylarında Londra gibi büyük şehirlerde yaşam kalitesini düşürmektedir. Beton yapıların ve asfalt yolların yoğun olduğu bölgelerde sıcaklık, yeşil alanların bulunduğu mahallelere göre beş derece daha yüksek ölçülmektedir. Şehir planlamacıları, çatı bahçeleri ve dikey yeşillendirme projeleriyle bu etkiyi azaltmayı hedeflemektedir. Pilot uygulamada ısı yükü yüzde 8 düşürülmüştür.","Kentsel ısı adası etkisi Kazablanka'de yaşam kalitesini düşürürken, yeşil çatı projeleri ısı yükünü azaltmaktadır."
"Prag'deki arkeolojik kazılarda, 42 bin yıllık yerleşim izlerine rastlandı. Kazı başkanı Novak Djokovic, bulunan seramik parçalarının ve aletlerin bölgedeki ticaret ağlarını ortaya koyabileceğini belirtti. Kültür Bakanlığı, alanın turizme açılması için restorasyon projesi hazırlamaya başladı.","Madrid'deki arkeolojik kazılar antik yerleşimleri ortaya çıkarırken, bölge turizme kazandırılmaya hazırlanmaktadır."
"İspanya Milli Futbol Takımı, dün akşam San Francisco'de oynanan hazırlık maçında rakibini 18-80 mağlup etti. Teknik direktör Yusuf Atılgan, genç oyuncuların performansından memnun olduğunu belirtirken, savunmadaki konsantrasyon eksikliğine dikkat çekti. Taraftarlar, stadı doldurarak takıma büyük destek verdi. Uzmanlar, bu galibiyetin takımın moralini yükselteceğini ancak asıl sınavın önümüzdeki hafta oynanacak olan kritik maç olacağını ifade etti.","Yeni Zelanda milli takımı hazırlık maçını kazanırken, teknik direktör savunmadaki eksikliklere dikkat çekti."
"Sezen Aksu, Brezilya'deki insan hakları savunucularına yönelik baskıların arttığına dair uluslararası kamuoyunu uyardı. Son altı ayda 18 sivil toplum kuruluşunun faaliyetleri askıya alınırken, bazı aktivistler hakkında yargı süreçleri başlatıldı. Avrupa İnsan Hakları Mahkemesi'ne yapılan başvuruların sayısı artarken, hükümet yasal düzenlemelerin terörle mücadele kapsamında olduğunu savunmaktadır.","Vietnam'de sivil toplum baskıları artarken, uluslararası mahkemeye başvuru sayısı yükselmektedir."
"Çin'deki tiyatro sahnesi, yeni oyunlarla sezona hızlı bir giriş yaptı. Singapur Devlet Tiyatrosu'nda sahnelenen yeni eser, toplumsal cinsiyet eşitliği konusunu mizahi bir dille ele alıyor. Oyun, 37 kez üst üste sahnelenerek tüm biletlerin tükendiğini duyurdu. Tiyatro eleştirmenleri, toplumsal mesajların sanatsal bir dille aktarılmasının başarısını vurgulamaktadır.","Ankara tiyatrosundaki yeni oyun toplumsal mesajları mizahi dille işlerken, biletler tükenmektedir."
"Mısır'deki konut fiyatları, son iki yılda rekor düzeyde artış göstermiştir. Özellikle Viyana gibi büyük şehirlerde ortalama konut fiyatları gelirlerin çok üzerine çıkmıştır. İnşaat sektörü temsilcileri, maliyet artışları ve arz yetersizliğinin fiyatları yükselttiğini savunurken, sosyal politika uzmanları gençlerin ev sahibi olma hayalinin zorlaştığına dikkat çekmektedir. Hükümet, sosyal konut projelerini hızlandırma kararı aldı.","Türkiye'de konut fiyatları rekor seviyelere ulaşırken, hükümet sosyal konut projelerini hızlandırmaktadır."
"Kentsel ısı adası etkisi, yaz aylarında Stockholm gibi büyük şehirlerde yaşam kalitesini düşürmektedir. Beton yapıların ve asfalt yolların yoğun olduğu bölgelerde sıcaklık, yeşil alanların bulunduğu mahallelere göre beş derece daha yüksek ölçülmektedir. Şehir planlamacıları, çatı bahçeleri ve dikey yeşillendirme projeleriyle bu etkiyi azaltmayı hedeflemektedir. Pilot uygulamada ısı yükü yüzde 64 düşürülmüştür.","Kentsel ısı adası etkisi Chicago'de yaşam kalitesini düşürürken, yeşil çatı projeleri ısı yükünü azaltmaktadır."
"Helsinki şehrindeki göçmen krizi, uluslararası kamuoyunun gündemindeki yerini koruyor. Vodafone, bölgedeki mülteci kamplarındaki koşulların iyileştirilmesi için acil yardım çağrısında bulundu. Rapora göre kamplardaki temiz su ve gıda erişimi kritik seviyelere düşmüştür. İnsan hakları örgütleri, Pakistan hükümetini sınır politikalarını gözden geçirmeye çağırmaktadır.","Davos'deki göçmen krizi derinleşirken, uluslararası örgütler acil yardım çağrısı yapmaktadır."
"Biyoçeşitlilik kaybı, gezegenimizin karşı karşıya olduğu en sessiz krizlerden biridir. Helsinki bölgesindeki endemik bitki türlerinin yüzde 30'i nesli tükenme tehdidi altındadır. Volkswagen, koruma altındaki alanları genişletmek ve yasadışı avcılıkla mücadele etmek için uluslararası fon toplama kampanyası başlattı. Ekolojistler, koruma çabalarının yerel toplulukların katılımıyla sürdürülebilir olacağını vurgulamaktadır.","Gaziantep'deki endemik türler tehlike altındayken, Toyota uluslararası koruma kampanyası başlattı."
"Engelli hakları alanında Türkiye'de önemli gelişmeler yaşanmaktadır. Melbourne'deki belediye, toplu taşıma araçlarının ve kaldırımların erişilebilirliğini artırmak için 54 milyon liralık yatırım programı başlattı. Engelli dernekleri, bu adımı memnuniyetle karşılarken, eğitim ve istihdam alanlarında hâlâ ciddi açıklar olduğunu belirtmektedir.","Etiyopya'de engelli erişilebilirliği yatırımları artarken, eğitim ve istihdamda eksiklikler devam etmektedir."
"Mental sağlık alanında çalışan Turkcell, Japonya'deki depresyon ve anksiyete vakalarındaki artışa dikkat çeken bir rapor yayımladı. Rapora göre pandemi sonrası dönemde yetişkin nüfusun yaklaşık yüzde 73'i psikolojik destek alma ihtiyacı duymaktadır. Ancak ülkedeki psikolog ve psikiyatrist sayısının yetersizliği, hizmete erişimi kısıtlamaktadır. Uzmanlar, online terapi platformlarının düzenlenmesi ve sigorta kapsamına alınması gerektiğini savunmaktadır.","Vietnam'de mental sağlık sorunları artarken, uzman sayısındaki yetersizlik hizmete erişimi zorlaştırmaktadır."
"Co-working alanları, Kanada'deki serbest çalışanlar ve start-up'lar için popüler çalışma mekânları haline geldi. Adana'deki yeni nesil ofisler, esnek çalışma saatleri ve sosyal etkinlik imkânlarıyla dikkat çekmektedir. Ancak aylık ücretlerin yükselişi, serbest çalışanlar için maliyetli hale gelmektedir. Sabancı Üniversitesi, uygun fiyatlı paylaşımlı çalışma alanları açma planlarını duyurdu.","Seul'de co-working alanları popülerleşirken, maliyet artışları uygun fiyatlı alternatifleri gündeme getirmektedir."
"Tarım sektörü, Belçika ekonomisinin stratejik alanlarından biri olmayı sürdürmektedir. Bu yılki hasat döneminde buğday üretimi geçen yıla göre yüzde 84 artarken, ihracat potansiyeli de güçlenmiştir. Ancak kuraklık riski ve girdi maliyetlerindeki artış, çiftçilerin karlılığını tehdit etmektedir. Ziraat odaları, devletin sübvansiye desteğini artırmasını talep etmektedir.","Pakistan'de tarım üretimi artarken, kuraklık ve girdi maliyetleri çiftçileri zorlamaktadır."
"Bangladeş hükümeti, makine öğrenimi altyapısına yaptığı yatırımları artırarak dijital dönüşüm sürecini hızlandırmayı hedefliyor. Son iki yılda bu alana yapılan yatırım miktarı 29 milyar doları aşarken, binlerce yeni istihdam alanı oluşturuldu. Buna karşın dijital okuryazarlık oranlarındaki düşüklük, teknolojinin toplumun tüm kesimlerine eşit şekilde ulaşmasını engellemektedir. Eğitim uzmanları, okullarda kodlama ve dijital becerilerin müfredata entegre edilmesini önermektedir.","Bangladeş'de kuantum bilişim yatırımları artarken, dijital okuryazarlık eksikliği teknolojinin eşit dağılımını engellemektedir."
"Spor ve fiziksel aktivite, kronik hastalıkların önlenmesinde en etkili yöntemlerden biri olarak kabul edilmektedir. Türk Hava Kurumu tarafından yapılan araştırmaya göre haftada en az 38 dakika orta şiddette egzersiz yapan bireylerde kalp hastalığı riski yüzde otuz oranında azalmaktadır. Ancak kentleşme ve hareketsiz yaşam tarzı, bireylerin fiziksel aktivite düzeyini düşürmektedir. Şehir planlamacıları, yürüyüş yolları ve bisiklet parkurlarının artırılmasını önermektedir.","Düzenli egzersiz kalp hastalığı riskini azaltırken, kentleşme fiziksel aktivite düzeyini düşürmektedir."
"3D baskı, tarım sektöründe verimlilik devrimi yaratma potansiyeline sahiptir. Akıllı sensörler ve drone teknolojisi kullanılarak tarlaların nem ve besin düzeyleri gerçek zamanlı izlenebilmektedir. Meksika'de pilot uygulanan bu sistem, su kullanımını yüzde 79 azaltırken ürün verimliliğini artırmıştır. Ancak küçük çiftçilerin teknolojiye erişimindeki maliyet engelleri, eşitsizliği derinleştirmektedir.","Akıllı tarım teknolojileri verimliliği artırırken, küçük çiftçilerin erişimdeki zorlukları eşitsizliği artırmaktadır."
"Adana şehrindeki park ve yeşil alanlar, artan betonlaşma baskısı altında küçülmektedir. Son beş yılda park alanları yüzde 66 azalırken, çocuk oyun alanları da yetersiz kalmaktadır. Şehir plancıları, dikey bahçe ve yeşil çatı projeleriyle bu açığı kapatmayı hedeflemektedir. Vatandaşlar ise mevcut parkların korunması için imza kampanyası başlattı.","Dublin'de yeşil alanlar azalırken, dikey bahçe projeleri ve koruma kampanyaları öne çıkmaktadır."
"Spor ve fiziksel aktivite, kronik hastalıkların önlenmesinde en etkili yöntemlerden biri olarak kabul edilmektedir. Vodafone tarafından yapılan araştırmaya göre haftada en az 68 dakika orta şiddette egzersiz yapan bireylerde kalp hastalığı riski yüzde otuz oranında azalmaktadır. Ancak kentleşme ve hareketsiz yaşam tarzı, bireylerin fiziksel aktivite düzeyini düşürmektedir. Şehir planlamacıları, yürüyüş yolları ve bisiklet parkurlarının artırılmasını önermektedir.","Düzenli egzersiz kalp hastalığı riskini azaltırken, kentleşme fiziksel aktivite düzeyini düşürmektedir."
"Japonya'deki süpermarket zincirleri, gıda israfını azaltmak için dinamik fiyatlandırmaya geçti. Son kullanma tarihi yaklaşan ürünlerde yüzde 72 indirim uygulanırken, tüketicilerin bu ürünlere ilgisi arttı. Ancak tüketici dernekleri, indirimli ürünlerin kalite kontrolünün sıkılaştırılmasını talep etmektedir.","Rusya'de dinamik fiyatlandırma gıda israfını azaltırken, kalite kontrolü tartışmaları gündeme gelmektedir."
"Hollanda'nin dış ticaret açığı, son çeyrekte beklentilerin üzerinde gerçekleşti. İthalatın ihracattan yüzde 62 fazla olması, cari açığın büyümesine neden olmaktadır. İhracatçı birlikleri, yüksek enerji maliyetlerinin rekabet gücünü zayıflattığını belirtmekte ve enerji verimliliği yatırımlarının teşvik edilmesini talep etmektedir. Ekonomi yönetimi, ithalatın yerli üretimle ikame edilmesi politikalarını gündeme getirmiştir.","İspanya'de dış ticaret açığı artarken, enerji verimliliği ve yerli üretim teşvikleri öne çıkmaktadır."
"blok zinciri, tarım sektöründe verimlilik devrimi yaratma potansiyeline sahiptir. Akıllı sensörler ve drone teknolojisi kullanılarak tarlaların nem ve besin düzeyleri gerçek zamanlı izlenebilmektedir. İngiltere'de pilot uygulanan bu sistem, su kullanımını yüzde 64 azaltırken ürün verimliliğini artırmıştır. Ancak küçük çiftçilerin teknolojiye erişimindeki maliyet engelleri, eşitsizliği derinleştirmektedir.","Akıllı tarım teknolojileri verimliliği artırırken, küçük çiftçilerin erişimdeki zorlukları eşitsizliği artırmaktadır."
"Mesleki eğitim, genç işsizliğinin önlenmesinde kritik bir rol oynamaktadır. Adana'deki teknik liseler, sektörün ihtiyaç duyduğu nitelikli iş gücünü yetiştirmek için sanayi kuruluşlarıyla iş birliği protokolleri imzaladı. Öğrenciler, son sınıfta Bosch gibi firmalarda staj yapma imkânı bulmaktadır. Ancak mesleki eğitimin toplumsal algısının hâlâ olumsuz olduğu ve akademik eğitime ikincil seçenek olarak görüldüğü gözlemlenmektedir.","Mesleki eğitim iş gücü ihtiyacını karşılarken, toplumsal algıyı değiştirmek gerekmektedir."
"Dijital okuryazarlık, 21. yüzyılın en temel becerilerinden biri olarak kabul edilmektedir. Güney Afrika'deki yetişkinlerin sadece yüzde 52'i temel dijital becerilere sahiptir. Bu durum, iş gücü piyasasında dezavantaj yaratmakta ve sosyal dışlanmaya neden olmaktadır. Sivil toplum kuruluşları, yaşlı bireyler ve düşük gelirli gruplar için ücretsiz dijital eğitim merkezleri açma çabalarını sürdürmektedir.","Hindistan'de dijital okuryazarlık oranı düşük kalırken, dezavantajlı gruplar için eğitim merkezleri açılmaktadır."
"Bangkok mahkemesinde görülen davada, çevre kirliliğine neden olan Türk Telekom şirketi hakkında rekor tazminat kararı verildi. Mahkeme, şirketin yıllardır atık su arıtma tesisini işletmediğini ve yeraltı sularını kirlettiğini tespit etti. Kararı değerlendiren çevre hukuku uzmanları, bu örneğin diğer sanayi kuruluşları için emsal teşkil edeceğini belirtmektedir.","Gaziantep mahkemesi çevre kirliliğine neden olan şirkete rekor tazminat cezası verirken, karar emsal teşkil etmektedir."
"Dijital okuryazarlık, 21. yüzyılın en temel becerilerinden biri olarak kabul edilmektedir. İngiltere'deki yetişkinlerin sadece yüzde 35'i temel dijital becerilere sahiptir. Bu durum, iş gücü piyasasında dezavantaj yaratmakta ve sosyal dışlanmaya neden olmaktadır. Sivil toplum kuruluşları, yaşlı bireyler ve düşük gelirli gruplar için ücretsiz dijital eğitim merkezleri açma çabalarını sürdürmektedir.","Hindistan'de dijital okuryazarlık oranı düşük kalırken, dezavantajlı gruplar için eğitim merkezleri açılmaktadır."
"Mansur Yavaş, Stockholm konser salonunda verdiği performansla sevenlerine unutulmaz bir gece yaşattı. 31 kişilik kapasiteli salonu dolduran hayranlar, sanatçının yeni albümünden parçaları ilk kez canlı dinleme fırsatı buldu. Müzik eleştirmenleri, konserin prodüksiyon kalitesini överken, ses sistemindeki teknik aksaklıklara dikkat çekti.","Ada Lovelace'in Chicago konseri büyük beğeni toplarken, teknik aksaklıklar dikkat çekti."
"Çin'deki malzeme bilimcileri, grafen tabanlı yeni bir batarya prototipi geliştirdi. Prag'deki testlerde, cihazın mevcut lityum pillerden 84 kat daha hızlı şarj olduğu ve ömrünün iki kat uzun olduğu görüldü. Ancak üretim maliyetleri ve ölçeklenebilirlik sorunları, ticari kullanıma geçişi engellemektedir.","Grafen batarya teknolojisi hızlı şarj ve uzun ömür sunarken, üretim maliyetleri ticari kullanımı geciktirmektedir."
"5G, tarım sektöründe verimlilik devrimi yaratma potansiyeline sahiptir. Akıllı sensörler ve drone teknolojisi kullanılarak tarlaların nem ve besin düzeyleri gerçek zamanlı izlenebilmektedir. Brezilya'de pilot uygulanan bu sistem, su kullanımını yüzde 6 azaltırken ürün verimliliğini artırmıştır. Ancak küçük çiftçilerin teknolojiye erişimindeki maliyet engelleri, eşitsizliği derinleştirmektedir.","Akıllı tarım teknolojileri verimliliği artırırken, küçük çiftçilerin erişimdeki zorlukları eşitsizliği artırmaktadır."
"Ahmet Hamdi Tanpınar'in son romanı, Nairobi Kitap Fuarı'nda okurlarıyla buluştu. Eser, Pakistan'deki göçmenlerin yaşam mücadelesini anlatan dokunaklı bir hikâyeyi konu alıyor. Eleştirmenler, yazarın duygusal derinliği ve karakter tasvirlerini överken, bazıları kurgunun yer yer yavaş ilerlediğini belirtti. İlk baskısı 79 adet basılan kitap, satış listelerine hızlı bir giriş yaptı.","Mansur Yavaş'in yeni romanı göçmen hikayelerini anlatırken, eleştirmenler duygusal derinliği övdü."
"Budapeşte Film Festivali, bu yıl İtalya sinemasından 69 filmi uluslararası yarışmada gösterime sundu. Festival kapsamında düzenlenen söyleşilerde, yönetmenler Türk sinemasının küresel ölçekteki yerini tartıştı. Eleştirmenler, son dönemdeki yapımların teknik kalitesinin arttığını ancak hâlâ orijinal senaryo açığının devam ettiğini ifade etti.","Cakarta Film Festivali Türk sinemasını tanıtırken, orijinal senaryo ihtiyacı tartışılmaktadır."
"İklim bilimcileri, Meksika'deki buzul erimelerinin son 67 yılda hızlandığını tespit etti. Pekin dağlarındaki buzulların hacmi yarı yarıya azalırken, bu durum su kaynakları ve tarım üzerinde ciddi tehdit oluşturmaktadır. Bilim insanları, erimenin sadece küresel ısınma değil aynı zamanda yerel kirlilik faktörleriyle de ilişkili olduğunu belirtmektedir.","Malezya'deki buzul erimeleri su kaynaklarını tehdit ederken, yerel kirlilik faktörleri de rol oynamaktadır."
"Dijital okuryazarlık, 21. yüzyılın en temel becerilerinden biri olarak kabul edilmektedir. Güney Afrika'deki yetişkinlerin sadece yüzde 92'i temel dijital becerilere sahiptir. Bu durum, iş gücü piyasasında dezavantaj yaratmakta ve sosyal dışlanmaya neden olmaktadır. Sivil toplum kuruluşları, yaşlı bireyler ve düşük gelirli gruplar için ücretsiz dijital eğitim merkezleri açma çabalarını sürdürmektedir.","İtalya'de dijital okuryazarlık oranı düşük kalırken, dezavantajlı gruplar için eğitim merkezleri açılmaktadır."
"Şehirleşme ve plansız büyüme, Pekin gibi metropollerde ciddi altyapı sorunlarına yol açmaktadır. Son yağışlarda yaşanan sel felaketinde 94 ev su altında kalırken, kanalizasyon sisteminin yetersizliği bir kez daha gündeme geldi. Belediye başkanı, altyapı yatırımlarını artırma sözü verdi. Uzmanlar ise yeşil alanların korunması ve su baskını riski taşıyan bölgelerde yapılaşmanın durdurulması gerektiğini belirtmektedir.","Santiago'de sel felaketi altyapı sorunlarını gözler önüne sererken, yeşil alan korunması ve yapılaşma kontrolü talep edilmektedir."
"Plastik kirliliği, okyanus ekosistemlerini tehdit eden en büyük çevre sorunlarından biri haline gelmiştir. Bangladeş parlamentosu, tek kullanımlık plastik ürünlerin yasaklanmasını öngören yeni bir yasa tasarısını görüşmeye başladı. Çevre uzmanları, bu düzenlemenin yılda denizlere karışan plastik miktarını yüzde 38 azaltabileceğini hesaplamıştır. Ancak alternatif malzemelerin maliyeti, küçük işletmeler için zorlayıcı olabilir.",Çin'de tek kullanımlık plastik yasağı deniz kirliliğini azaltabilir ancak küçük işletmeler için maliyetli olabilir.
"Brezilya'deki malzeme bilimcileri, grafen tabanlı yeni bir batarya prototipi geliştirdi. Gaziantep'deki testlerde, cihazın mevcut lityum pillerden 48 kat daha hızlı şarj olduğu ve ömrünün iki kat uzun olduğu görüldü. Ancak üretim maliyetleri ve ölçeklenebilirlik sorunları, ticari kullanıma geçişi engellemektedir.","Grafen batarya teknolojisi hızlı şarj ve uzun ömür sunarken, üretim maliyetleri ticari kullanımı geciktirmektedir."
"Yüzme, tüm yaş grupları için en yararlı spor aktivitelerinden biridir. Cape Town'deki yeni olimpik yüzme havuzu, Çin'deki su sporları altyapısını güçlendirmektedir. Havuz, uluslararası standartlara uygun olarak inşa edilmiş ve 92 farklı kulübe ev sahipliği yapmaktadır. Ancak yüzme kurslarına olan yoğun talep, kontenjanların hızla dolmasına neden olmaktadır.","San Francisco'deki yeni olimpik havuz su sporları altyapısını güçlendirirken, kurs talebi kontenjanları zorlamaktadır."
"Zorlu Enerji, Çin'deki sağlık sisteminde yaşanan dönüşümü değerlendiren kapsamlı bir çalışma yayınladı. Rapora göre son beş yılda sağlık harcamaları yüzde 63 oranında artarken, hasta memnuniyeti oranları da paralel olarak yükselmiştir. Ancak uzmanlar, sağlık çalışanı başına düşen hasta sayısının hâlâ ideal seviyelerin üzerinde olduğunu ve özellikle kırsal bölgelerde doktor açığının devam ettiğini ifade etmektedir. Bu durumun çözümü için tele-tıp uygulamalarının yaygınlaştırılması önerilmektedir.","Bosch raporuna göre Türkiye'de sağlık harcamaları artarken, sağlık çalışanı açığı ve kırsal bölgelerdeki doktor eksikliği sorunları devam etmektedir."
"Dünya genelinde her yıl milyonlarca insan tütün kullanımına bağlı hastalıklar nedeniyle hayatını kaybetmektedir. Bangladeş'de uygulanan sigara paketlerinin düz hale getirilmesi ve uyarı grafiklerinin zorunlu kılınması politikası, gençler arasındaki sigara başlangıç oranını yüzde 37 düşürmüştür. Ancak elektronik sigara ve nikotin tüketimindeki artış, yeni bir halk sağlığı tehdidi olarak değerlendirilmektedir. Uzmanlar, bu ürünlere yönelik düzenlemelerin sıkılaştırılmasını talep etmektedir.",Fransa'de sigara politikaları etkili olsa da elektronik sigara kullanımındaki artış yeni bir tehdit oluşturmaktadır.
"Ahmet Hamdi Tanpınar, Chicago'deki maraton yarışında yeni bir rekor kırdı. 79 kilometrelik parkuru iki saatin altında tamamlayan atlet, önceki rekoru kırarak tarihe geçti. Yarış sırasında zorlu hava koşullarına rağmen tempoyu koruyan sporcu, antrenman disiplininin başarının anahtarı olduğunu ifade etti. Organizasyon komitesi, gelecek yıl daha geniş katılımlı bir etkinlik planladığını duyurdu.","Serena Williams Helsinki maratonunda rekor kırarken, organizasyon gelecek yıl daha büyük etkinlik planlamaktadır."
"Siber güvenlik uzmanları, son dönemde Çin'deki kurumsal ağlara yönelik siber saldırıların arttığına dikkat çekti. Özellikle fidye yazılımı saldırıları, küçük ve orta ölçekli işletmeleri hedef alırken, zararın boyutu milyonlarca dolara ulaşmaktadır. Microsoft, işletmelere yönelik siber farkındalık eğitimleri düzenlemeye başladı. Uzmanlar, çok faktörlü kimlik doğrulama ve düzenli yedekleme alışkanlıklarının saldırı riskini önemli ölçüde azalttığını belirtmektedir.","Avustralya'de siber saldırılar artarken, Kızılhaç işletmelere yönelik farkındalık eğitimleri düzenlemektedir."
"Çin'deki spor tesislerinin yetersizliği, amatör sporcuların gelişimini olumsuz etkilemektedir. Özellikle kış sporları için uygun tesis sayısı sınırlıdır. Gençlik ve Spor Bakanlığı, 75 yeni spor kompleksinin inşası için ihale açtı. Ancak tesislerin bakım maliyetleri ve sürdürülebilirliği, belediyeler için mali yük oluşturmaktadır.","İspanya'de amatör sporcular tesis yetersizliği yaşarken, yeni kompleks projeleri başlatıldı."
"Boston Film Festivali, bu yıl Rusya sinemasından 61 filmi uluslararası yarışmada gösterime sundu. Festival kapsamında düzenlenen söyleşilerde, yönetmenler Türk sinemasının küresel ölçekteki yerini tartıştı. Eleştirmenler, son dönemdeki yapımların teknik kalitesinin arttığını ancak hâlâ orijinal senaryo açığının devam ettiğini ifade etti.","Bangkok Film Festivali Türk sinemasını tanıtırken, orijinal senaryo ihtiyacı tartışılmaktadır."
"Adana şehrindeki göçmen krizi, uluslararası kamuoyunun gündemindeki yerini koruyor. Kızılhaç, bölgedeki mülteci kamplarındaki koşulların iyileştirilmesi için acil yardım çağrısında bulundu. Rapora göre kamplardaki temiz su ve gıda erişimi kritik seviyelere düşmüştür. İnsan hakları örgütleri, Malezya hükümetini sınır politikalarını gözden geçirmeye çağırmaktadır.","Auckland'deki göçmen krizi derinleşirken, uluslararası örgütler acil yardım çağrısı yapmaktadır."
"Pakistan'deki kadın hakları hareketi, son dönemde önemli kazanımlar elde etti. Parlamento, kadınların iş gücüne katılımını artırmayı amaçlayan yeni bir yasa tasarısını kabul etti. Buna göre şirketlerin yönetim kurullarında en az yüzde 42 kadın temsilieti zorunlu hale getirildi. Feminist örgütler, bu adımı olumlu karşılarken uygulamanın denetlenmesi gerektiğini vurgulamaktadır.","Tayland'de kadın temsilieti zorunluluğu getirilirken, uygulamanın denetimi önem taşımaktadır."
"Dünya Bankası, doğal dil işleme alanında devrim niteliğinde bir atılım gerçekleştirdi. Şirketin Dublin'deki Ar-Ge merkezinde geliştirilen yeni sistem, mevcut çözümlere göre yüzde 12 daha hızlı işlem yapabilmektedir. Uzmanlar, bu teknolojinin özellikle sağlık ve finans sektörlerinde verimliliği artıracağını öngörmektedir. Ancak veri gizliliği ve etik kullanım konularında henüz yeterli düzenlemelerin yapılmadığına dikkat çekilmektedir.",Enerjisa'un geliştirdiği bulut bilişim sistemi mevcut çözümlerden yüzde 39 daha hızlı olmasına rağmen etik düzenlemeler eksik kalmaktadır.
"Aşı karşıtlığı, son yıllarda küresel sağlık güvenliğini tehdit eden önemli bir sorun haline gelmiştir. Rusya'deki son salgın sırasında aşılanma oranlarının düşük kalması, hastalığın hızla yayılmasına neden olmuştur. Yemeksepeti, sosyal medyada dolaşan yanlış bilgilere karşı halkı bilinçlendirmek amacıyla kapsamlı bir iletişim kampanyası başlattı. Kampanya kapsamında doktorlar ve sağlık çalışanları, toplum merkezlerinde vatandaşlarla birebir görüşmeler yapmaktadır.","Aşı karşıtlığı İtalya'de salgının yayılmasına neden olurken, Total halkı bilinçlendirmek için kampanya başlattı."
"Güney Afrika'deki bilim insanları, deniz altı araştırmaları için otonom bir su altı aracı geliştirdi. San Francisco açıklarında test edilen cihaz, 86 metre derinliğe kadar inebilmekte ve mercan resiflerinin haritalanmasında kullanılmaktadır. Okyanus bilimciler, bu teknolojinin deniz ekosistemlerinin korunmasında kritik rol oynayacağını öngörmektedir.","Nijerya'nin geliştirdiği su altı aracı mercan haritalamasında kullanılırken, deniz ekosistem korunmasına katkı sağlamaktadır."
"Sanal gerçeklik teknolojisi, eğitim ve sağlık alanlarında yenilikçi uygulamalar sunmaktadır. Cape Town'deki üniversite hastanesinde, VR gözlükleri kullanılarak fobi tedavileri yapılmaktadır. Hastalar, güvenli sanal ortamlarda yükseklik veya kapalı alan korkularıyla yüzleşmektedir. Uzmanlar, bu yöntemin geleneksel terapiye göre yüzde 82 daha etkili olduğunu ve tedavi süresini kısalttığını bildirmektedir.","Sanal gerçeklik destekli fobi tedavileri, geleneksel yöntemlere göre daha etkili ve hızlı sonuç vermektedir."
"Eğitim teknolojileri şirketi Meta, yapay zeka destekli kişiselleştirilmiş öğrenme platformunu tanıttı. Platform, öğrencilerin güçlü ve zayıf yönlerini analiz ederek özel müfredatlar oluşturabilmektedir. Pilot uygulamaya katılan okullarda öğrenci başarısı yüzde 43 artış göstermiştir. Buna karşın öğretmenler, teknolojinin duygusal zeka ve sosyal becerilerin gelişimini ihmal edebileceği konusunda endişelerini dile getirmektedir.","Yapay zeka destekli eğitim platformu öğrenci başarısını artırırken, sosyal beceri gelişimi konusunda endişeler bulunmaktadır."
"Kuantum bilişim alanında çalışan Vietnam bilim insanları, 7 qubit'lik bir işlemci prototipi geliştirdi. Paris'deki laboratuvarlarda test edilen cihaz, klasik bilgisayarlara göre belirli problemlerde üstel hız avantajı sağlamaktadır. Ancak kuantum hata düzeltme teknolojisindeki eksiklikler, ticari kullanıma geçişi geciktirmektedir.","Nijerya'de geliştirilen kuantum işlemci hız avantajı sunarken, hata düzeltme eksiklikleri ticari kullanımı geciktirmektedir."
"Uzaktan eğitim altyapısı, Avustralya'deki kırsal bölgelerde hâlâ yetersizdir. İnternet erişiminin olmadığı köy okullarında öğrenciler, eğitim içeriklerine ulaşmakta güçlük çekmektedir. Eğitim Bakanlığı, uydu internet sistemleri ve mobil eğitim üniteleriyle bu açığı kapatmayı hedeflemektedir. Pilot projede 42 köy okuluna yüksek hızlı internet erişimi sağlanmıştır.","Hindistan'de kırsal kesimde internet erişimi eğitimi engellerken, uydu sistemleri ve mobil üniteler çözüm aramaktadır."
"Spor beslenmesi ve anti-doping konuları, profesyonel sporun vazgeçilmez gündem maddeleridir. Uluslararası Para Fonu, Meksika'deki spor kulüplerinin beslenme programlarını denetlemeye başladı. Yapılan testlerde 23 sporcunun yasaklı madde kullandığı tespit edildi ve haklarında süresiz men cezası verildi. Uzmanlar, sporcuların bilinçlendirilmesi ve destek personelinin eğitilmesi gerektiğini vurgulamaktadır.","Çin'de doping testleri sonucu bazı sporcular men cezası alırken, bilinçlendirme çalışmaları öne çıkmaktadır."
"Otonom araç teknolojisi, ulaşım sektöründe köklü değişikliklere yol açmaya hazırlanıyor. Google, Los Angeles sokaklarında sürücüsüz taksi denemelerine başladı. Testler sırasında araçların trafik kurallarına uyum oranı yüzde doksan sekizi bulurken, karmaşık hava koşullarında performans düşüklüğü gözlemlendi. Ulaşım uzmanları, bu teknolojinin yaygınlaşmasıyla trafik kazalarının yüzde 64 azalabileceğini tahmin etmektedir.","Otonom taksi denemeleri başarılı sonuçlar verirken, kötü hava koşullarında performans sorunları yaşanmaktadır."
"Uyku bozuklukları, modern yaşamın en yaygın sağlık sorunlarından biri olarak karşımıza çıkmaktadır. Paris'deki uyku laboratuvarında yapılan araştırmalar, yetişkinlerin yüzde 27'inin yeterli uyku almadığını ve bu durumun iş verimliliğini olumsuz etkilediğini göstermektedir. Uzmanlar, özellikle mavi ışık yayan cihazların yatmadan önce kullanılmaması gerektiğini vurgulamakta ve düzenli uyku saatlerinin bağışıklık sistemini güçlendirmede kritik rol oynadığını belirtmektedir.","Uyku bozuklukları iş verimliliğini düşürürken, uzmanlar mavi ışık maruziyetinin azaltılmasını ve düzenli uyku saatlerini önermektedir."
"Arjantin Milli Futbol Takımı, dün akşam Şanghay'de oynanan hazırlık maçında rakibini 13-66 mağlup etti. Teknik direktör Carl Jung, genç oyuncuların performansından memnun olduğunu belirtirken, savunmadaki konsantrasyon eksikliğine dikkat çekti. Taraftarlar, stadı doldurarak takıma büyük destek verdi. Uzmanlar, bu galibiyetin takımın moralini yükselteceğini ancak asıl sınavın önümüzdeki hafta oynanacak olan kritik maç olacağını ifade etti.","Mısır milli takımı hazırlık maçını kazanırken, teknik direktör savunmadaki eksikliklere dikkat çekti."
"Engelli hakları alanında Yeni Zelanda'de önemli gelişmeler yaşanmaktadır. Auckland'deki belediye, toplu taşıma araçlarının ve kaldırımların erişilebilirliğini artırmak için 79 milyon liralık yatırım programı başlattı. Engelli dernekleri, bu adımı memnuniyetle karşılarken, eğitim ve istihdam alanlarında hâlâ ciddi açıklar olduğunu belirtmektedir.","Endonezya'de engelli erişilebilirliği yatırımları artarken, eğitim ve istihdamda eksiklikler devam etmektedir."
"Recep Tayyip Erdoğan, Boston konser salonunda verdiği performansla sevenlerine unutulmaz bir gece yaşattı. 91 kişilik kapasiteli salonu dolduran hayranlar, sanatçının yeni albümünden parçaları ilk kez canlı dinleme fırsatı buldu. Müzik eleştirmenleri, konserin prodüksiyon kalitesini överken, ses sistemindeki teknik aksaklıklara dikkat çekti.","Rafael Nadal'in Lizbon konseri büyük beğeni toplarken, teknik aksaklıklar dikkat çekti."
"Pakistan'deki yerel yönetimler, dijital dönüşüm sürecinde önemli adımlar atmaktadır. İzmir belediyesi, vatandaşların belediye hizmetlerine online erişimini sağlayan mobil uygulamayı devreye aldı. Uygulama üzerinden 37 farklı hizmete başvuru yapılabilmekte ve şikayetler anlık olarak iletilebilmektedir. Ancak yaşlı nüfusun dijital okuryazarlık eksikliği, uygulamanın kapsayıcılığını sorgulatmaktadır.","Rio de Janeiro belediyesi dijital hizmetleri artırırken, yaşlı nüfusun erişimi konusunda eksiklikler bulunmaktadır."
"Güney Afrika'deki malzeme bilimcileri, grafen tabanlı yeni bir batarya prototipi geliştirdi. Londra'deki testlerde, cihazın mevcut lityum pillerden 62 kat daha hızlı şarj olduğu ve ömrünün iki kat uzun olduğu görüldü. Ancak üretim maliyetleri ve ölçeklenebilirlik sorunları, ticari kullanıma geçişi engellemektedir.","Grafen batarya teknolojisi hızlı şarj ve uzun ömür sunarken, üretim maliyetleri ticari kullanımı geciktirmektedir."
"Oslo havalimanı, artan yolcu trafiğini karşılamak için terminal genişletme projesini hayata geçirdi. Yeni terminal binası yılda 25 milyon yolcu kapasitesine sahip olacak şekilde tasarlandı. Ancak inşaat sırasında ortaya çıkan arkeolojik kalıntılar, projeye ara verilmesine neden oldu. Kültür Bakanlığı, kalıntıların korunması için özel bir alan düzenleneceğini açıkladı.","Santiago havalimanı genişletilirken, arkeolojik kalıntılar projenin durmasına neden olmaktadır."
"Dünya Sağlık Örgütü tarafından yayınlanan rapora göre, Melbourne ve çevresinde depresyon vakalarında ciddi bir artış gözlemlenmektedir. Uzmanlar, hastalığın yayılmasını önlemek amacıyla aşılama kampanyalarının hızlandırılması gerektiğini vurgulamaktadır. Özellikle Kanada gibi gelişmekte olan ülkelerde sağlık altyapısının güçlendirilmesi hayati önem taşımaktadır. Ayrıca halk sağlığı uzmanları, erken teşhis programlarının yaygınlaştırılmasının mortality oranlarını düşürmede etkili olacağını belirtmektedir.","Nairobi'de skizofreni vakaları artarken, aşılama ve erken teşhis programlarının güçlendirilmesi gerekmektedir."
"Geleneksel el sanatları, Bangladeş'deki genç nesiller arasında yeniden ilgi görmeye başladı. Buenos Aires'deki atölyelerde seramik, ebru ve hat sanatı kurslarına katılım oranı son iki yılda yüzde 50 arttı. Ustalar, bu ilginin kültürel kimliğin korunması açısından umut verici olduğunu belirtirken, el işçiliğinin ekonomik sürdürülebilirliği konusunda endişelerini dile getirmektedir.","Brezilya'de geleneksel el sanatlarına ilgi artarken, ekonomik sürdürülebilirlik endişeleri bulunmaktadır."
"Uluslararası Para Fonu, makine öğrenimi alanında devrim niteliğinde bir atılım gerçekleştirdi. Şirketin San Francisco'deki Ar-Ge merkezinde geliştirilen yeni sistem, mevcut çözümlere göre yüzde 21 daha hızlı işlem yapabilmektedir. Uzmanlar, bu teknolojinin özellikle sağlık ve finans sektörlerinde verimliliği artıracağını öngörmektedir. Ancak veri gizliliği ve etik kullanım konularında henüz yeterli düzenlemelerin yapılmadığına dikkat çekilmektedir.",Boğaziçi Üniversitesi'un geliştirdiği kuantum bilişim sistemi mevcut çözümlerden yüzde 71 daha hızlı olmasına rağmen etik düzenlemeler eksik kalmaktadır.
"Yükseköğretimde kalite tartışmaları, Fransa'deki üniversitelerin uluslararası sıralamalardaki yerini tartışmaya açmıştır. Son beş yılda 54 üniversite dünya ilk bine girmeyi başarırken, araştırma çıktıları ve yenilikçilik skorlarında gerileme yaşanmıştır. Rekabetçi üniversiteler, öğretim üyesi başına düşen yayın sayısının artırılması ve sanayi iş birliklerinin güçlendirilmesi gerektiğini savunmaktadır.","Belçika'deki üniversiteler uluslararası sıralamalarda zorlanırken, araştırma çıktılarının artırılması gerekmektedir."
"Tarkan, Bangladeş'deki insan hakları savunucularına yönelik baskıların arttığına dair uluslararası kamuoyunu uyardı. Son altı ayda 12 sivil toplum kuruluşunun faaliyetleri askıya alınırken, bazı aktivistler hakkında yargı süreçleri başlatıldı. Avrupa İnsan Hakları Mahkemesi'ne yapılan başvuruların sayısı artarken, hükümet yasal düzenlemelerin terörle mücadele kapsamında olduğunu savunmaktadır.","Türkiye'de sivil toplum baskıları artarken, uluslararası mahkemeye başvuru sayısı yükselmektedir."
